student_id,name,age,gender,score,phone,city,email,date_of_join,course,attendance,status,gpa,remarks,money_spent,event_time,address_raw,profile_json,hobbies,devices,skills.tech.python,skills.tech.excel,skills.tech.sql,skills.soft,family.siblings,family.income.father,family.income.mother,addr_city,addr_district,addr_postal
1,Claudia Short,20.0,Unknown,,+998794152102,Katieland,,,Data Science,,active,3.72,good,135.0,,"Apartment 37, South Kevin district, Tashkent, UZ, 100539","{'hobbies': ['gun', 'nice'], 'skills': {'tech': {'python': 2, 'excel': 5, 'sql': 1}, 'soft': ['with', 'onto']}, 'family': {'siblings': 4, 'income': {'father': 1198, 'mother': 1089}}, 'devices': [{'type': 'laptop', 'brand': 'HP', 'year': 2021}, {'type': 'phone', 'brand': 'Xiaomi', 'year': 2021}]}","['gun', 'nice']","[{'type': 'laptop', 'brand': 'HP', 'year': 2021}, {'type': 'phone', 'brand': 'Xiaomi', 'year': 2021}]",2.0,5.0,1.0,"['with', 'onto']",4.0,1198.0,1089.0,Tashkent,South Kevin,100539
2,,20.0,Female,90.0,,Dawnburgh,psmith@chen.com,2017-08-29 00:00:00,Data Science,,active,1.88,excellent,152.0,2001-11-10 04:19:00,UZ 100332 Tashkent South Patricia,"{hobbies:['against', 'good']}",,,,,,,,,,Tashkent,,100332
3,Kathryn Moyer,20.0,Unknown,90.0,,Lake Stevenmouth,,2017-08-14 00:00:00,Data Science,,pending,,excellent,185.0,,"Wendyshire 12-kv, dom 1, Tashkent","{'hobbies': ['fast', 'clearly'], 'skills': {'tech': {'python': 5, 'excel': 3, 'sql': 1}, 'soft': ['despite', 'clearly']}, 'family': {'siblings': 1, 'income': {'father': 263, 'mother': 202}}, 'devices': [{'type': 'laptop', 'brand': 'HP', 'year': 2020}, {'type': 'phone', 'brand': 'Samsung', 'year': 2023}]}","['fast', 'clearly']","[{'type': 'laptop', 'brand': 'HP', 'year': 2020}, {'type': 'phone', 'brand': 'Samsung', 'year': 2023}]",5.0,3.0,1.0,"['despite', 'clearly']",1.0,263.0,202.0,Tashkent,,
4,Ruben Wilson,20.0,Female,81.0,,Port Pamelafort,,1973-09-17 00:00:00,Data Science,,inactive,0.0,good,175.0,,"Apartment 16, North Tamara district, Tashkent, UZ, 100097","{'hobbies': ['left', 'role'], 'skills': {'tech': {'python': 3, 'excel': 5, 'sql': 1}, 'soft': ['full', 'series']}, 'family': {'siblings': 4, 'income': {'father': 508, 'mother': 698}}, 'devices': [{'type': 'laptop', 'brand': 'Lenovo', 'year': 2020}, {'type': 'phone', 'brand': 'Samsung', 'year': 2024}]}","['left', 'role']","[{'type': 'laptop', 'brand': 'Lenovo', 'year': 2020}, {'type': 'phone', 'brand': 'Samsung', 'year': 2024}]",3.0,5.0,1.0,"['full', 'series']",4.0,508.0,698.0,Tashkent,North Tamara,100097
5,Robert Pruitt,20.0,Female,,+998563102803,Kingburgh,,2023-11-25 00:00:00,Data Science,,pending,4.37,average,282.0,2013-10-13 00:00:00,"BROKEN,ADDRESS,DATA,,,","{'hobbies': ['sort', 'science'], 'skills': {'tech': {'python': 1, 'excel': 4, 'sql': 1}, 'soft': ['whose', 'save']}, 'family': {'siblings': 3, 'income': {'father': 862, 'mother': 1058}}, 'devices': [{'type': 'laptop', 'brand': 'Lenovo', 'year': 2023}, {'type': 'phone', 'brand': 'Apple', 'year': 2022}]}","['sort', 'science']","[{'type': 'laptop', 'brand': 'Lenovo', 'year': 2023}, {'type': 'phone', 'brand': 'Apple', 'year': 2022}]",1.0,4.0,1.0,"['whose', 'save']",3.0,862.0,1058.0,,,
6,David Martinez,20.0,Male,90.0,+998286016937,Hugheshaven,nathangibbs@hotmail.com,,Data Science,110.0,pending,15.5,average,85.0,1983-04-30 01:46:36,"Apartment 42, North Jamesfurt district, Tashkent, UZ, 100551","{hobbies:['order', 'keep']}",,,,,,,,,,Tashkent,North Jamesfurt,100551
7,,18.0,Female,71.0,+998809283134,Sharpfurt,,1982-01-16 00:00:00,Data Science,,active,0.0,excellent,275.0,2004-11-19 23:42:00,"Lake Tracishire 29-kv, dom 8, Tashkent","{'hobbies': ['fall', 'teacher'], 'skills': {'tech': {'python': 4, 'excel': 1, 'sql': 4}, 'soft': ['teacher', 'good']}, 'family': {'siblings': 3, 'income': {'father': 1270, 'mother': 931}}, 'devices': [{'type': 'laptop', 'brand': 'HP', 'year': 2018}, {'type': 'phone', 'brand': 'Xiaomi', 'year': 2023}]}","['fall', 'teacher']","[{'type': 'laptop', 'brand': 'HP', 'year': 2018}, {'type': 'phone', 'brand': 'Xiaomi', 'year': 2023}]",4.0,1.0,4.0,"['teacher', 'good']",3.0,1270.0,931.0,Tashkent,,
8,Nicholas Dennis,21.0,Female,90.0,+998091556011,Matthewfort,,2000-06-26 00:00:00,Python,63.0,active,4.5,excellent,135.0,1978-09-23 00:00:00,"70576 Butler Harbor Suite 847, Janetberg",INVALID_JSON_DATA,,,,,,,,,,Other,,
9,,20.0,Female,77.0,+998549645423,South Paulchester,stacysmith@taylor.biz,2000-03-15 00:00:00,Data Science,110.0,active,15.5,excellent,104.0,1995-10-20 00:00:00,"Williamsborough 2-kv, dom 18, Tashkent","{'hobbies': ['require', 'open'], 'skills': {'tech': {'python': 1, 'excel': 5, 'sql': 4}, 'soft': ['partner', 'walk']}, 'family': {'siblings': 0, 'income': {'father': 850, 'mother': 1062}}, 'devices': [{'type': 'laptop', 'brand': 'Dell', 'year': 2019}, {'type': 'phone', 'brand': 'Apple', 'year': 2020}]}","['require', 'open']","[{'type': 'laptop', 'brand': 'Dell', 'year': 2019}, {'type': 'phone', 'brand': 'Apple', 'year': 2020}]",1.0,5.0,4.0,"['partner', 'walk']",0.0,850.0,1062.0,Tashkent,,
10,Elizabeth Villegas,22.0,Female,,+998744760583,South Dianatown,,2013-02-11 07:12:29,Data Science,99.0,inactive,3.7,average,215.0,2014-12-16 06:44:51,"BROKEN,ADDRESS,DATA,,,","{'hobbies': ['management', 'to'], 'skills': {'tech': {'python': 1, 'excel': 1, 'sql': 4}, 'soft': ['beat', 'southern']}, 'family': {'siblings': 3, 'income': {'father': 597, 'mother': 1150}}, 'devices': [{'type': 'laptop', 'brand': 'Dell', 'year': 2016}, {'type': 'phone', 'brand': 'Xiaomi', 'year': 2023}]}","['management', 'to']","[{'type': 'laptop', 'brand': 'Dell', 'year': 2016}, {'type': 'phone', 'brand': 'Xiaomi', 'year': 2023}]",1.0,1.0,4.0,"['beat', 'southern']",3.0,597.0,1150.0,,,
11,Shawn Baker,19.0,Unknown,,+998868509629,Zhangstad,,2025-06-10 00:00:00,Data Science,110.0,active,3.7,excellent,183.0,2001-06-06 05:29:47,"Apartment 34, North Samantha district, Tashkent, UZ, 100659",INVALID_JSON_DATA,,,,,,,,,,Tashkent,North Samantha,100659
12,,18.0,Female,71.0,,Austinside,,2013-01-14 19:16:00,Other,110.0,inactive,-2.0,average,208.0,2003-05-27 00:00:00,"Apartment 13, Morrismouth district, Tashkent, UZ, 100315","{hobbies:['forward', 'like']}",,,,,,,,,,Tashkent,Morrismouth,100315
13,,19.0,Female,90.0,+998736311916,Lesliefurt,,2014-12-24 00:00:00,Data Science,110.0,inactive,4.5,excellent,84.0,2010-11-21 00:00:00,"Frankchester 9-kv, dom 20, Tashkent",INVALID_JSON_DATA,,,,,,,,,,Tashkent,,
14,Thomas Prince,20.0,Unknown,,,East Michellestad,aphillips@holland-diaz.org,2012-02-09 00:00:00,Other,114.0,inactive,15.5,excellent,210.0,2013-05-14 00:00:00,UZ 100394 Tashkent Stevensborough,"{hobbies:['understand', 'become']}",,,,,,,,,,Tashkent,,100394
15,,21.0,Male,73.0,,Michellebury,kevin65@maxwell.info,1971-03-17 08:30:18,Python,110.0,pending,3.7,good,191.0,1984-10-29 14:14:47,"Davidborough 9-kv, dom 29, Tashkent",INVALID_JSON_DATA,,,,,,,,,,Tashkent,,
16,Adrian Allen,20.0,Female,,,Antoniobury,,1999-08-29 00:00:00,Other,110.0,pending,3.7,excellent,53.0,1983-10-13 00:00:00,"1965 Jacobs Branch Apt. 418, Timburgh","{'hobbies': ['partner', 'race'], 'skills': {'tech': {'python': 4, 'excel': 4, 'sql': 4}, 'soft': ['onto', 'owner']}, 'family': {'siblings': 3, 'income': {'father': 798, 'mother': 626}}, 'devices': [{'type': 'laptop', 'brand': 'Dell', 'year': 2019}, {'type': 'phone', 'brand': 'Apple', 'year': 2022}]}","['partner', 'race']","[{'type': 'laptop', 'brand': 'Dell', 'year': 2019}, {'type': 'phone', 'brand': 'Apple', 'year': 2022}]",4.0,4.0,4.0,"['onto', 'owner']",3.0,798.0,626.0,Other,,
17,Stephen Lyons,19.0,Unknown,76.0,,New Adam,,2009-10-13 02:20:00,Data Science,110.0,active,4.5,good,110.0,1984-12-04 09:17:45,UZ 100399 Tashkent Joehaven,"{'hobbies': ['nothing', 'community'], 'skills': {'tech': {'python': 1, 'excel': 1, 'sql': 5}, 'soft': ['wear', 'will']}, 'family': {'siblings': 1, 'income': {'father': 772, 'mother': 498}}, 'devices': [{'type': 'laptop', 'brand': 'Lenovo', 'year': 2023}, {'type': 'phone', 'brand': 'Apple', 'year': 2021}]}","['nothing', 'community']","[{'type': 'laptop', 'brand': 'Lenovo', 'year': 2023}, {'type': 'phone', 'brand': 'Apple', 'year': 2021}]",1.0,1.0,5.0,"['wear', 'will']",1.0,772.0,498.0,Tashkent,,100399
18,Zachary Lyons,18.0,Male,68.0,+998425525722,Chenport,,2003-09-25 00:00:00,Data Science,110.0,inactive,4.5,average,138.0,1997-08-27 00:00:00,"Apartment 22, Port Kevin district, Tashkent, UZ, 100106",INVALID_JSON_DATA,,,,,,,,,,Tashkent,Port Kevin,100106
19,,20.0,Female,50.0,+998790996883,West Danaville,,1974-02-20 00:00:00,Data Science,110.0,active,3.05,excellent,66.0,1976-05-07 00:00:00,"BROKEN,ADDRESS,DATA,,,",INVALID_JSON_DATA,,,,,,,,,,,,
20,Anthony Hardy,20.0,Male,90.0,+998287301241,Kimport,,1973-05-20 19:05:00,Data Science,65.0,pending,4.5,excellent,218.0,,"Masontown 10-kv, dom 21, Tashkent","{'hobbies': ['certainly', 'defense'], 'skills': {'tech': {'python': 5, 'excel': 2, 'sql': 4}, 'soft': ['medical', 'quality']}, 'family': {'siblings': 4, 'income': {'father': 1220, 'mother': 1220}}, 'devices': [{'type': 'laptop', 'brand': 'Lenovo', 'year': 2018}, {'type': 'phone', 'brand': 'Apple', 'year': 2019}]}","['certainly', 'defense']","[{'type': 'laptop', 'brand': 'Lenovo', 'year': 2018}, {'type': 'phone', 'brand': 'Apple', 'year': 2019}]",5.0,2.0,4.0,"['medical', 'quality']",4.0,1220.0,1220.0,Tashkent,,
21,Hector Beltran,20.0,Male,52.0,,North Harry,preid@hotmail.com,2010-02-02 00:00:00,Data Science,110.0,active,15.5,good,153.0,1983-03-31 17:15:15,"BROKEN,ADDRESS,DATA,,,",INVALID_JSON_DATA,,,,,,,,,,,,
22,Tara Nguyen,22.0,Unknown,73.0,+998742999225,Brittanychester,,2000-06-04 17:46:54,Other,78.0,inactive,4.5,excellent,174.0,2020-11-26 00:00:00,UZ 100063 Tashkent Lake Shaneland,"{'hobbies': ['create', 'accept'], 'skills': {'tech': {'python': 1, 'excel': 3, 'sql': 1}, 'soft': ['new', 'manager']}, 'family': {'siblings': 3, 'income': {'father': 1140, 'mother': 1117}}, 'devices': [{'type': 'laptop', 'brand': 'Dell', 'year': 2016}, {'type': 'phone', 'brand': 'Xiaomi', 'year': 2018}]}","['create', 'accept']","[{'type': 'laptop', 'brand': 'Dell', 'year': 2016}, {'type': 'phone', 'brand': 'Xiaomi', 'year': 2018}]",1.0,3.0,1.0,"['new', 'manager']",3.0,1140.0,1117.0,Tashkent,,100063
23,Jessica Robinson,22.0,Male,90.0,+998093768300,Jonesfurt,,2010-05-10 12:48:00,Data Science,81.0,inactive,3.7,good,261.0,2005-06-09 00:00:00,"0451 James Cliffs Suite 725, Wagnermouth","{hobbies:['type', 'beautiful']}",,,,,,,,,,Other,,
24,Latoya Williams,18.0,Male,60.0,,North Ashleyborough,,2021-08-06 11:33:00,Data Science,110.0,pending,3.7,excellent,148.0,,"0258 Sean Keys Apt. 380, Kevinfort","{'hobbies': ['step', 'section'], 'skills': {'tech': {'python': 1, 'excel': 5, 'sql': 3}, 'soft': ['beat', 'popular']}, 'family': {'siblings': 0, 'income': {'father': 1376, 'mother': 871}}, 'devices': [{'type': 'laptop', 'brand': 'Dell', 'year': 2022}, {'type': 'phone', 'brand': 'Xiaomi', 'year': 2019}]}","['step', 'section']","[{'type': 'laptop', 'brand': 'Dell', 'year': 2022}, {'type': 'phone', 'brand': 'Xiaomi', 'year': 2019}]",1.0,5.0,3.0,"['beat', 'popular']",0.0,1376.0,871.0,Other,,
25,,21.0,Unknown,90.0,,Donnaview,,2025-03-08 00:00:00,Data Science,,pending,15.5,excellent,135.0,2000-07-16 13:07:00,"06462 Buck Springs Apt. 169, North Lisa","{'hobbies': ['phone', 'consider'], 'skills': {'tech': {'python': 1, 'excel': 3, 'sql': 2}, 'soft': ['must', 'around']}, 'family': {'siblings': 0, 'income': {'father': 1453, 'mother': 206}}, 'devices': [{'type': 'laptop', 'brand': 'Lenovo', 'year': 2019}, {'type': 'phone', 'brand': 'Xiaomi', 'year': 2020}]}","['phone', 'consider']","[{'type': 'laptop', 'brand': 'Lenovo', 'year': 2019}, {'type': 'phone', 'brand': 'Xiaomi', 'year': 2020}]",1.0,3.0,2.0,"['must', 'around']",0.0,1453.0,206.0,Other,,
26,,21.0,Female,90.0,,Harrisbury,,,Data Science,96.0,pending,15.5,good,299.0,2001-02-12 00:00:00,"Apartment 20, Lake Crystal district, Tashkent, UZ, 100119","{'hobbies': ['tough', 'role'], 'skills': {'tech': {'python': 3, 'excel': 1, 'sql': 2}, 'soft': ['south', 'his']}, 'family': {'siblings': 1, 'income': {'father': 623, 'mother': 577}}, 'devices': [{'type': 'laptop', 'brand': 'Dell', 'year': 2022}, {'type': 'phone', 'brand': 'Apple', 'year': 2019}]}","['tough', 'role']","[{'type': 'laptop', 'brand': 'Dell', 'year': 2022}, {'type': 'phone', 'brand': 'Apple', 'year': 2019}]",3.0,1.0,2.0,"['south', 'his']",1.0,623.0,577.0,Tashkent,Lake Crystal,100119
27,Emily Cummings,22.0,Female,59.0,,East Dariuston,,,Python,,inactive,1.18,average,245.0,2000-12-24 00:42:00,"Apartment 27, South David district, Tashkent, UZ, 100696","{""hobbies"": [""billion"", ""feeling""], ""skills"": {""tech"": {""python"": 3, ""excel"": 1, ""sql"": 3}, ""soft"": [""thought"", ""particularly""]}, ""family"": {""siblings"": 4, ""income"": {""father"": 303, ""mother"": 1245}}, ""devices"": [{""type"": ""laptop"", ""brand"": ""Lenovo"", ""year"": 2023}, {""type"": ""phone"", ""brand"": ""Samsung"", ""year"": 2023}]}","['billion', 'feeling']","[{'type': 'laptop', 'brand': 'Lenovo', 'year': 2023}, {'type': 'phone', 'brand': 'Samsung', 'year': 2023}]",3.0,1.0,3.0,"['thought', 'particularly']",4.0,303.0,1245.0,Tashkent,South David,100696
28,Brandy Powell,20.0,Unknown,87.0,+998302929740,Oconnellburgh,,2000-07-27 00:00:00,Other,107.0,inactive,,excellent,285.0,2014-07-31 11:40:00,"BROKEN,ADDRESS,DATA,,,","{'hobbies': ['energy', 'however'], 'skills': {'tech': {'python': 2, 'excel': 1, 'sql': 3}, 'soft': ['either', 'plan']}, 'family': {'siblings': 4, 'income': {'father': 1105, 'mother': 1106}}, 'devices': [{'type': 'laptop', 'brand': 'Lenovo', 'year': 2023}, {'type': 'phone', 'brand': 'Samsung', 'year': 2022}]}","['energy', 'however']","[{'type': 'laptop', 'brand': 'Lenovo', 'year': 2023}, {'type': 'phone', 'brand': 'Samsung', 'year': 2022}]",2.0,1.0,3.0,"['either', 'plan']",4.0,1105.0,1106.0,,,
29,,21.0,Male,88.0,+998102921287,West Rachel,elizabeth49@yahoo.com,2014-09-19 00:00:00,Data Science,,inactive,,,295.0,1992-05-20 00:00:00,"241 Sarah Spring, Bridgetton",INVALID_JSON_DATA,,,,,,,,,,Other,,
30,Jaime Rowe,,Female,69.0,+998929598929,Shepardmouth,eolson@carr.net,1972-01-29 01:01:06,Data Science,64.0,pending,3.7,average,294.0,,"Port Robertstad 16-kv, dom 50, Tashkent","{'hobbies': ['woman', 'wear'], 'skills': {'tech': {'python': 4, 'excel': 5, 'sql': 3}, 'soft': ['reduce', 'than']}, 'family': {'siblings': 4, 'income': {'father': 1291, 'mother': 913}}, 'devices': [{'type': 'laptop', 'brand': 'Lenovo', 'year': 2024}, {'type': 'phone', 'brand': 'Xiaomi', 'year': 2019}]}","['woman', 'wear']","[{'type': 'laptop', 'brand': 'Lenovo', 'year': 2024}, {'type': 'phone', 'brand': 'Xiaomi', 'year': 2019}]",4.0,5.0,3.0,"['reduce', 'than']",4.0,1291.0,913.0,Tashkent,,
31,Brianna Castro,21.0,Unknown,90.0,,East Regina,,2007-10-13 09:29:00,Data Science,110.0,pending,-2.0,average,63.0,1970-09-12 00:00:00,"BROKEN,ADDRESS,DATA,,,",INVALID_JSON_DATA,,,,,,,,,,,,
32,April Johnson,20.0,Male,90.0,+998548293587,Andersontown,,,Other,110.0,active,-2.0,good,289.0,2022-04-21 06:18:32,"Apartment 42, Christineburgh district, Tashkent, UZ, 100686","{'hobbies': ['material', 'relate'], 'skills': {'tech': {'python': 5, 'excel': 3, 'sql': 3}, 'soft': ['against', 'history']}, 'family': {'siblings': 4, 'income': {'father': 1124, 'mother': 1323}}, 'devices': [{'type': 'laptop', 'brand': 'Dell', 'year': 2023}, {'type': 'phone', 'brand': 'Apple', 'year': 2018}]}","['material', 'relate']","[{'type': 'laptop', 'brand': 'Dell', 'year': 2023}, {'type': 'phone', 'brand': 'Apple', 'year': 2018}]",5.0,3.0,3.0,"['against', 'history']",4.0,1124.0,1323.0,Tashkent,Christineburgh,100686
33,Joyce Franklin,20.0,Female,60.0,+998905816281,South Brittany,,2000-06-29 21:16:26,Data Science,66.0,inactive,15.5,excellent,57.0,1982-05-31 00:00:00,"New Antonio 12-kv, dom 41, Tashkent","{""hobbies"": [""run"", ""case""], ""skills"": {""tech"": {""python"": 4, ""excel"": 2, ""sql"": 3}, ""soft"": [""rock"", ""never""]}, ""family"": {""siblings"": 4, ""income"": {""father"": 1009, ""mother"": 1369}}, ""devices"": [{""type"": ""laptop"", ""brand"": ""Dell"", ""year"": 2022}, {""type"": ""phone"", ""brand"": ""Xiaomi"", ""year"": 2020}]}","['run', 'case']","[{'type': 'laptop', 'brand': 'Dell', 'year': 2022}, {'type': 'phone', 'brand': 'Xiaomi', 'year': 2020}]",4.0,2.0,3.0,"['rock', 'never']",4.0,1009.0,1369.0,Tashkent,,
34,,20.0,Female,,,Hillmouth,,1983-05-24 00:00:00,Data Science,67.0,active,3.7,excellent,172.0,1975-06-08 00:00:00,UZ 100883 Tashkent West Michaelport,"{'hobbies': ['decide', 'least'], 'skills': {'tech': {'python': 5, 'excel': 5, 'sql': 2}, 'soft': ['mouth', 'laugh']}, 'family': {'siblings': 4, 'income': {'father': 763, 'mother': 1393}}, 'devices': [{'type': 'laptop', 'brand': 'HP', 'year': 2019}, {'type': 'phone', 'brand': 'Samsung', 'year': 2020}]}","['decide', 'least']","[{'type': 'laptop', 'brand': 'HP', 'year': 2019}, {'type': 'phone', 'brand': 'Samsung', 'year': 2020}]",5.0,5.0,2.0,"['mouth', 'laugh']",4.0,763.0,1393.0,Tashkent,,100883
35,,22.0,Female,,+998303522091,North Maryfort,,2008-01-25 20:03:00,Data Science,110.0,pending,-2.0,,136.0,1998-08-30 02:53:00,UZ 100652 Tashkent Lake Donaldton,INVALID_JSON_DATA,,,,,,,,,,Tashkent,,100652
36,,22.0,Unknown,87.0,+998778251647,North Gerald,,2018-11-11 00:00:00,Python,110.0,inactive,15.5,average,202.0,2024-12-18 00:00:00,"North Amy 11-kv, dom 49, Tashkent","{""hobbies"": [""stay"", ""even""], ""skills"": {""tech"": {""python"": 3, ""excel"": 5, ""sql"": 3}, ""soft"": [""generation"", ""group""]}, ""family"": {""siblings"": 1, ""income"": {""father"": 219, ""mother"": 1344}}, ""devices"": [{""type"": ""laptop"", ""brand"": ""Dell"", ""year"": 2017}, {""type"": ""phone"", ""brand"": ""Apple"", ""year"": 2021}]}","['stay', 'even']","[{'type': 'laptop', 'brand': 'Dell', 'year': 2017}, {'type': 'phone', 'brand': 'Apple', 'year': 2021}]",3.0,5.0,3.0,"['generation', 'group']",1.0,219.0,1344.0,Tashkent,,
37,Jeremy Fry,18.0,Female,90.0,+998025622965,New Kent,mccoyandrew@yahoo.com,,Data Science,110.0,pending,4.5,average,157.0,1971-02-04 00:00:00,"Apartment 49, New Ian district, Tashkent, UZ, 100606","{hobbies:['score', 'bar']}",,,,,,,,,,Tashkent,New Ian,100606
38,Christopher Sosa,20.0,Male,90.0,+998481737665,New Aliceland,,2022-08-12 00:00:00,Other,67.0,active,,excellent,242.0,1970-02-17 19:58:04,"Apartment 22, Youngton district, Tashkent, UZ, 100192","{""hobbies"": [""art"", ""learn""], ""skills"": {""tech"": {""python"": 3, ""excel"": 2, ""sql"": 3}, ""soft"": [""write"", ""alone""]}, ""family"": {""siblings"": 2, ""income"": {""father"": 1354, ""mother"": 448}}, ""devices"": [{""type"": ""laptop"", ""brand"": ""Lenovo"", ""year"": 2024}, {""type"": ""phone"", ""brand"": ""Samsung"", ""year"": 2020}]}","['art', 'learn']","[{'type': 'laptop', 'brand': 'Lenovo', 'year': 2024}, {'type': 'phone', 'brand': 'Samsung', 'year': 2020}]",3.0,2.0,3.0,"['write', 'alone']",2.0,1354.0,448.0,Tashkent,Youngton,100192
39,David Duke,20.0,Female,,+998266776949,Harrishaven,,2004-09-26 00:00:00,Python,110.0,active,,excellent,159.0,2022-05-25 01:20:33,UZ 100766 Tashkent Port William,"{hobbies:['challenge', 'trouble']}",,,,,,,,,,Tashkent,,100766
40,Sara Page,20.0,Female,71.0,,West William,edgar27@phillips-martin.info,,Python,110.0,inactive,,,140.0,1993-10-06 00:00:00,"73317 Timothy Port Suite 163, Dicksonbury","{""hobbies"": [""imagine"", ""middle""], ""skills"": {""tech"": {""python"": 3, ""excel"": 4, ""sql"": 4}, ""soft"": [""begin"", ""movement""]}, ""family"": {""siblings"": 5, ""income"": {""father"": 270, ""mother"": 255}}, ""devices"": [{""type"": ""laptop"", ""brand"": ""Lenovo"", ""year"": 2020}, {""type"": ""phone"", ""brand"": ""Apple"", ""year"": 2021}]}","['imagine', 'middle']","[{'type': 'laptop', 'brand': 'Lenovo', 'year': 2020}, {'type': 'phone', 'brand': 'Apple', 'year': 2021}]",3.0,4.0,4.0,"['begin', 'movement']",5.0,270.0,255.0,Other,,
41,,19.0,Male,,,West Georgefort,,1975-12-17 00:00:00,Data Science,,active,15.5,average,225.0,,"4613 Robert Cliff Suite 875, South Leslie","{""hobbies"": [""particular"", ""turn""], ""skills"": {""tech"": {""python"": 1, ""excel"": 4, ""sql"": 2}, ""soft"": [""trip"", ""toward""]}, ""family"": {""siblings"": 5, ""income"": {""father"": 1364, ""mother"": 1312}}, ""devices"": [{""type"": ""laptop"", ""brand"": ""HP"", ""year"": 2017}, {""type"": ""phone"", ""brand"": ""Xiaomi"", ""year"": 2019}]}","['particular', 'turn']","[{'type': 'laptop', 'brand': 'HP', 'year': 2017}, {'type': 'phone', 'brand': 'Xiaomi', 'year': 2019}]",1.0,4.0,2.0,"['trip', 'toward']",5.0,1364.0,1312.0,Other,,
42,Mark Smith,,Male,90.0,,West Morganchester,,1980-12-09 00:00:00,Data Science,81.0,inactive,-2.0,excellent,255.0,1980-06-06 03:12:08,"Apartment 17, Port Kristopherberg district, Tashkent, UZ, 100563",INVALID_JSON_DATA,,,,,,,,,,Tashkent,Port Kristopherberg,100563
43,Amanda Myers,19.0,Female,90.0,+998981153243,North Christopherborough,,,Data Science,110.0,pending,-2.0,average,140.0,1990-02-09 05:03:04,UZ 100515 Tashkent North Joseph,"{'hobbies': ['professional', 'necessary'], 'skills': {'tech': {'python': 5, 'excel': 4, 'sql': 2}, 'soft': ['recent', 'tend']}, 'family': {'siblings': 1, 'income': {'father': 1134, 'mother': 1304}}, 'devices': [{'type': 'laptop', 'brand': 'Dell', 'year': 2018}, {'type': 'phone', 'brand': 'Apple', 'year': 2021}]}","['professional', 'necessary']","[{'type': 'laptop', 'brand': 'Dell', 'year': 2018}, {'type': 'phone', 'brand': 'Apple', 'year': 2021}]",5.0,4.0,2.0,"['recent', 'tend']",1.0,1134.0,1304.0,Tashkent,,100515
44,Eric George,18.0,Male,93.0,,Nathanborough,,,Other,,inactive,,good,205.0,,UZ 100297 Tashkent North Candace,"{hobbies:['official', 'begin']}",,,,,,,,,,Tashkent,,100297
45,,20.0,Unknown,83.0,,Duncanfort,,,Data Science,110.0,active,0.0,excellent,135.0,2022-11-21 00:00:00,"Annahaven 19-kv, dom 3, Tashkent","{'hobbies': ['finish', 'true'], 'skills': {'tech': {'python': 4, 'excel': 2, 'sql': 2}, 'soft': ['enter', 'response']}, 'family': {'siblings': 5, 'income': {'father': 778, 'mother': 355}}, 'devices': [{'type': 'laptop', 'brand': 'Lenovo', 'year': 2021}, {'type': 'phone', 'brand': 'Xiaomi', 'year': 2022}]}","['finish', 'true']","[{'type': 'laptop', 'brand': 'Lenovo', 'year': 2021}, {'type': 'phone', 'brand': 'Xiaomi', 'year': 2022}]",4.0,2.0,2.0,"['enter', 'response']",5.0,778.0,355.0,Tashkent,,
46,Brandi Jones,20.0,Male,,,Ramirezborough,lawrence93@robinson-davis.com,1989-02-03 04:53:00,Data Science,92.0,inactive,15.5,,172.0,1975-05-22 00:00:00,"BROKEN,ADDRESS,DATA,,,","{""hobbies"": [""raise"", ""let""], ""skills"": {""tech"": {""python"": 1, ""excel"": 5, ""sql"": 2}, ""soft"": [""tell"", ""compare""]}, ""family"": {""siblings"": 3, ""income"": {""father"": 209, ""mother"": 1191}}, ""devices"": [{""type"": ""laptop"", ""brand"": ""Dell"", ""year"": 2016}, {""type"": ""phone"", ""brand"": ""Apple"", ""year"": 2021}]}","['raise', 'let']","[{'type': 'laptop', 'brand': 'Dell', 'year': 2016}, {'type': 'phone', 'brand': 'Apple', 'year': 2021}]",1.0,5.0,2.0,"['tell', 'compare']",3.0,209.0,1191.0,,,
47,John Robinson,19.0,Unknown,51.0,,Port Tracy,wallacerandy@bradshaw.com,,Data Science,,active,15.5,average,166.0,1994-04-25 00:00:00,UZ 100626 Tashkent East Williamport,"{'hobbies': ['above', 'even'], 'skills': {'tech': {'python': 3, 'excel': 2, 'sql': 5}, 'soft': ['minute', 'view']}, 'family': {'siblings': 4, 'income': {'father': 1127, 'mother': 1111}}, 'devices': [{'type': 'laptop', 'brand': 'HP', 'year': 2020}, {'type': 'phone', 'brand': 'Apple', 'year': 2022}]}","['above', 'even']","[{'type': 'laptop', 'brand': 'HP', 'year': 2020}, {'type': 'phone', 'brand': 'Apple', 'year': 2022}]",3.0,2.0,5.0,"['minute', 'view']",4.0,1127.0,1111.0,Tashkent,,100626
48,Suzanne Meyer,20.0,Male,95.0,,South Joshua,bartlettchristy@perez-strickland.com,1972-09-21 00:00:00,Data Science,110.0,active,,,144.0,1976-01-20 00:00:00,"6637 Michelle Unions Apt. 959, Erikfort","{'hobbies': ['do', 'property'], 'skills': {'tech': {'python': 3, 'excel': 1, 'sql': 4}, 'soft': ['parent', 'raise']}, 'family': {'siblings': 1, 'income': {'father': 709, 'mother': 1006}}, 'devices': [{'type': 'laptop', 'brand': 'Dell', 'year': 2015}, {'type': 'phone', 'brand': 'Apple', 'year': 2024}]}","['do', 'property']","[{'type': 'laptop', 'brand': 'Dell', 'year': 2015}, {'type': 'phone', 'brand': 'Apple', 'year': 2024}]",3.0,1.0,4.0,"['parent', 'raise']",1.0,709.0,1006.0,Other,,
49,,18.0,Female,90.0,+998718094741,Lake Michael,,,Data Science,81.0,active,-2.0,average,225.0,1992-09-19 00:00:00,"00607 Alvarez Circles Suite 553, North Benjamin","{hobbies:['wonder', 'strong']}",,,,,,,,,,Other,,
50,Justin Wong,18.0,Female,90.0,+998991771999,Travisfort,,1970-02-03 13:13:00,Other,110.0,active,3.7,average,164.0,1995-02-16 00:00:00,"Apartment 28, East Andrew district, Tashkent, UZ, 100090","{'hobbies': ['decide', 'continue'], 'skills': {'tech': {'python': 4, 'excel': 4, 'sql': 3}, 'soft': ['these', 'could']}, 'family': {'siblings': 3, 'income': {'father': 204, 'mother': 506}}, 'devices': [{'type': 'laptop', 'brand': 'Lenovo', 'year': 2016}, {'type': 'phone', 'brand': 'Samsung', 'year': 2024}]}","['decide', 'continue']","[{'type': 'laptop', 'brand': 'Lenovo', 'year': 2016}, {'type': 'phone', 'brand': 'Samsung', 'year': 2024}]",4.0,4.0,3.0,"['these', 'could']",3.0,204.0,506.0,Tashkent,East Andrew,100090
51,James Davis,20.0,Female,61.0,,New Emilyshire,,2014-02-09 00:00:00,Data Science,,inactive,3.7,average,132.0,1995-04-07 00:00:00,UZ 100391 Tashkent Lake Amy,"{hobbies:['prove', 'central']}",,,,,,,,,,Tashkent,,100391
52,Mitchell Conway,19.0,Female,63.0,+998709119906,Lake Louis,,1994-06-13 04:13:00,Data Science,,inactive,-2.0,,205.0,,"BROKEN,ADDRESS,DATA,,,","{""hobbies"": [""painting"", ""tough""], ""skills"": {""tech"": {""python"": 4, ""excel"": 5, ""sql"": 2}, ""soft"": [""hour"", ""series""]}, ""family"": {""siblings"": 3, ""income"": {""father"": 543, ""mother"": 1003}}, ""devices"": [{""type"": ""laptop"", ""brand"": ""Dell"", ""year"": 2015}, {""type"": ""phone"", ""brand"": ""Apple"", ""year"": 2020}]}","['painting', 'tough']","[{'type': 'laptop', 'brand': 'Dell', 'year': 2015}, {'type': 'phone', 'brand': 'Apple', 'year': 2020}]",4.0,5.0,2.0,"['hour', 'series']",3.0,543.0,1003.0,,,
53,,20.0,Female,88.0,+998911185301,West Lindsayview,dclark@boyd.info,2012-06-25 00:00:00,Other,110.0,inactive,3.7,average,251.0,1990-03-31 00:00:00,UZ 100232 Tashkent Annabury,"{hobbies:['least', 'question']}",,,,,,,,,,Tashkent,,100232
54,Heather Moreno,19.0,Female,83.0,+998828905514,South Jasmine,,2025-07-25 00:00:00,Data Science,,pending,,excellent,221.0,2024-01-16 00:00:00,"Christown 6-kv, dom 20, Tashkent","{""hobbies"": [""leave"", ""effect""], ""skills"": {""tech"": {""python"": 3, ""excel"": 5, ""sql"": 5}, ""soft"": [""six"", ""reduce""]}, ""family"": {""siblings"": 1, ""income"": {""father"": 581, ""mother"": 302}}, ""devices"": [{""type"": ""laptop"", ""brand"": ""Dell"", ""year"": 2020}, {""type"": ""phone"", ""brand"": ""Apple"", ""year"": 2020}]}","['leave', 'effect']","[{'type': 'laptop', 'brand': 'Dell', 'year': 2020}, {'type': 'phone', 'brand': 'Apple', 'year': 2020}]",3.0,5.0,5.0,"['six', 'reduce']",1.0,581.0,302.0,Tashkent,,
55,Todd Moore,21.0,Male,,+998223014006,Richardview,schmidtregina@gmail.com,1999-04-29 21:01:29,Data Science,110.0,inactive,0.0,excellent,51.0,1998-03-22 03:51:00,"Apartment 40, West Davidhaven district, Tashkent, UZ, 100291","{hobbies:['save', 'most']}",,,,,,,,,,Tashkent,West Davidhaven,100291
56,,21.0,Female,90.0,,Katelynton,dominguezerin@solis.org,,Other,,inactive,4.5,,298.0,1980-07-14 00:00:00,"Apartment 42, South Charles district, Tashkent, UZ, 100904","{'hobbies': ['where', 'game'], 'skills': {'tech': {'python': 4, 'excel': 2, 'sql': 1}, 'soft': ['per', 'detail']}, 'family': {'siblings': 1, 'income': {'father': 602, 'mother': 1380}}, 'devices': [{'type': 'laptop', 'brand': 'Lenovo', 'year': 2019}, {'type': 'phone', 'brand': 'Samsung', 'year': 2022}]}","['where', 'game']","[{'type': 'laptop', 'brand': 'Lenovo', 'year': 2019}, {'type': 'phone', 'brand': 'Samsung', 'year': 2022}]",4.0,2.0,1.0,"['per', 'detail']",1.0,602.0,1380.0,Tashkent,South Charles,100904
57,Ashley Lowe,20.0,Female,90.0,+998006715583,Robertshire,zvargas@chapman.org,2025-02-08 09:46:00,Data Science,,inactive,,average,236.0,2023-01-02 00:00:00,"87807 Kayla Glens, Autumnmouth",INVALID_JSON_DATA,,,,,,,,,,Other,,
58,Eric Holmes,18.0,Male,57.0,+998219273279,West Tricia,,2001-03-13 12:56:00,Data Science,80.0,pending,15.5,excellent,160.0,2020-05-21 00:00:00,"682 Vasquez Expressway Suite 699, West Nicolechester","{'hobbies': ['recognize', 'between'], 'skills': {'tech': {'python': 5, 'excel': 2, 'sql': 2}, 'soft': ['image', 'leg']}, 'family': {'siblings': 5, 'income': {'father': 1178, 'mother': 1209}}, 'devices': [{'type': 'laptop', 'brand': 'Lenovo', 'year': 2021}, {'type': 'phone', 'brand': 'Xiaomi', 'year': 2020}]}","['recognize', 'between']","[{'type': 'laptop', 'brand': 'Lenovo', 'year': 2021}, {'type': 'phone', 'brand': 'Xiaomi', 'year': 2020}]",5.0,2.0,2.0,"['image', 'leg']",5.0,1178.0,1209.0,Other,,
59,Nathan Melendez,20.0,Female,75.0,+998671082545,Wheelerport,,1971-06-20 00:00:00,Data Science,,active,4.5,average,65.0,1970-09-19 00:00:00,"Apartment 9, Laurabury district, Tashkent, UZ, 100798","{hobbies:['offer', 'president']}",,,,,,,,,,Tashkent,Laurabury,100798
60,Brett Cabrera,20.0,Unknown,90.0,,Port Carlos,,,Data Science,,active,15.5,excellent,121.0,1972-01-29 00:00:00,"East Elizabethhaven 9-kv, dom 15, Tashkent",INVALID_JSON_DATA,,,,,,,,,,Tashkent,,
61,William Moore,20.0,Female,93.0,+998428357188,Port Juanland,,2010-05-07 00:00:00,Data Science,,inactive,3.2,average,50.0,1983-06-05 05:46:56,"6258 Gordon Road, Smithshire","{'hobbies': ['painting', 'kid'], 'skills': {'tech': {'python': 1, 'excel': 4, 'sql': 2}, 'soft': ['fill', 'growth']}, 'family': {'siblings': 5, 'income': {'father': 964, 'mother': 1178}}, 'devices': [{'type': 'laptop', 'brand': 'Lenovo', 'year': 2017}, {'type': 'phone', 'brand': 'Samsung', 'year': 2024}]}","['painting', 'kid']","[{'type': 'laptop', 'brand': 'Lenovo', 'year': 2017}, {'type': 'phone', 'brand': 'Samsung', 'year': 2024}]",1.0,4.0,2.0,"['fill', 'growth']",5.0,964.0,1178.0,Other,,
62,Margaret Lopez,20.0,Male,90.0,+998810051067,East Caitlinfurt,,1980-02-04 04:04:00,Other,106.0,active,4.07,,183.0,,"BROKEN,ADDRESS,DATA,,,","{'hobbies': ['others', 'one'], 'skills': {'tech': {'python': 3, 'excel': 5, 'sql': 2}, 'soft': ['enjoy', 'test']}, 'family': {'siblings': 5, 'income': {'father': 946, 'mother': 741}}, 'devices': [{'type': 'laptop', 'brand': 'HP', 'year': 2024}, {'type': 'phone', 'brand': 'Samsung', 'year': 2018}]}","['others', 'one']","[{'type': 'laptop', 'brand': 'HP', 'year': 2024}, {'type': 'phone', 'brand': 'Samsung', 'year': 2018}]",3.0,5.0,2.0,"['enjoy', 'test']",5.0,946.0,741.0,,,
63,William Olsen,22.0,Female,90.0,+998891183975,East Sophia,,1995-11-13 00:00:00,Data Science,,inactive,3.72,excellent,138.0,1999-04-21 00:00:00,"9057 Griffin Heights, Rasmussenside",INVALID_JSON_DATA,,,,,,,,,,Other,,
64,,19.0,Female,90.0,,Christopherborough,,2014-12-15 00:00:00,Python,,active,4.5,good,97.0,2011-04-16 00:00:00,"BROKEN,ADDRESS,DATA,,,","{""hobbies"": [""stock"", ""management""], ""skills"": {""tech"": {""python"": 3, ""excel"": 5, ""sql"": 1}, ""soft"": [""move"", ""bar""]}, ""family"": {""siblings"": 3, ""income"": {""father"": 786, ""mother"": 987}}, ""devices"": [{""type"": ""laptop"", ""brand"": ""HP"", ""year"": 2020}, {""type"": ""phone"", ""brand"": ""Samsung"", ""year"": 2018}]}","['stock', 'management']","[{'type': 'laptop', 'brand': 'HP', 'year': 2020}, {'type': 'phone', 'brand': 'Samsung', 'year': 2018}]",3.0,5.0,1.0,"['move', 'bar']",3.0,786.0,987.0,,,
65,Randall Heath,18.0,Male,90.0,+998736033101,Deleonside,,,Other,65.0,pending,4.5,average,105.0,1985-10-02 00:00:00,"Apartment 7, Lutzfort district, Tashkent, UZ, 100220","{""hobbies"": [""position"", ""stuff""], ""skills"": {""tech"": {""python"": 3, ""excel"": 4, ""sql"": 1}, ""soft"": [""two"", ""economy""]}, ""family"": {""siblings"": 5, ""income"": {""father"": 527, ""mother"": 408}}, ""devices"": [{""type"": ""laptop"", ""brand"": ""HP"", ""year"": 2021}, {""type"": ""phone"", ""brand"": ""Xiaomi"", ""year"": 2023}]}","['position', 'stuff']","[{'type': 'laptop', 'brand': 'HP', 'year': 2021}, {'type': 'phone', 'brand': 'Xiaomi', 'year': 2023}]",3.0,4.0,1.0,"['two', 'economy']",5.0,527.0,408.0,Tashkent,Lutzfort,100220
66,,20.0,Male,90.0,+998149895033,North Markbury,nrichard@carney.com,2012-03-29 00:00:00,Data Science,99.0,inactive,4.5,average,274.0,2016-12-24 09:42:22,"67890 Conrad Walks, East Tannermouth","{'hobbies': ['shake', 'behind'], 'skills': {'tech': {'python': 3, 'excel': 4, 'sql': 5}, 'soft': ['what', 'happy']}, 'family': {'siblings': 5, 'income': {'father': 1227, 'mother': 564}}, 'devices': [{'type': 'laptop', 'brand': 'Dell', 'year': 2017}, {'type': 'phone', 'brand': 'Apple', 'year': 2019}]}","['shake', 'behind']","[{'type': 'laptop', 'brand': 'Dell', 'year': 2017}, {'type': 'phone', 'brand': 'Apple', 'year': 2019}]",3.0,4.0,5.0,"['what', 'happy']",5.0,1227.0,564.0,Other,,
67,Ashley Mills,,Female,90.0,,Youngside,,2012-07-27 00:00:00,Data Science,,pending,,excellent,276.0,1991-06-04 04:44:47,"BROKEN,ADDRESS,DATA,,,","{""hobbies"": [""share"", ""fly""], ""skills"": {""tech"": {""python"": 2, ""excel"": 5, ""sql"": 3}, ""soft"": [""floor"", ""question""]}, ""family"": {""siblings"": 0, ""income"": {""father"": 1427, ""mother"": 1378}}, ""devices"": [{""type"": ""laptop"", ""brand"": ""Lenovo"", ""year"": 2017}, {""type"": ""phone"", ""brand"": ""Xiaomi"", ""year"": 2022}]}","['share', 'fly']","[{'type': 'laptop', 'brand': 'Lenovo', 'year': 2017}, {'type': 'phone', 'brand': 'Xiaomi', 'year': 2022}]",2.0,5.0,3.0,"['floor', 'question']",0.0,1427.0,1378.0,,,
68,John Rosario,18.0,Female,82.0,+998559929289,Belindabury,,1971-07-20 08:45:22,Data Science,,inactive,-2.0,good,190.0,1990-08-02 14:57:53,"Apartment 1, North Adammouth district, Tashkent, UZ, 100059","{'hobbies': ['result', 'current'], 'skills': {'tech': {'python': 3, 'excel': 1, 'sql': 4}, 'soft': ['return', 'address']}, 'family': {'siblings': 5, 'income': {'father': 1037, 'mother': 1043}}, 'devices': [{'type': 'laptop', 'brand': 'HP', 'year': 2021}, {'type': 'phone', 'brand': 'Apple', 'year': 2022}]}","['result', 'current']","[{'type': 'laptop', 'brand': 'HP', 'year': 2021}, {'type': 'phone', 'brand': 'Apple', 'year': 2022}]",3.0,1.0,4.0,"['return', 'address']",5.0,1037.0,1043.0,Tashkent,North Adammouth,100059
69,,21.0,Unknown,,,Jenniferfort,,,Data Science,109.0,inactive,,average,209.0,2001-08-11 00:00:00,"BROKEN,ADDRESS,DATA,,,",INVALID_JSON_DATA,,,,,,,,,,,,
70,,18.0,Female,66.0,+998598796579,Lake Josephville,nathaniel54@lloyd.biz,2002-10-31 12:03:00,Data Science,110.0,pending,4.5,excellent,88.0,2012-06-13 19:49:00,"Port Lisa 17-kv, dom 46, Tashkent","{'hobbies': ['ahead', 'force'], 'skills': {'tech': {'python': 5, 'excel': 1, 'sql': 1}, 'soft': ['where', 'responsibility']}, 'family': {'siblings': 5, 'income': {'father': 658, 'mother': 561}}, 'devices': [{'type': 'laptop', 'brand': 'Lenovo', 'year': 2022}, {'type': 'phone', 'brand': 'Apple', 'year': 2023}]}","['ahead', 'force']","[{'type': 'laptop', 'brand': 'Lenovo', 'year': 2022}, {'type': 'phone', 'brand': 'Apple', 'year': 2023}]",5.0,1.0,1.0,"['where', 'responsibility']",5.0,658.0,561.0,Tashkent,,
71,Robert Hayes,,Male,,+998562362942,Tabithafurt,teresa05@collins.biz,,Other,63.0,pending,,excellent,103.0,1996-09-27 00:00:00,"Benitezmouth 14-kv, dom 38, Tashkent","{""hobbies"": [""lead"", ""toward""], ""skills"": {""tech"": {""python"": 1, ""excel"": 2, ""sql"": 3}, ""soft"": [""through"", ""water""]}, ""family"": {""siblings"": 5, ""income"": {""father"": 494, ""mother"": 1415}}, ""devices"": [{""type"": ""laptop"", ""brand"": ""HP"", ""year"": 2018}, {""type"": ""phone"", ""brand"": ""Xiaomi"", ""year"": 2019}]}","['lead', 'toward']","[{'type': 'laptop', 'brand': 'HP', 'year': 2018}, {'type': 'phone', 'brand': 'Xiaomi', 'year': 2019}]",1.0,2.0,3.0,"['through', 'water']",5.0,494.0,1415.0,Tashkent,,
72,William Weiss,,Female,78.0,+998361875307,Williamfort,,,Data Science,,active,15.5,,57.0,1977-11-15 00:00:00,"313 Ayala Point, East Nicholas",INVALID_JSON_DATA,,,,,,,,,,Other,,
73,,18.0,Female,90.0,,Smithville,scampbell@mendez.biz,1993-12-18 00:00:00,Other,,inactive,3.19,good,117.0,2001-05-06 00:00:00,"BROKEN,ADDRESS,DATA,,,","{hobbies:['majority', 'week']}",,,,,,,,,,,,
74,Brandi Reed,18.0,Male,90.0,,Port Randallberg,,1990-09-05 00:00:00,Python,89.0,pending,3.7,excellent,176.0,2013-07-28 22:26:51,"BROKEN,ADDRESS,DATA,,,",INVALID_JSON_DATA,,,,,,,,,,,,
75,,22.0,Female,98.0,+998936950828,East Shelly,lsmith@gmail.com,,Other,,active,2.71,average,200.0,2006-03-02 10:39:00,"BROKEN,ADDRESS,DATA,,,","{""hobbies"": [""dark"", ""exist""], ""skills"": {""tech"": {""python"": 5, ""excel"": 1, ""sql"": 4}, ""soft"": [""store"", ""position""]}, ""family"": {""siblings"": 0, ""income"": {""father"": 294, ""mother"": 207}}, ""devices"": [{""type"": ""laptop"", ""brand"": ""Lenovo"", ""year"": 2021}, {""type"": ""phone"", ""brand"": ""Samsung"", ""year"": 2019}]}","['dark', 'exist']","[{'type': 'laptop', 'brand': 'Lenovo', 'year': 2021}, {'type': 'phone', 'brand': 'Samsung', 'year': 2019}]",5.0,1.0,4.0,"['store', 'position']",0.0,294.0,207.0,,,
76,Anthony Hendricks,,Unknown,,+998166147591,Figueroamouth,,2000-07-19 00:00:00,Data Science,110.0,inactive,,,117.0,,UZ 100760 Tashkent Millermouth,"{hobbies:['particular', 'lead']}",,,,,,,,,,Tashkent,,100760
77,Alexa Sanders,21.0,Male,73.0,+998477475643,Lake Randymouth,johnsonchelsea@yahoo.com,1986-12-20 00:00:00,Data Science,,active,0.0,excellent,256.0,2021-07-18 00:00:00,"034 Cooley Way, East Ian",INVALID_JSON_DATA,,,,,,,,,,Other,,
78,,18.0,Male,95.0,,Romeroville,,2017-12-25 12:00:00,Other,,active,4.5,good,217.0,1989-02-04 00:00:00,"BROKEN,ADDRESS,DATA,,,",INVALID_JSON_DATA,,,,,,,,,,,,
79,Garrett Taylor,20.0,Female,,+998539429066,Martinezfort,,2005-11-18 17:34:28,Data Science,89.0,active,0.0,excellent,225.0,1974-11-07 16:09:00,UZ 100510 Tashkent Andrewmouth,INVALID_JSON_DATA,,,,,,,,,,Tashkent,,100510
80,Brandy Gray,19.0,Male,90.0,+998676642283,Andrewborough,ballen@barber-saunders.com,1986-04-11 00:00:00,Data Science,105.0,active,4.49,average,266.0,2025-07-12 00:00:00,UZ 100622 Tashkent Aarontown,"{hobbies:['back', 'carry']}",,,,,,,,,,Tashkent,,100622
81,Donna Scott,19.0,Female,,+998366003596,Lake Timfort,alicia71@robles.com,1996-11-30 17:12:35,Data Science,110.0,active,-2.0,excellent,65.0,2015-03-29 18:51:00,UZ 100720 Tashkent Lake Hollytown,"{hobbies:['participant', 'spring']}",,,,,,,,,,Tashkent,,100720
82,Karen Baker MD,,Female,60.0,,Kristinabury,paul48@brown.com,1974-09-10 00:00:00,Data Science,110.0,active,3.7,average,68.0,,UZ 100855 Tashkent Lake Tyler,"{'hobbies': ['garden', 'possible'], 'skills': {'tech': {'python': 1, 'excel': 4, 'sql': 4}, 'soft': ['after', 'similar']}, 'family': {'siblings': 4, 'income': {'father': 349, 'mother': 536}}, 'devices': [{'type': 'laptop', 'brand': 'Dell', 'year': 2019}, {'type': 'phone', 'brand': 'Samsung', 'year': 2022}]}","['garden', 'possible']","[{'type': 'laptop', 'brand': 'Dell', 'year': 2019}, {'type': 'phone', 'brand': 'Samsung', 'year': 2022}]",1.0,4.0,4.0,"['after', 'similar']",4.0,349.0,536.0,Tashkent,,100855
83,,18.0,Female,90.0,+998387607654,Ayershaven,,1995-04-15 05:21:46,Data Science,102.0,inactive,15.5,good,172.0,2000-09-03 00:00:00,"Apartment 18, Tarafurt district, Tashkent, UZ, 100739","{'hobbies': ['actually', 'commercial'], 'skills': {'tech': {'python': 1, 'excel': 3, 'sql': 5}, 'soft': ['example', 'defense']}, 'family': {'siblings': 1, 'income': {'father': 1111, 'mother': 456}}, 'devices': [{'type': 'laptop', 'brand': 'HP', 'year': 2023}, {'type': 'phone', 'brand': 'Apple', 'year': 2023}]}","['actually', 'commercial']","[{'type': 'laptop', 'brand': 'HP', 'year': 2023}, {'type': 'phone', 'brand': 'Apple', 'year': 2023}]",1.0,3.0,5.0,"['example', 'defense']",1.0,1111.0,456.0,Tashkent,Tarafurt,100739
84,Michael Jenkins,18.0,Female,68.0,+998135870913,New Brenda,mcolon@gmail.com,2002-11-25 00:00:00,Data Science,110.0,inactive,-2.0,average,284.0,2008-04-09 00:00:00,"BROKEN,ADDRESS,DATA,,,","{'hobbies': ['collection', 'single'], 'skills': {'tech': {'python': 4, 'excel': 4, 'sql': 1}, 'soft': ['expect', 'fall']}, 'family': {'siblings': 5, 'income': {'father': 675, 'mother': 1465}}, 'devices': [{'type': 'laptop', 'brand': 'Dell', 'year': 2020}, {'type': 'phone', 'brand': 'Apple', 'year': 2019}]}","['collection', 'single']","[{'type': 'laptop', 'brand': 'Dell', 'year': 2020}, {'type': 'phone', 'brand': 'Apple', 'year': 2019}]",4.0,4.0,1.0,"['expect', 'fall']",5.0,675.0,1465.0,,,
85,,21.0,Male,75.0,+998768844761,New Nicoleside,,1996-10-08 21:47:00,Data Science,,inactive,-2.0,excellent,95.0,1994-05-31 00:00:00,"33084 Williams Point, Jesusborough","{hobbies:['trial', 'place']}",,,,,,,,,,Other,,
86,Mario Ramirez,22.0,Unknown,90.0,,Deannachester,,,Other,110.0,pending,0.0,,111.0,1984-03-09 07:06:32,"BROKEN,ADDRESS,DATA,,,","{hobbies:['buy', 'now']}",,,,,,,,,,,,
87,Kyle Doyle,20.0,Female,,,Powersland,,2001-11-27 00:00:00,Data Science,,inactive,,,66.0,2016-05-02 00:00:00,"South Jacobview 25-kv, dom 42, Tashkent","{'hobbies': ['example', 'break'], 'skills': {'tech': {'python': 3, 'excel': 4, 'sql': 3}, 'soft': ['PM', 'structure']}, 'family': {'siblings': 4, 'income': {'father': 491, 'mother': 426}}, 'devices': [{'type': 'laptop', 'brand': 'Lenovo', 'year': 2024}, {'type': 'phone', 'brand': 'Xiaomi', 'year': 2018}]}","['example', 'break']","[{'type': 'laptop', 'brand': 'Lenovo', 'year': 2024}, {'type': 'phone', 'brand': 'Xiaomi', 'year': 2018}]",3.0,4.0,3.0,"['PM', 'structure']",4.0,491.0,426.0,Tashkent,,
88,Hannah Montes,21.0,Unknown,,,South Thomas,,2008-07-18 06:10:35,Other,68.0,active,3.81,,110.0,,UZ 100240 Tashkent Charlesshire,"{'hobbies': ['dream', 'forward'], 'skills': {'tech': {'python': 5, 'excel': 5, 'sql': 2}, 'soft': ['like', 'clear']}, 'family': {'siblings': 5, 'income': {'father': 626, 'mother': 1045}}, 'devices': [{'type': 'laptop', 'brand': 'Dell', 'year': 2018}, {'type': 'phone', 'brand': 'Apple', 'year': 2023}]}","['dream', 'forward']","[{'type': 'laptop', 'brand': 'Dell', 'year': 2018}, {'type': 'phone', 'brand': 'Apple', 'year': 2023}]",5.0,5.0,2.0,"['like', 'clear']",5.0,626.0,1045.0,Tashkent,,100240
89,James Weaver,22.0,Female,,+998800269976,West Jonathan,,2000-04-09 11:39:29,Python,110.0,pending,,,149.0,,"Apartment 8, South Christina district, Tashkent, UZ, 100031","{'hobbies': ['anything', 'catch'], 'skills': {'tech': {'python': 1, 'excel': 2, 'sql': 2}, 'soft': ['like', 'how']}, 'family': {'siblings': 4, 'income': {'father': 503, 'mother': 394}}, 'devices': [{'type': 'laptop', 'brand': 'Dell', 'year': 2019}, {'type': 'phone', 'brand': 'Apple', 'year': 2020}]}","['anything', 'catch']","[{'type': 'laptop', 'brand': 'Dell', 'year': 2019}, {'type': 'phone', 'brand': 'Apple', 'year': 2020}]",1.0,2.0,2.0,"['like', 'how']",4.0,503.0,394.0,Tashkent,South Christina,100031
90,Johnny Nguyen,20.0,Male,,,West Henrymouth,sherrimanning@gmail.com,2004-08-30 00:00:00,Other,,inactive,4.5,excellent,288.0,2003-03-15 05:06:48,"BROKEN,ADDRESS,DATA,,,","{hobbies:['water', 'hot']}",,,,,,,,,,,,
91,Barry Cooper,,Female,82.0,+998760178005,Georgeshire,,2018-05-23 00:00:00,Other,,active,2.48,excellent,283.0,1997-11-24 00:00:00,"Apartment 15, North Nicholas district, Tashkent, UZ, 100716",INVALID_JSON_DATA,,,,,,,,,,Tashkent,North Nicholas,100716
92,Peter Rogers,18.0,Female,,,Tonytown,,1971-12-22 21:02:00,Other,,active,4.5,excellent,260.0,1997-07-15 00:00:00,"East Joshuaton 6-kv, dom 44, Tashkent",INVALID_JSON_DATA,,,,,,,,,,Tashkent,,
93,Samantha Garcia,20.0,Female,,,Port Jeremyburgh,,,Data Science,89.0,pending,,excellent,195.0,2017-01-31 00:00:00,"BROKEN,ADDRESS,DATA,,,","{hobbies:['doctor', 'set']}",,,,,,,,,,,,
94,,21.0,Female,,,West Bryanburgh,,2015-09-14 00:00:00,Other,110.0,pending,3.72,good,51.0,1995-10-29 00:00:00,"3646 Micheal Place, Port Douglas","{'hobbies': ['fly', 'me'], 'skills': {'tech': {'python': 5, 'excel': 1, 'sql': 3}, 'soft': ['ago', 'per']}, 'family': {'siblings': 2, 'income': {'father': 1215, 'mother': 272}}, 'devices': [{'type': 'laptop', 'brand': 'HP', 'year': 2022}, {'type': 'phone', 'brand': 'Xiaomi', 'year': 2020}]}","['fly', 'me']","[{'type': 'laptop', 'brand': 'HP', 'year': 2022}, {'type': 'phone', 'brand': 'Xiaomi', 'year': 2020}]",5.0,1.0,3.0,"['ago', 'per']",2.0,1215.0,272.0,Other,,
95,,19.0,Male,82.0,,Leechester,,2012-11-23 00:00:00,Data Science,,pending,4.44,good,144.0,1987-03-21 11:08:51,"BROKEN,ADDRESS,DATA,,,","{hobbies:['avoid', 'consumer']}",,,,,,,,,,,,
96,Joel Cantrell,18.0,Female,91.0,+998687229572,Duncanshire,john55@cox-horne.org,1984-10-14 00:00:00,Other,110.0,inactive,15.5,average,295.0,1971-02-21 00:00:00,"902 Wiggins Mill, East Susan","{""hobbies"": [""skill"", ""continue""], ""skills"": {""tech"": {""python"": 1, ""excel"": 5, ""sql"": 4}, ""soft"": [""actually"", ""condition""]}, ""family"": {""siblings"": 3, ""income"": {""father"": 1454, ""mother"": 391}}, ""devices"": [{""type"": ""laptop"", ""brand"": ""HP"", ""year"": 2023}, {""type"": ""phone"", ""brand"": ""Apple"", ""year"": 2020}]}","['skill', 'continue']","[{'type': 'laptop', 'brand': 'HP', 'year': 2023}, {'type': 'phone', 'brand': 'Apple', 'year': 2020}]",1.0,5.0,4.0,"['actually', 'condition']",3.0,1454.0,391.0,Other,,
97,,19.0,Female,,,Port Donald,,1985-11-17 11:43:00,Other,,pending,3.7,excellent,106.0,1973-10-17 05:45:10,UZ 100535 Tashkent South Jasonfurt,"{hobbies:['throw', 'security']}",,,,,,,,,,Tashkent,,100535
98,Kathy Massey,20.0,Female,,+998844684408,Eddiefort,,1978-04-22 07:43:00,Data Science,110.0,inactive,3.7,average,251.0,2002-05-04 00:00:00,UZ 100126 Tashkent South Teresafurt,INVALID_JSON_DATA,,,,,,,,,,Tashkent,,100126
99,Christopher Williams,22.0,Male,,+998363137124,Meganfort,,,Data Science,110.0,active,-2.0,average,265.0,1992-01-07 00:00:00,"BROKEN,ADDRESS,DATA,,,","{'hobbies': ['never', 'agent'], 'skills': {'tech': {'python': 5, 'excel': 4, 'sql': 3}, 'soft': ['necessary', 'billion']}, 'family': {'siblings': 2, 'income': {'father': 1201, 'mother': 1493}}, 'devices': [{'type': 'laptop', 'brand': 'Lenovo', 'year': 2024}, {'type': 'phone', 'brand': 'Xiaomi', 'year': 2024}]}","['never', 'agent']","[{'type': 'laptop', 'brand': 'Lenovo', 'year': 2024}, {'type': 'phone', 'brand': 'Xiaomi', 'year': 2024}]",5.0,4.0,3.0,"['necessary', 'billion']",2.0,1201.0,1493.0,,,
100,,18.0,Female,91.0,+998864132941,West Jacqueline,,,Data Science,114.0,pending,3.7,excellent,145.0,,UZ 100196 Tashkent West Dawnport,"{'hobbies': ['Mrs', 'director'], 'skills': {'tech': {'python': 4, 'excel': 1, 'sql': 2}, 'soft': ['need', 'relationship']}, 'family': {'siblings': 4, 'income': {'father': 281, 'mother': 791}}, 'devices': [{'type': 'laptop', 'brand': 'Dell', 'year': 2015}, {'type': 'phone', 'brand': 'Xiaomi', 'year': 2022}]}","['Mrs', 'director']","[{'type': 'laptop', 'brand': 'Dell', 'year': 2015}, {'type': 'phone', 'brand': 'Xiaomi', 'year': 2022}]",4.0,1.0,2.0,"['need', 'relationship']",4.0,281.0,791.0,Tashkent,,100196
101,Sharon Rodriguez,18.0,Male,93.0,,Tammytown,,1990-05-01 02:46:14,Other,110.0,pending,4.5,excellent,169.0,2009-11-18 03:15:00,"4414 Jessica Mountains Apt. 231, Evansfort","{'hobbies': ['watch', 'movement'], 'skills': {'tech': {'python': 4, 'excel': 5, 'sql': 4}, 'soft': ['morning', 'garden']}, 'family': {'siblings': 3, 'income': {'father': 1483, 'mother': 283}}, 'devices': [{'type': 'laptop', 'brand': 'HP', 'year': 2018}, {'type': 'phone', 'brand': 'Samsung', 'year': 2022}]}","['watch', 'movement']","[{'type': 'laptop', 'brand': 'HP', 'year': 2018}, {'type': 'phone', 'brand': 'Samsung', 'year': 2022}]",4.0,5.0,4.0,"['morning', 'garden']",3.0,1483.0,283.0,Other,,
102,Gary Allison,18.0,Female,,+998007128211,Michaelmouth,,1985-09-26 10:21:00,Python,110.0,pending,-2.0,good,261.0,2007-12-22 20:55:40,"BROKEN,ADDRESS,DATA,,,","{'hobbies': ['always', 'wife'], 'skills': {'tech': {'python': 2, 'excel': 3, 'sql': 1}, 'soft': ['several', 'federal']}, 'family': {'siblings': 5, 'income': {'father': 744, 'mother': 1338}}, 'devices': [{'type': 'laptop', 'brand': 'Dell', 'year': 2016}, {'type': 'phone', 'brand': 'Samsung', 'year': 2020}]}","['always', 'wife']","[{'type': 'laptop', 'brand': 'Dell', 'year': 2016}, {'type': 'phone', 'brand': 'Samsung', 'year': 2020}]",2.0,3.0,1.0,"['several', 'federal']",5.0,744.0,1338.0,,,
103,Barbara Goodman,20.0,Female,90.0,,West Sergiochester,emilycarson@hotmail.com,,Data Science,,pending,0.0,excellent,189.0,1986-05-30 00:00:00,"BROKEN,ADDRESS,DATA,,,","{""hobbies"": [""final"", ""son""], ""skills"": {""tech"": {""python"": 5, ""excel"": 5, ""sql"": 4}, ""soft"": [""process"", ""include""]}, ""family"": {""siblings"": 0, ""income"": {""father"": 1376, ""mother"": 1070}}, ""devices"": [{""type"": ""laptop"", ""brand"": ""Lenovo"", ""year"": 2018}, {""type"": ""phone"", ""brand"": ""Samsung"", ""year"": 2019}]}","['final', 'son']","[{'type': 'laptop', 'brand': 'Lenovo', 'year': 2018}, {'type': 'phone', 'brand': 'Samsung', 'year': 2019}]",5.0,5.0,4.0,"['process', 'include']",0.0,1376.0,1070.0,,,
104,Melissa Crane,20.0,Female,81.0,+998090363015,Colemanland,,1970-12-20 00:00:00,Other,,active,15.5,good,198.0,2004-04-12 23:36:00,UZ 100349 Tashkent New Heather,"{'hobbies': ['none', 'child'], 'skills': {'tech': {'python': 3, 'excel': 3, 'sql': 4}, 'soft': ['community', 'sound']}, 'family': {'siblings': 1, 'income': {'father': 361, 'mother': 403}}, 'devices': [{'type': 'laptop', 'brand': 'HP', 'year': 2016}, {'type': 'phone', 'brand': 'Xiaomi', 'year': 2023}]}","['none', 'child']","[{'type': 'laptop', 'brand': 'HP', 'year': 2016}, {'type': 'phone', 'brand': 'Xiaomi', 'year': 2023}]",3.0,3.0,4.0,"['community', 'sound']",1.0,361.0,403.0,Tashkent,,100349
105,,19.0,Female,77.0,,Lake Jerry,davidsavage@yahoo.com,,Other,,inactive,-2.0,average,85.0,,"West Billy 17-kv, dom 10, Tashkent","{'hobbies': ['plan', 'why'], 'skills': {'tech': {'python': 4, 'excel': 3, 'sql': 4}, 'soft': ['administration', 'the']}, 'family': {'siblings': 3, 'income': {'father': 282, 'mother': 598}}, 'devices': [{'type': 'laptop', 'brand': 'Dell', 'year': 2022}, {'type': 'phone', 'brand': 'Samsung', 'year': 2022}]}","['plan', 'why']","[{'type': 'laptop', 'brand': 'Dell', 'year': 2022}, {'type': 'phone', 'brand': 'Samsung', 'year': 2022}]",4.0,3.0,4.0,"['administration', 'the']",3.0,282.0,598.0,Tashkent,,
106,Jeanette Harmon,20.0,Female,81.0,+998956182527,Bowerschester,,,Data Science,82.0,active,-2.0,excellent,235.0,,"Apartment 32, Port Kyleburgh district, Tashkent, UZ, 100452","{hobbies:['on', 'interesting']}",,,,,,,,,,Tashkent,Port Kyleburgh,100452
107,,20.0,Female,89.0,,Port Bonniestad,christinaclark@hotmail.com,1982-02-17 00:00:00,Data Science,,inactive,4.5,excellent,192.0,,"New Amber 19-kv, dom 4, Tashkent",INVALID_JSON_DATA,,,,,,,,,,Tashkent,,
108,Jennifer Phelps,21.0,Female,90.0,+998208890335,Toddstad,,1997-03-27 20:53:00,Other,,inactive,-2.0,good,183.0,1972-01-20 22:38:21,"30197 Mary Fork, South Brittany",INVALID_JSON_DATA,,,,,,,,,,Other,,
109,Toni Mcdonald,22.0,Female,61.0,+998689512037,New Paulton,,1982-01-02 00:00:00,Data Science,120.0,pending,3.7,excellent,220.0,2018-02-18 00:00:00,UZ 100223 Tashkent Port David,"{hobbies:['possible', 'book']}",,,,,,,,,,Tashkent,,100223
110,,19.0,Male,,+998124657244,West Justinborough,,1990-07-16 00:00:00,Data Science,,inactive,3.19,good,210.0,1993-07-15 00:00:00,"BROKEN,ADDRESS,DATA,,,",INVALID_JSON_DATA,,,,,,,,,,,,
111,Justin Bell,21.0,Male,70.0,+998077552635,Fullerland,,2011-06-29 05:58:09,Python,,inactive,4.5,good,252.0,2021-07-05 20:20:00,"BROKEN,ADDRESS,DATA,,,","{'hobbies': ['despite', 'result'], 'skills': {'tech': {'python': 3, 'excel': 2, 'sql': 4}, 'soft': ['sound', 'until']}, 'family': {'siblings': 1, 'income': {'father': 1321, 'mother': 825}}, 'devices': [{'type': 'laptop', 'brand': 'Dell', 'year': 2024}, {'type': 'phone', 'brand': 'Xiaomi', 'year': 2018}]}","['despite', 'result']","[{'type': 'laptop', 'brand': 'Dell', 'year': 2024}, {'type': 'phone', 'brand': 'Xiaomi', 'year': 2018}]",3.0,2.0,4.0,"['sound', 'until']",1.0,1321.0,825.0,,,
112,,20.0,Female,81.0,,New Emilytown,,,Data Science,110.0,pending,3.56,good,200.0,2020-06-15 00:00:00,"BROKEN,ADDRESS,DATA,,,","{'hobbies': ['song', 'chance'], 'skills': {'tech': {'python': 4, 'excel': 3, 'sql': 3}, 'soft': ['concern', 'evidence']}, 'family': {'siblings': 5, 'income': {'father': 1473, 'mother': 226}}, 'devices': [{'type': 'laptop', 'brand': 'Lenovo', 'year': 2017}, {'type': 'phone', 'brand': 'Samsung', 'year': 2022}]}","['song', 'chance']","[{'type': 'laptop', 'brand': 'Lenovo', 'year': 2017}, {'type': 'phone', 'brand': 'Samsung', 'year': 2022}]",4.0,3.0,3.0,"['concern', 'evidence']",5.0,1473.0,226.0,,,
113,Joseph Burton,21.0,Unknown,90.0,,East Saraville,shannon36@york-vargas.com,1989-02-18 05:14:00,Data Science,103.0,pending,,good,270.0,1984-08-15 00:00:00,"Apartment 19, Scotthaven district, Tashkent, UZ, 100170","{""hobbies"": [""he"", ""magazine""], ""skills"": {""tech"": {""python"": 5, ""excel"": 4, ""sql"": 3}, ""soft"": [""resource"", ""late""]}, ""family"": {""siblings"": 3, ""income"": {""father"": 945, ""mother"": 632}}, ""devices"": [{""type"": ""laptop"", ""brand"": ""HP"", ""year"": 2022}, {""type"": ""phone"", ""brand"": ""Samsung"", ""year"": 2018}]}","['he', 'magazine']","[{'type': 'laptop', 'brand': 'HP', 'year': 2022}, {'type': 'phone', 'brand': 'Samsung', 'year': 2018}]",5.0,4.0,3.0,"['resource', 'late']",3.0,945.0,632.0,Tashkent,Scotthaven,100170
114,,22.0,Unknown,78.0,+998929940176,Hallton,,1982-01-17 06:40:00,Data Science,102.0,inactive,3.72,,289.0,2005-07-24 00:00:00,UZ 100075 Tashkent Boothtown,"{'hobbies': ['degree', 'two'], 'skills': {'tech': {'python': 4, 'excel': 3, 'sql': 1}, 'soft': ['front', 'change']}, 'family': {'siblings': 2, 'income': {'father': 1402, 'mother': 1448}}, 'devices': [{'type': 'laptop', 'brand': 'Dell', 'year': 2023}, {'type': 'phone', 'brand': 'Xiaomi', 'year': 2024}]}","['degree', 'two']","[{'type': 'laptop', 'brand': 'Dell', 'year': 2023}, {'type': 'phone', 'brand': 'Xiaomi', 'year': 2024}]",4.0,3.0,1.0,"['front', 'change']",2.0,1402.0,1448.0,Tashkent,,100075
115,Thomas Meyer,20.0,Female,76.0,,East Robert,pparker@peters-hall.com,2004-06-19 00:00:00,Other,110.0,pending,0.0,,148.0,1993-12-03 04:42:51,"Apartment 5, Fosterside district, Tashkent, UZ, 100730",INVALID_JSON_DATA,,,,,,,,,,Tashkent,Fosterside,100730
116,Susan Bowen,20.0,Female,50.0,+998063198751,Port Traceyton,,,Data Science,110.0,pending,4.5,excellent,170.0,2018-04-19 07:18:46,"9072 Pratt Summit Suite 990, South Jason","{'hobbies': ['send', 'parent'], 'skills': {'tech': {'python': 4, 'excel': 4, 'sql': 2}, 'soft': ['care', 'fly']}, 'family': {'siblings': 3, 'income': {'father': 330, 'mother': 788}}, 'devices': [{'type': 'laptop', 'brand': 'HP', 'year': 2022}, {'type': 'phone', 'brand': 'Xiaomi', 'year': 2024}]}","['send', 'parent']","[{'type': 'laptop', 'brand': 'HP', 'year': 2022}, {'type': 'phone', 'brand': 'Xiaomi', 'year': 2024}]",4.0,4.0,2.0,"['care', 'fly']",3.0,330.0,788.0,Other,,
117,Richard Burton,21.0,Unknown,90.0,,Catherineview,,1978-06-06 00:00:00,Other,105.0,inactive,15.5,good,172.0,2021-07-25 00:00:00,"BROKEN,ADDRESS,DATA,,,","{'hobbies': ['although', 'at'], 'skills': {'tech': {'python': 4, 'excel': 2, 'sql': 4}, 'soft': ['simple', 'fire']}, 'family': {'siblings': 1, 'income': {'father': 993, 'mother': 869}}, 'devices': [{'type': 'laptop', 'brand': 'Lenovo', 'year': 2016}, {'type': 'phone', 'brand': 'Apple', 'year': 2018}]}","['although', 'at']","[{'type': 'laptop', 'brand': 'Lenovo', 'year': 2016}, {'type': 'phone', 'brand': 'Apple', 'year': 2018}]",4.0,2.0,4.0,"['simple', 'fire']",1.0,993.0,869.0,,,
118,Andrew Taylor,,Unknown,80.0,+998346566078,Marvinmouth,,2010-06-30 00:00:00,Python,110.0,pending,15.5,,79.0,,"392 Christopher Center, Port Lindseyfort","{'hobbies': ['research', 'keep'], 'skills': {'tech': {'python': 5, 'excel': 4, 'sql': 3}, 'soft': ['recently', 'her']}, 'family': {'siblings': 4, 'income': {'father': 1157, 'mother': 606}}, 'devices': [{'type': 'laptop', 'brand': 'Lenovo', 'year': 2021}, {'type': 'phone', 'brand': 'Samsung', 'year': 2022}]}","['research', 'keep']","[{'type': 'laptop', 'brand': 'Lenovo', 'year': 2021}, {'type': 'phone', 'brand': 'Samsung', 'year': 2022}]",5.0,4.0,3.0,"['recently', 'her']",4.0,1157.0,606.0,Other,,
119,,22.0,Female,,+998654635098,Port Andrew,sharonbrooks@hotmail.com,1995-01-18 00:00:00,Python,110.0,active,0.0,excellent,61.0,,"Barryborough 13-kv, dom 6, Tashkent","{'hobbies': ['think', 'establish'], 'skills': {'tech': {'python': 2, 'excel': 2, 'sql': 2}, 'soft': ['stop', 'modern']}, 'family': {'siblings': 2, 'income': {'father': 335, 'mother': 1288}}, 'devices': [{'type': 'laptop', 'brand': 'Dell', 'year': 2019}, {'type': 'phone', 'brand': 'Apple', 'year': 2024}]}","['think', 'establish']","[{'type': 'laptop', 'brand': 'Dell', 'year': 2019}, {'type': 'phone', 'brand': 'Apple', 'year': 2024}]",2.0,2.0,2.0,"['stop', 'modern']",2.0,335.0,1288.0,Tashkent,,
120,Raymond Stewart,18.0,Unknown,76.0,,Alexanderhaven,,2015-01-01 19:00:00,Data Science,,active,4.5,good,73.0,1990-08-02 00:00:00,"BROKEN,ADDRESS,DATA,,,","{'hobbies': ['loss', 'own'], 'skills': {'tech': {'python': 2, 'excel': 1, 'sql': 5}, 'soft': ['foot', 'town']}, 'family': {'siblings': 5, 'income': {'father': 593, 'mother': 527}}, 'devices': [{'type': 'laptop', 'brand': 'Lenovo', 'year': 2016}, {'type': 'phone', 'brand': 'Apple', 'year': 2018}]}","['loss', 'own']","[{'type': 'laptop', 'brand': 'Lenovo', 'year': 2016}, {'type': 'phone', 'brand': 'Apple', 'year': 2018}]",2.0,1.0,5.0,"['foot', 'town']",5.0,593.0,527.0,,,
121,Andrew Mcdowell,18.0,Unknown,,+998380297460,Isaacshire,,2022-10-05 00:00:00,Data Science,110.0,pending,-2.0,,194.0,1970-06-16 00:00:00,"BROKEN,ADDRESS,DATA,,,","{hobbies:['together', 'sea']}",,,,,,,,,,,,
122,Glenn Jordan,21.0,Female,90.0,+998461618310,Jonesbury,,1975-08-05 14:03:00,Data Science,110.0,inactive,1.55,,152.0,1970-05-11 00:00:00,"BROKEN,ADDRESS,DATA,,,","{'hobbies': ['manage', 'senior'], 'skills': {'tech': {'python': 1, 'excel': 1, 'sql': 3}, 'soft': ['artist', 'bit']}, 'family': {'siblings': 4, 'income': {'father': 1201, 'mother': 902}}, 'devices': [{'type': 'laptop', 'brand': 'HP', 'year': 2020}, {'type': 'phone', 'brand': 'Samsung', 'year': 2019}]}","['manage', 'senior']","[{'type': 'laptop', 'brand': 'HP', 'year': 2020}, {'type': 'phone', 'brand': 'Samsung', 'year': 2019}]",1.0,1.0,3.0,"['artist', 'bit']",4.0,1201.0,902.0,,,
123,Chelsea Thomas,18.0,Female,71.0,,New Hayleymouth,,1973-06-16 00:00:00,Data Science,,pending,4.5,good,58.0,1979-02-26 00:00:00,"55540 Wilson Islands, West Steventon",INVALID_JSON_DATA,,,,,,,,,,Other,,
124,,20.0,Male,,,Lake Denisemouth,,1994-04-23 00:00:00,Data Science,,pending,-2.0,average,199.0,2024-11-01 00:00:00,"East Andrewshire 1-kv, dom 31, Tashkent",INVALID_JSON_DATA,,,,,,,,,,Tashkent,,
125,,,Female,90.0,+998445818285,Joneston,,2004-06-24 00:00:00,Other,110.0,active,15.5,excellent,174.0,1977-02-20 00:00:00,UZ 100418 Tashkent West Angelafort,"{'hobbies': ['worker', 'rise'], 'skills': {'tech': {'python': 4, 'excel': 2, 'sql': 4}, 'soft': ['debate', 'chair']}, 'family': {'siblings': 4, 'income': {'father': 668, 'mother': 1032}}, 'devices': [{'type': 'laptop', 'brand': 'Lenovo', 'year': 2023}, {'type': 'phone', 'brand': 'Xiaomi', 'year': 2019}]}","['worker', 'rise']","[{'type': 'laptop', 'brand': 'Lenovo', 'year': 2023}, {'type': 'phone', 'brand': 'Xiaomi', 'year': 2019}]",4.0,2.0,4.0,"['debate', 'chair']",4.0,668.0,1032.0,Tashkent,,100418
126,Mark Scott,21.0,Unknown,79.0,+998112817987,Port Carolyn,,2008-05-21 00:00:00,Data Science,87.0,pending,0.0,excellent,299.0,1993-10-25 10:56:20,"BROKEN,ADDRESS,DATA,,,","{'hobbies': ['bed', 'agree'], 'skills': {'tech': {'python': 2, 'excel': 1, 'sql': 1}, 'soft': ['town', 'expect']}, 'family': {'siblings': 4, 'income': {'father': 431, 'mother': 751}}, 'devices': [{'type': 'laptop', 'brand': 'HP', 'year': 2024}, {'type': 'phone', 'brand': 'Xiaomi', 'year': 2023}]}","['bed', 'agree']","[{'type': 'laptop', 'brand': 'HP', 'year': 2024}, {'type': 'phone', 'brand': 'Xiaomi', 'year': 2023}]",2.0,1.0,1.0,"['town', 'expect']",4.0,431.0,751.0,,,
127,Lindsey Jacobs,20.0,Unknown,81.0,,Bushmouth,,1993-07-10 00:00:00,Data Science,87.0,pending,4.5,excellent,293.0,,"Apartment 41, Lake Patriciaborough district, Tashkent, UZ, 100625","{hobbies:['half', 'tax']}",,,,,,,,,,Tashkent,Lake Patriciaborough,100625
128,Michael Gay,20.0,Male,83.0,+998800476884,East Carlaville,,2017-02-19 00:00:00,Other,110.0,active,0.0,,286.0,1983-09-03 00:00:00,UZ 100183 Tashkent Padillaborough,"{'hobbies': ['campaign', 'create'], 'skills': {'tech': {'python': 1, 'excel': 2, 'sql': 4}, 'soft': ['coach', 'support']}, 'family': {'siblings': 3, 'income': {'father': 676, 'mother': 844}}, 'devices': [{'type': 'laptop', 'brand': 'HP', 'year': 2022}, {'type': 'phone', 'brand': 'Xiaomi', 'year': 2023}]}","['campaign', 'create']","[{'type': 'laptop', 'brand': 'HP', 'year': 2022}, {'type': 'phone', 'brand': 'Xiaomi', 'year': 2023}]",1.0,2.0,4.0,"['coach', 'support']",3.0,676.0,844.0,Tashkent,,100183
129,Jeffrey Murphy,19.0,Female,88.0,+998538440650,North Jessica,,2004-03-22 15:35:33,Other,110.0,pending,3.7,good,222.0,2007-02-01 00:00:00,"1902 William Causeway Apt. 941, South Melissa","{hobbies:['visit', 'Mrs']}",,,,,,,,,,Other,,
130,Tamara Nguyen,22.0,Female,90.0,,South Nathanberg,,2001-10-10 09:28:00,Other,63.0,inactive,-2.0,,228.0,,"Apartment 22, Gillside district, Tashkent, UZ, 100582","{hobbies:['international', 'language']}",,,,,,,,,,Tashkent,Gillside,100582
131,Maxwell Dickson,18.0,Female,100.0,+998665036519,West Ricardo,,2001-11-14 05:57:00,Other,110.0,pending,-2.0,excellent,205.0,1974-11-13 00:00:00,"BROKEN,ADDRESS,DATA,,,","{hobbies:['have', 'give']}",,,,,,,,,,,,
132,,19.0,Female,,+998171695662,West Jacobmouth,,1981-03-22 00:00:00,Other,87.0,pending,0.0,good,290.0,1974-05-24 00:00:00,"BROKEN,ADDRESS,DATA,,,","{'hobbies': ['vote', 'poor'], 'skills': {'tech': {'python': 4, 'excel': 4, 'sql': 2}, 'soft': ['far', 'safe']}, 'family': {'siblings': 1, 'income': {'father': 961, 'mother': 1331}}, 'devices': [{'type': 'laptop', 'brand': 'Dell', 'year': 2016}, {'type': 'phone', 'brand': 'Apple', 'year': 2021}]}","['vote', 'poor']","[{'type': 'laptop', 'brand': 'Dell', 'year': 2016}, {'type': 'phone', 'brand': 'Apple', 'year': 2021}]",4.0,4.0,2.0,"['far', 'safe']",1.0,961.0,1331.0,,,
133,,20.0,Female,79.0,+998389912733,Whiteburgh,,1995-02-20 00:05:00,Other,,inactive,0.0,excellent,142.0,,UZ 100829 Tashkent Robertton,INVALID_JSON_DATA,,,,,,,,,,Tashkent,,100829
134,,21.0,Female,77.0,,Woodmouth,,1987-08-24 07:42:43,Data Science,110.0,pending,-2.0,good,94.0,2010-04-14 10:07:00,"Apartment 50, North Daniel district, Tashkent, UZ, 100874","{hobbies:['watch', 'full']}",,,,,,,,,,Tashkent,North Daniel,100874
135,Victoria Davidson,20.0,Female,92.0,+998823528541,Jessicatown,,1981-11-05 00:00:00,Data Science,110.0,inactive,-2.0,average,129.0,1974-02-15 00:00:00,"Apartment 10, Port Brittney district, Tashkent, UZ, 100582","{'hobbies': ['catch', 'interesting'], 'skills': {'tech': {'python': 5, 'excel': 2, 'sql': 2}, 'soft': ['environment', 'understand']}, 'family': {'siblings': 0, 'income': {'father': 1007, 'mother': 1457}}, 'devices': [{'type': 'laptop', 'brand': 'Lenovo', 'year': 2021}, {'type': 'phone', 'brand': 'Samsung', 'year': 2019}]}","['catch', 'interesting']","[{'type': 'laptop', 'brand': 'Lenovo', 'year': 2021}, {'type': 'phone', 'brand': 'Samsung', 'year': 2019}]",5.0,2.0,2.0,"['environment', 'understand']",0.0,1007.0,1457.0,Tashkent,Port Brittney,100582
136,Thomas Dillon,20.0,Female,50.0,+998291253095,Zhangbury,,2022-10-23 00:00:00,Other,77.0,inactive,,excellent,126.0,2023-09-22 11:14:57,UZ 100820 Tashkent West John,"{'hobbies': ['born', 'quality'], 'skills': {'tech': {'python': 3, 'excel': 1, 'sql': 3}, 'soft': ['positive', 'shoulder']}, 'family': {'siblings': 1, 'income': {'father': 1346, 'mother': 1186}}, 'devices': [{'type': 'laptop', 'brand': 'HP', 'year': 2017}, {'type': 'phone', 'brand': 'Samsung', 'year': 2022}]}","['born', 'quality']","[{'type': 'laptop', 'brand': 'HP', 'year': 2017}, {'type': 'phone', 'brand': 'Samsung', 'year': 2022}]",3.0,1.0,3.0,"['positive', 'shoulder']",1.0,1346.0,1186.0,Tashkent,,100820
137,Dylan Rodriguez,20.0,Unknown,75.0,,North Luketown,,2001-04-21 22:30:00,Data Science,113.0,inactive,0.0,,154.0,,"Apartment 40, Jonesborough district, Tashkent, UZ, 100895","{'hobbies': ['bed', 'customer'], 'skills': {'tech': {'python': 5, 'excel': 1, 'sql': 4}, 'soft': ['various', 'son']}, 'family': {'siblings': 4, 'income': {'father': 1009, 'mother': 1110}}, 'devices': [{'type': 'laptop', 'brand': 'Lenovo', 'year': 2020}, {'type': 'phone', 'brand': 'Apple', 'year': 2019}]}","['bed', 'customer']","[{'type': 'laptop', 'brand': 'Lenovo', 'year': 2020}, {'type': 'phone', 'brand': 'Apple', 'year': 2019}]",5.0,1.0,4.0,"['various', 'son']",4.0,1009.0,1110.0,Tashkent,Jonesborough,100895
138,Brianna Wong,,Unknown,87.0,,Sototon,,,Python,110.0,inactive,-2.0,excellent,111.0,1998-09-03 00:00:00,"BROKEN,ADDRESS,DATA,,,","{""hobbies"": [""sea"", ""guy""], ""skills"": {""tech"": {""python"": 4, ""excel"": 5, ""sql"": 2}, ""soft"": [""past"", ""during""]}, ""family"": {""siblings"": 4, ""income"": {""father"": 1344, ""mother"": 1336}}, ""devices"": [{""type"": ""laptop"", ""brand"": ""Dell"", ""year"": 2024}, {""type"": ""phone"", ""brand"": ""Samsung"", ""year"": 2019}]}","['sea', 'guy']","[{'type': 'laptop', 'brand': 'Dell', 'year': 2024}, {'type': 'phone', 'brand': 'Samsung', 'year': 2019}]",4.0,5.0,2.0,"['past', 'during']",4.0,1344.0,1336.0,,,
139,,22.0,Unknown,90.0,+998413490200,Georgestad,kgreen@ortega.com,2015-08-19 00:00:00,Other,,inactive,-2.0,,86.0,1975-03-29 00:00:00,UZ 100502 Tashkent West Jennifer,"{'hobbies': ['every', 'small'], 'skills': {'tech': {'python': 3, 'excel': 2, 'sql': 5}, 'soft': ['green', 'there']}, 'family': {'siblings': 4, 'income': {'father': 496, 'mother': 1240}}, 'devices': [{'type': 'laptop', 'brand': 'Dell', 'year': 2017}, {'type': 'phone', 'brand': 'Samsung', 'year': 2021}]}","['every', 'small']","[{'type': 'laptop', 'brand': 'Dell', 'year': 2017}, {'type': 'phone', 'brand': 'Samsung', 'year': 2021}]",3.0,2.0,5.0,"['green', 'there']",4.0,496.0,1240.0,Tashkent,,100502
140,Ann Young,20.0,Unknown,90.0,+998901742234,North Leestad,,,Other,,active,15.5,excellent,171.0,1984-02-01 14:56:00,"Apartment 50, Kimberlychester district, Tashkent, UZ, 100258","{hobbies:['should', 'especially']}",,,,,,,,,,Tashkent,Kimberlychester,100258
141,Zachary Thornton,20.0,Unknown,,+998350668910,Stephensonfurt,,1981-01-03 19:15:00,Data Science,,pending,4.5,,218.0,1994-11-04 00:00:00,UZ 100077 Tashkent Aguilarmouth,"{""hobbies"": [""order"", ""hour""], ""skills"": {""tech"": {""python"": 5, ""excel"": 4, ""sql"": 1}, ""soft"": [""smile"", ""check""]}, ""family"": {""siblings"": 1, ""income"": {""father"": 903, ""mother"": 373}}, ""devices"": [{""type"": ""laptop"", ""brand"": ""Lenovo"", ""year"": 2017}, {""type"": ""phone"", ""brand"": ""Apple"", ""year"": 2023}]}","['order', 'hour']","[{'type': 'laptop', 'brand': 'Lenovo', 'year': 2017}, {'type': 'phone', 'brand': 'Apple', 'year': 2023}]",5.0,4.0,1.0,"['smile', 'check']",1.0,903.0,373.0,Tashkent,,100077
142,David Graves,20.0,Female,90.0,+998966273929,South Johnshire,,,Data Science,110.0,active,15.5,,162.0,1982-10-27 00:00:00,"Martinmouth 11-kv, dom 16, Tashkent","{hobbies:['let', 'week']}",,,,,,,,,,Tashkent,,
143,,20.0,Female,91.0,+998113824273,Byrdmouth,johnsamy@hotmail.com,2003-09-11 17:40:42,Other,,pending,3.69,excellent,112.0,2022-04-11 12:18:00,"Apartment 39, Tylerland district, Tashkent, UZ, 100293",INVALID_JSON_DATA,,,,,,,,,,Tashkent,Tylerland,100293
144,,21.0,Female,63.0,+998309445266,Paulchester,,2009-02-04 10:55:08,Data Science,110.0,pending,15.5,,298.0,1975-05-14 09:25:00,"Lake Matthew 4-kv, dom 24, Tashkent",INVALID_JSON_DATA,,,,,,,,,,Tashkent,,
145,,18.0,Unknown,90.0,+998482345778,South Thomasfort,walkerlisa@hotmail.com,2006-01-10 00:00:00,Data Science,69.0,active,4.5,average,203.0,2022-09-18 00:00:00,"6231 Patrick Inlet, North Robertfurt","{hobbies:['pattern', 'item']}",,,,,,,,,,Other,,
146,Theresa Compton,22.0,Female,90.0,+998035280200,New Andrew,,1985-08-23 00:00:00,Data Science,110.0,inactive,15.5,excellent,146.0,1992-05-30 00:00:00,"East Michaelport 23-kv, dom 49, Tashkent",INVALID_JSON_DATA,,,,,,,,,,Tashkent,,
147,,18.0,Male,90.0,+998470674434,Mitchellton,,2022-11-13 00:00:00,Data Science,,inactive,,good,89.0,1973-04-30 00:00:00,"Robertville 11-kv, dom 22, Tashkent","{hobbies:['daughter', 'increase']}",,,,,,,,,,Tashkent,,
148,Louis Gillespie,20.0,Female,90.0,,Port Marymouth,,2025-08-20 06:01:00,Other,,inactive,3.7,average,175.0,1982-06-16 00:00:00,"Pamelaborough 22-kv, dom 11, Tashkent","{'hobbies': ['point', 'product'], 'skills': {'tech': {'python': 4, 'excel': 4, 'sql': 2}, 'soft': ['line', 'dream']}, 'family': {'siblings': 4, 'income': {'father': 1056, 'mother': 1038}}, 'devices': [{'type': 'laptop', 'brand': 'Dell', 'year': 2016}, {'type': 'phone', 'brand': 'Samsung', 'year': 2021}]}","['point', 'product']","[{'type': 'laptop', 'brand': 'Dell', 'year': 2016}, {'type': 'phone', 'brand': 'Samsung', 'year': 2021}]",4.0,4.0,2.0,"['line', 'dream']",4.0,1056.0,1038.0,Tashkent,,
149,,18.0,Male,,+998662097518,Shannonhaven,,2005-08-23 00:00:00,Data Science,110.0,active,4.5,,297.0,1980-01-05 00:00:00,"Ewingview 29-kv, dom 16, Tashkent","{'hobbies': ['possible', 'should'], 'skills': {'tech': {'python': 1, 'excel': 4, 'sql': 5}, 'soft': ['public', 'soldier']}, 'family': {'siblings': 5, 'income': {'father': 1435, 'mother': 1303}}, 'devices': [{'type': 'laptop', 'brand': 'Lenovo', 'year': 2022}, {'type': 'phone', 'brand': 'Apple', 'year': 2021}]}","['possible', 'should']","[{'type': 'laptop', 'brand': 'Lenovo', 'year': 2022}, {'type': 'phone', 'brand': 'Apple', 'year': 2021}]",1.0,4.0,5.0,"['public', 'soldier']",5.0,1435.0,1303.0,Tashkent,,
150,,,Unknown,91.0,+998644777354,Jessicaview,,,Data Science,69.0,inactive,4.5,excellent,273.0,1992-08-10 16:01:00,"Port Beth 17-kv, dom 5, Tashkent","{hobbies:['out', 'bank']}",,,,,,,,,,Tashkent,,
151,Natasha Mayer,20.0,Male,90.0,+998256918559,Millermouth,,2011-06-11 00:00:00,Data Science,,active,,good,173.0,2007-06-07 11:04:00,"579 Alyssa Lake, Port Sarah","{hobbies:['make', 'main']}",,,,,,,,,,Other,,
152,Andrew Ramirez,20.0,Unknown,90.0,+998755785425,Alicialand,,2000-07-25 00:00:00,Data Science,110.0,inactive,-2.0,excellent,163.0,1991-08-10 03:06:00,"815 Maxwell Pike Apt. 262, Eddiemouth","{""hobbies"": [""morning"", ""chair""], ""skills"": {""tech"": {""python"": 1, ""excel"": 2, ""sql"": 3}, ""soft"": [""way"", ""level""]}, ""family"": {""siblings"": 1, ""income"": {""father"": 367, ""mother"": 1052}}, ""devices"": [{""type"": ""laptop"", ""brand"": ""Lenovo"", ""year"": 2021}, {""type"": ""phone"", ""brand"": ""Xiaomi"", ""year"": 2020}]}","['morning', 'chair']","[{'type': 'laptop', 'brand': 'Lenovo', 'year': 2021}, {'type': 'phone', 'brand': 'Xiaomi', 'year': 2020}]",1.0,2.0,3.0,"['way', 'level']",1.0,367.0,1052.0,Other,,
153,,20.0,Male,90.0,,Lake Nathanport,,2015-05-12 00:00:00,Data Science,,active,15.5,,128.0,1982-07-06 04:56:00,"Frankport 5-kv, dom 9, Tashkent",INVALID_JSON_DATA,,,,,,,,,,Tashkent,,
154,Heather Meyers,21.0,Female,86.0,+998981249448,East Donaldview,beverly27@martinez.com,2002-02-23 00:00:00,Data Science,87.0,pending,3.7,,175.0,2002-12-06 00:00:00,"BROKEN,ADDRESS,DATA,,,","{'hobbies': ['represent', 'statement'], 'skills': {'tech': {'python': 3, 'excel': 1, 'sql': 3}, 'soft': ['right', 'land']}, 'family': {'siblings': 2, 'income': {'father': 1296, 'mother': 574}}, 'devices': [{'type': 'laptop', 'brand': 'HP', 'year': 2020}, {'type': 'phone', 'brand': 'Apple', 'year': 2023}]}","['represent', 'statement']","[{'type': 'laptop', 'brand': 'HP', 'year': 2020}, {'type': 'phone', 'brand': 'Apple', 'year': 2023}]",3.0,1.0,3.0,"['right', 'land']",2.0,1296.0,574.0,,,
155,John Blevins,20.0,Female,,+998610176352,West Alicia,,2001-02-08 19:22:00,Python,110.0,pending,15.5,,152.0,1970-04-12 00:00:00,"Apartment 14, East Catherinechester district, Tashkent, UZ, 100015","{'hobbies': ['herself', 'long'], 'skills': {'tech': {'python': 4, 'excel': 3, 'sql': 2}, 'soft': ['meet', 'site']}, 'family': {'siblings': 3, 'income': {'father': 851, 'mother': 1191}}, 'devices': [{'type': 'laptop', 'brand': 'Dell', 'year': 2021}, {'type': 'phone', 'brand': 'Apple', 'year': 2022}]}","['herself', 'long']","[{'type': 'laptop', 'brand': 'Dell', 'year': 2021}, {'type': 'phone', 'brand': 'Apple', 'year': 2022}]",4.0,3.0,2.0,"['meet', 'site']",3.0,851.0,1191.0,Tashkent,East Catherinechester,100015
156,,,Unknown,83.0,+998939095939,Davidshire,,2025-01-10 00:00:00,Data Science,,active,15.5,average,114.0,2023-07-15 00:00:00,"Andersonfort 14-kv, dom 48, Tashkent","{'hobbies': ['economic', 'art'], 'skills': {'tech': {'python': 4, 'excel': 2, 'sql': 5}, 'soft': ['example', 'finish']}, 'family': {'siblings': 3, 'income': {'father': 314, 'mother': 1066}}, 'devices': [{'type': 'laptop', 'brand': 'HP', 'year': 2022}, {'type': 'phone', 'brand': 'Apple', 'year': 2020}]}","['economic', 'art']","[{'type': 'laptop', 'brand': 'HP', 'year': 2022}, {'type': 'phone', 'brand': 'Apple', 'year': 2020}]",4.0,2.0,5.0,"['example', 'finish']",3.0,314.0,1066.0,Tashkent,,
157,,20.0,Unknown,87.0,+998570610299,Jacksonmouth,,1974-01-13 22:52:00,Data Science,110.0,pending,,excellent,248.0,1988-07-20 00:00:00,"19489 Bradford Hill, North Ericchester","{'hobbies': ['summer', 'go'], 'skills': {'tech': {'python': 4, 'excel': 4, 'sql': 1}, 'soft': ['company', 'everything']}, 'family': {'siblings': 4, 'income': {'father': 730, 'mother': 1199}}, 'devices': [{'type': 'laptop', 'brand': 'Dell', 'year': 2017}, {'type': 'phone', 'brand': 'Samsung', 'year': 2024}]}","['summer', 'go']","[{'type': 'laptop', 'brand': 'Dell', 'year': 2017}, {'type': 'phone', 'brand': 'Samsung', 'year': 2024}]",4.0,4.0,1.0,"['company', 'everything']",4.0,730.0,1199.0,Other,,
158,Sara Arnold,22.0,Male,73.0,+998782110784,Wilsonborough,,1977-10-05 16:43:00,Other,93.0,inactive,0.0,excellent,238.0,,"BROKEN,ADDRESS,DATA,,,","{""hobbies"": [""southern"", ""various""], ""skills"": {""tech"": {""python"": 4, ""excel"": 4, ""sql"": 4}, ""soft"": [""catch"", ""action""]}, ""family"": {""siblings"": 5, ""income"": {""father"": 461, ""mother"": 1135}}, ""devices"": [{""type"": ""laptop"", ""brand"": ""Lenovo"", ""year"": 2019}, {""type"": ""phone"", ""brand"": ""Samsung"", ""year"": 2021}]}","['southern', 'various']","[{'type': 'laptop', 'brand': 'Lenovo', 'year': 2019}, {'type': 'phone', 'brand': 'Samsung', 'year': 2021}]",4.0,4.0,4.0,"['catch', 'action']",5.0,461.0,1135.0,,,
159,,20.0,Unknown,90.0,+998833536956,North Michael,,,Other,70.0,pending,3.7,average,259.0,1992-07-18 18:26:00,"Apartment 29, New Hannahton district, Tashkent, UZ, 100981","{hobbies:['stand', 'what']}",,,,,,,,,,Tashkent,New Hannahton,100981
160,Eric Smith,21.0,Female,87.0,,Maryshire,,1983-04-08 10:45:00,Data Science,96.0,inactive,3.7,good,113.0,1975-04-28 00:00:00,"BROKEN,ADDRESS,DATA,,,","{'hobbies': ['identify', 'bag'], 'skills': {'tech': {'python': 4, 'excel': 1, 'sql': 5}, 'soft': ['heavy', 'during']}, 'family': {'siblings': 4, 'income': {'father': 420, 'mother': 723}}, 'devices': [{'type': 'laptop', 'brand': 'Lenovo', 'year': 2024}, {'type': 'phone', 'brand': 'Samsung', 'year': 2024}]}","['identify', 'bag']","[{'type': 'laptop', 'brand': 'Lenovo', 'year': 2024}, {'type': 'phone', 'brand': 'Samsung', 'year': 2024}]",4.0,1.0,5.0,"['heavy', 'during']",4.0,420.0,723.0,,,
161,,20.0,Male,50.0,,Davenportshire,,2010-04-18 00:00:00,Python,84.0,pending,2.92,,223.0,2008-12-09 00:00:00,"Apartment 21, Thomasfurt district, Tashkent, UZ, 100606","{'hobbies': ['campaign', 'and'], 'skills': {'tech': {'python': 1, 'excel': 2, 'sql': 3}, 'soft': ['until', 'prepare']}, 'family': {'siblings': 4, 'income': {'father': 1060, 'mother': 1281}}, 'devices': [{'type': 'laptop', 'brand': 'Lenovo', 'year': 2020}, {'type': 'phone', 'brand': 'Apple', 'year': 2022}]}","['campaign', 'and']","[{'type': 'laptop', 'brand': 'Lenovo', 'year': 2020}, {'type': 'phone', 'brand': 'Apple', 'year': 2022}]",1.0,2.0,3.0,"['until', 'prepare']",4.0,1060.0,1281.0,Tashkent,Thomasfurt,100606
162,Ryan Jones,20.0,Female,67.0,,West Saraborough,,,Data Science,,active,4.35,excellent,231.0,2019-12-21 00:00:00,"795 Martinez Springs, Edwardsshire",INVALID_JSON_DATA,,,,,,,,,,Other,,
163,Ana Ruiz,,Male,92.0,+998032424417,Andrewston,,,Data Science,,pending,3.96,,141.0,1976-12-20 15:53:18,"3281 Kathleen Court, Port Stephenview","{'hobbies': ['animal', 'wind'], 'skills': {'tech': {'python': 1, 'excel': 4, 'sql': 4}, 'soft': ['suggest', 'question']}, 'family': {'siblings': 2, 'income': {'father': 225, 'mother': 1014}}, 'devices': [{'type': 'laptop', 'brand': 'Lenovo', 'year': 2016}, {'type': 'phone', 'brand': 'Xiaomi', 'year': 2019}]}","['animal', 'wind']","[{'type': 'laptop', 'brand': 'Lenovo', 'year': 2016}, {'type': 'phone', 'brand': 'Xiaomi', 'year': 2019}]",1.0,4.0,4.0,"['suggest', 'question']",2.0,225.0,1014.0,Other,,
164,Thomas Cohen,21.0,Male,,+998629602831,Merrittport,ashleywoodard@roberts-reynolds.biz,1976-04-18 00:00:00,Data Science,113.0,pending,4.5,average,287.0,1984-01-04 00:00:00,UZ 100220 Tashkent Lake Ronaldshire,INVALID_JSON_DATA,,,,,,,,,,Tashkent,,100220
165,Donald Shields,20.0,Unknown,85.0,,South Katelynberg,ucaldwell@yahoo.com,2019-11-15 16:17:37,Other,,inactive,0.0,good,277.0,2014-02-22 00:00:00,"Apartment 9, New Mariahton district, Tashkent, UZ, 100768","{hobbies:['however', 'bank']}",,,,,,,,,,Tashkent,New Mariahton,100768
166,Kathleen Taylor,18.0,Male,90.0,+998162975629,Lake Jason,theresa17@sanchez.com,2015-02-16 17:12:41,Data Science,,active,0.0,excellent,226.0,1995-02-08 00:00:00,"Apartment 6, South Thomas district, Tashkent, UZ, 100972",INVALID_JSON_DATA,,,,,,,,,,Tashkent,South Thomas,100972
167,Michael Ho,20.0,Female,73.0,,West Timothyburgh,,,Data Science,110.0,inactive,4.5,average,266.0,,"BROKEN,ADDRESS,DATA,,,","{hobbies:['her', 'tonight']}",,,,,,,,,,,,
168,Heather Peterson,19.0,Male,90.0,,Cooperside,meyerjean@hotmail.com,1998-07-28 00:00:00,Other,98.0,inactive,0.0,excellent,262.0,,"Apartment 10, Tracyborough district, Tashkent, UZ, 100253","{'hobbies': ['real', 'only'], 'skills': {'tech': {'python': 4, 'excel': 5, 'sql': 2}, 'soft': ['performance', 'company']}, 'family': {'siblings': 0, 'income': {'father': 375, 'mother': 914}}, 'devices': [{'type': 'laptop', 'brand': 'Dell', 'year': 2020}, {'type': 'phone', 'brand': 'Samsung', 'year': 2019}]}","['real', 'only']","[{'type': 'laptop', 'brand': 'Dell', 'year': 2020}, {'type': 'phone', 'brand': 'Samsung', 'year': 2019}]",4.0,5.0,2.0,"['performance', 'company']",0.0,375.0,914.0,Tashkent,Tracyborough,100253
169,Jacob Joyce,,Female,90.0,+998805517869,East Kristin,mitchellamy@hotmail.com,1981-02-09 00:00:00,Python,110.0,pending,3.7,,201.0,2019-01-29 00:00:00,UZ 100234 Tashkent West Michelle,"{'hobbies': ['according', 'particularly'], 'skills': {'tech': {'python': 2, 'excel': 4, 'sql': 2}, 'soft': ['sort', 'pay']}, 'family': {'siblings': 2, 'income': {'father': 953, 'mother': 266}}, 'devices': [{'type': 'laptop', 'brand': 'Dell', 'year': 2023}, {'type': 'phone', 'brand': 'Apple', 'year': 2024}]}","['according', 'particularly']","[{'type': 'laptop', 'brand': 'Dell', 'year': 2023}, {'type': 'phone', 'brand': 'Apple', 'year': 2024}]",2.0,4.0,2.0,"['sort', 'pay']",2.0,953.0,266.0,Tashkent,,100234
170,Ronnie Campbell,20.0,Female,90.0,+998270111518,North Kathryn,,1992-04-30 00:00:00,Data Science,78.0,active,15.5,good,91.0,1997-08-08 00:00:00,UZ 100959 Tashkent Jamesfurt,"{'hobbies': ['thought', 'shoulder'], 'skills': {'tech': {'python': 3, 'excel': 4, 'sql': 1}, 'soft': ['care', 'who']}, 'family': {'siblings': 4, 'income': {'father': 344, 'mother': 963}}, 'devices': [{'type': 'laptop', 'brand': 'Lenovo', 'year': 2017}, {'type': 'phone', 'brand': 'Apple', 'year': 2020}]}","['thought', 'shoulder']","[{'type': 'laptop', 'brand': 'Lenovo', 'year': 2017}, {'type': 'phone', 'brand': 'Apple', 'year': 2020}]",3.0,4.0,1.0,"['care', 'who']",4.0,344.0,963.0,Tashkent,,100959
171,Mark Torres,22.0,Female,90.0,,Phelpsberg,riveraalexis@lynch.com,1990-10-08 00:00:00,Data Science,,active,3.7,,278.0,1988-03-15 09:52:29,"New Cheryl 19-kv, dom 6, Tashkent","{'hobbies': ['sure', 'clearly'], 'skills': {'tech': {'python': 3, 'excel': 3, 'sql': 3}, 'soft': ['woman', 'eye']}, 'family': {'siblings': 3, 'income': {'father': 997, 'mother': 540}}, 'devices': [{'type': 'laptop', 'brand': 'HP', 'year': 2021}, {'type': 'phone', 'brand': 'Apple', 'year': 2020}]}","['sure', 'clearly']","[{'type': 'laptop', 'brand': 'HP', 'year': 2021}, {'type': 'phone', 'brand': 'Apple', 'year': 2020}]",3.0,3.0,3.0,"['woman', 'eye']",3.0,997.0,540.0,Tashkent,,
172,Dr. Michael Macias,22.0,Male,83.0,+998943757373,New Paul,,1975-12-18 00:00:00,Data Science,110.0,inactive,4.5,,154.0,1988-07-25 00:00:00,"Apartment 12, Lake Michael district, Tashkent, UZ, 100053",INVALID_JSON_DATA,,,,,,,,,,Tashkent,Lake Michael,100053
173,Allison Dyer,20.0,Female,64.0,,Josephchester,,2022-08-15 00:00:00,Other,,inactive,,excellent,262.0,1982-04-08 13:38:01,UZ 100683 Tashkent Valentinestad,"{""hobbies"": [""commercial"", ""war""], ""skills"": {""tech"": {""python"": 5, ""excel"": 4, ""sql"": 2}, ""soft"": [""story"", ""with""]}, ""family"": {""siblings"": 5, ""income"": {""father"": 605, ""mother"": 297}}, ""devices"": [{""type"": ""laptop"", ""brand"": ""HP"", ""year"": 2021}, {""type"": ""phone"", ""brand"": ""Xiaomi"", ""year"": 2024}]}","['commercial', 'war']","[{'type': 'laptop', 'brand': 'HP', 'year': 2021}, {'type': 'phone', 'brand': 'Xiaomi', 'year': 2024}]",5.0,4.0,2.0,"['story', 'with']",5.0,605.0,297.0,Tashkent,,100683
174,Teresa Smith,18.0,Unknown,90.0,,New Shane,williamsdavid@woods.info,,Other,110.0,inactive,4.06,excellent,220.0,,"BROKEN,ADDRESS,DATA,,,","{hobbies:['we', 'student']}",,,,,,,,,,,,
175,,18.0,Female,,+998928361259,Port Dana,,,Data Science,,inactive,4.5,excellent,167.0,1972-04-19 00:00:00,"BROKEN,ADDRESS,DATA,,,","{'hobbies': ['begin', 'certain'], 'skills': {'tech': {'python': 3, 'excel': 2, 'sql': 4}, 'soft': ['sense', 'firm']}, 'family': {'siblings': 3, 'income': {'father': 502, 'mother': 341}}, 'devices': [{'type': 'laptop', 'brand': 'HP', 'year': 2022}, {'type': 'phone', 'brand': 'Apple', 'year': 2021}]}","['begin', 'certain']","[{'type': 'laptop', 'brand': 'HP', 'year': 2022}, {'type': 'phone', 'brand': 'Apple', 'year': 2021}]",3.0,2.0,4.0,"['sense', 'firm']",3.0,502.0,341.0,,,
176,Brian Mcknight,20.0,Female,,+998967777751,South Sandra,,1998-12-14 00:00:00,Data Science,,pending,,good,280.0,2007-04-16 02:24:43,"South Paul 12-kv, dom 34, Tashkent","{""hobbies"": [""none"", ""guess""], ""skills"": {""tech"": {""python"": 3, ""excel"": 3, ""sql"": 2}, ""soft"": [""computer"", ""ten""]}, ""family"": {""siblings"": 4, ""income"": {""father"": 1069, ""mother"": 1374}}, ""devices"": [{""type"": ""laptop"", ""brand"": ""HP"", ""year"": 2021}, {""type"": ""phone"", ""brand"": ""Samsung"", ""year"": 2023}]}","['none', 'guess']","[{'type': 'laptop', 'brand': 'HP', 'year': 2021}, {'type': 'phone', 'brand': 'Samsung', 'year': 2023}]",3.0,3.0,2.0,"['computer', 'ten']",4.0,1069.0,1374.0,Tashkent,,
177,Carlos Frazier,18.0,Unknown,,+998699652517,Port Gracemouth,zrobinson@russell.biz,1999-11-28 00:00:00,Data Science,86.0,pending,-2.0,excellent,60.0,2014-07-30 00:00:00,"Greeneton 2-kv, dom 50, Tashkent","{'hobbies': ['relationship', 'newspaper'], 'skills': {'tech': {'python': 2, 'excel': 3, 'sql': 3}, 'soft': ['fly', 'method']}, 'family': {'siblings': 4, 'income': {'father': 1008, 'mother': 416}}, 'devices': [{'type': 'laptop', 'brand': 'Lenovo', 'year': 2019}, {'type': 'phone', 'brand': 'Samsung', 'year': 2018}]}","['relationship', 'newspaper']","[{'type': 'laptop', 'brand': 'Lenovo', 'year': 2019}, {'type': 'phone', 'brand': 'Samsung', 'year': 2018}]",2.0,3.0,3.0,"['fly', 'method']",4.0,1008.0,416.0,Tashkent,,
178,Angela Kim,20.0,Female,90.0,,South Crystalland,,1971-03-12 16:19:11,Data Science,110.0,active,4.19,,183.0,,"7357 Kimberly Walks Suite 508, Port Kaylee","{'hobbies': ['require', 'administration'], 'skills': {'tech': {'python': 4, 'excel': 5, 'sql': 5}, 'soft': ['dark', 'PM']}, 'family': {'siblings': 4, 'income': {'father': 1246, 'mother': 745}}, 'devices': [{'type': 'laptop', 'brand': 'Lenovo', 'year': 2024}, {'type': 'phone', 'brand': 'Samsung', 'year': 2022}]}","['require', 'administration']","[{'type': 'laptop', 'brand': 'Lenovo', 'year': 2024}, {'type': 'phone', 'brand': 'Samsung', 'year': 2022}]",4.0,5.0,5.0,"['dark', 'PM']",4.0,1246.0,745.0,Other,,
179,,19.0,Unknown,69.0,+998816964171,Port Tammy,krobertson@butler.info,2016-06-03 00:00:00,Other,110.0,pending,3.7,good,122.0,2009-07-10 00:00:00,"Apartment 40, Peterberg district, Tashkent, UZ, 100026","{'hobbies': ['second', 'their'], 'skills': {'tech': {'python': 5, 'excel': 1, 'sql': 3}, 'soft': ['think', 'entire']}, 'family': {'siblings': 0, 'income': {'father': 673, 'mother': 599}}, 'devices': [{'type': 'laptop', 'brand': 'HP', 'year': 2020}, {'type': 'phone', 'brand': 'Samsung', 'year': 2018}]}","['second', 'their']","[{'type': 'laptop', 'brand': 'HP', 'year': 2020}, {'type': 'phone', 'brand': 'Samsung', 'year': 2018}]",5.0,1.0,3.0,"['think', 'entire']",0.0,673.0,599.0,Tashkent,Peterberg,100026
180,,,Unknown,,+998713218668,Janetstad,,1975-03-08 00:00:00,Python,118.0,inactive,,good,157.0,,"Apartment 15, West Brian district, Tashkent, UZ, 100756","{'hobbies': ['kid', 'mention'], 'skills': {'tech': {'python': 3, 'excel': 5, 'sql': 1}, 'soft': ['alone', 'thousand']}, 'family': {'siblings': 5, 'income': {'father': 1346, 'mother': 952}}, 'devices': [{'type': 'laptop', 'brand': 'HP', 'year': 2017}, {'type': 'phone', 'brand': 'Xiaomi', 'year': 2018}]}","['kid', 'mention']","[{'type': 'laptop', 'brand': 'HP', 'year': 2017}, {'type': 'phone', 'brand': 'Xiaomi', 'year': 2018}]",3.0,5.0,1.0,"['alone', 'thousand']",5.0,1346.0,952.0,Tashkent,West Brian,100756
181,,22.0,Female,,+998783493526,Christophermouth,ssmall@reynolds-miller.com,1972-04-07 07:17:00,Python,,active,4.5,excellent,276.0,2011-04-22 00:00:00,"Apartment 12, Davidtown district, Tashkent, UZ, 100617","{'hobbies': ['letter', 'many'], 'skills': {'tech': {'python': 1, 'excel': 2, 'sql': 1}, 'soft': ['hotel', 'company']}, 'family': {'siblings': 1, 'income': {'father': 928, 'mother': 683}}, 'devices': [{'type': 'laptop', 'brand': 'Lenovo', 'year': 2023}, {'type': 'phone', 'brand': 'Samsung', 'year': 2021}]}","['letter', 'many']","[{'type': 'laptop', 'brand': 'Lenovo', 'year': 2023}, {'type': 'phone', 'brand': 'Samsung', 'year': 2021}]",1.0,2.0,1.0,"['hotel', 'company']",1.0,928.0,683.0,Tashkent,Davidtown,100617
182,,,Unknown,69.0,+998868742963,Joshuaborough,zrodriguez@briggs.com,1999-03-11 00:47:27,Python,114.0,pending,0.0,average,294.0,,"Apartment 14, Jenniferview district, Tashkent, UZ, 100408",INVALID_JSON_DATA,,,,,,,,,,Tashkent,Jenniferview,100408
183,Larry Pierce,20.0,Female,,+998850065058,Tinafurt,,1981-08-01 20:54:00,Data Science,,pending,0.0,average,74.0,2005-07-31 01:53:09,"Apartment 14, North Jose district, Tashkent, UZ, 100999","{hobbies:['rock', 'put']}",,,,,,,,,,Tashkent,North Jose,100999
184,,22.0,Female,,,North Nancy,,2013-10-24 00:00:00,Other,,inactive,15.5,,207.0,,"Reevesside 25-kv, dom 20, Tashkent",INVALID_JSON_DATA,,,,,,,,,,Tashkent,,
185,,18.0,Unknown,64.0,+998878689120,Brownchester,,,Other,110.0,pending,0.0,excellent,95.0,1977-07-30 00:00:00,"BROKEN,ADDRESS,DATA,,,","{'hobbies': ['partner', 'smile'], 'skills': {'tech': {'python': 4, 'excel': 1, 'sql': 2}, 'soft': ['movement', 'knowledge']}, 'family': {'siblings': 2, 'income': {'father': 674, 'mother': 715}}, 'devices': [{'type': 'laptop', 'brand': 'HP', 'year': 2021}, {'type': 'phone', 'brand': 'Samsung', 'year': 2023}]}","['partner', 'smile']","[{'type': 'laptop', 'brand': 'HP', 'year': 2021}, {'type': 'phone', 'brand': 'Samsung', 'year': 2023}]",4.0,1.0,2.0,"['movement', 'knowledge']",2.0,674.0,715.0,,,
186,Michael Taylor,19.0,Unknown,95.0,+998172248049,South Jamie,,2024-06-13 01:04:00,Other,95.0,active,1.46,average,81.0,,"2870 Gamble Fall, Fordview","{'hobbies': ['foreign', 'foot'], 'skills': {'tech': {'python': 1, 'excel': 2, 'sql': 1}, 'soft': ['themselves', 'medical']}, 'family': {'siblings': 5, 'income': {'father': 1007, 'mother': 565}}, 'devices': [{'type': 'laptop', 'brand': 'HP', 'year': 2021}, {'type': 'phone', 'brand': 'Samsung', 'year': 2021}]}","['foreign', 'foot']","[{'type': 'laptop', 'brand': 'HP', 'year': 2021}, {'type': 'phone', 'brand': 'Samsung', 'year': 2021}]",1.0,2.0,1.0,"['themselves', 'medical']",5.0,1007.0,565.0,Other,,
187,,19.0,Female,75.0,+998691338568,Castromouth,trevor37@jordan.com,,Data Science,,active,3.7,,104.0,1980-04-19 00:00:00,"Apartment 13, Marymouth district, Tashkent, UZ, 100299","{'hobbies': ['population', 'instead'], 'skills': {'tech': {'python': 1, 'excel': 2, 'sql': 1}, 'soft': ['pay', 'field']}, 'family': {'siblings': 4, 'income': {'father': 396, 'mother': 566}}, 'devices': [{'type': 'laptop', 'brand': 'Lenovo', 'year': 2017}, {'type': 'phone', 'brand': 'Xiaomi', 'year': 2018}]}","['population', 'instead']","[{'type': 'laptop', 'brand': 'Lenovo', 'year': 2017}, {'type': 'phone', 'brand': 'Xiaomi', 'year': 2018}]",1.0,2.0,1.0,"['pay', 'field']",4.0,396.0,566.0,Tashkent,Marymouth,100299
188,Gregory Duffy,20.0,Female,77.0,+998951012002,New Ashleyburgh,,2002-07-06 00:00:00,Data Science,,active,-2.0,average,291.0,,"540 Gonzalez Junction Apt. 632, Nelsonview","{""hobbies"": [""series"", ""really""], ""skills"": {""tech"": {""python"": 1, ""excel"": 2, ""sql"": 2}, ""soft"": [""employee"", ""face""]}, ""family"": {""siblings"": 1, ""income"": {""father"": 766, ""mother"": 743}}, ""devices"": [{""type"": ""laptop"", ""brand"": ""Lenovo"", ""year"": 2021}, {""type"": ""phone"", ""brand"": ""Xiaomi"", ""year"": 2023}]}","['series', 'really']","[{'type': 'laptop', 'brand': 'Lenovo', 'year': 2021}, {'type': 'phone', 'brand': 'Xiaomi', 'year': 2023}]",1.0,2.0,2.0,"['employee', 'face']",1.0,766.0,743.0,Other,,
189,Jennifer Delgado,20.0,Unknown,66.0,+998322978546,Robinsonchester,,2003-02-21 14:59:00,Data Science,,pending,3.7,excellent,108.0,2000-03-27 21:34:00,"New Sean 1-kv, dom 18, Tashkent","{hobbies:['truth', 'young']}",,,,,,,,,,Tashkent,,
190,Kurt Price,18.0,Female,85.0,+998212068212,Ashleyburgh,peter22@gmail.com,2022-08-08 10:00:00,Data Science,,inactive,-2.0,good,256.0,1970-05-16 20:54:00,"Jonesstad 28-kv, dom 20, Tashkent","{'hobbies': ['teach', 'federal'], 'skills': {'tech': {'python': 5, 'excel': 2, 'sql': 5}, 'soft': ['create', 'have']}, 'family': {'siblings': 2, 'income': {'father': 419, 'mother': 744}}, 'devices': [{'type': 'laptop', 'brand': 'Lenovo', 'year': 2023}, {'type': 'phone', 'brand': 'Apple', 'year': 2024}]}","['teach', 'federal']","[{'type': 'laptop', 'brand': 'Lenovo', 'year': 2023}, {'type': 'phone', 'brand': 'Apple', 'year': 2024}]",5.0,2.0,5.0,"['create', 'have']",2.0,419.0,744.0,Tashkent,,
191,John West,18.0,Unknown,90.0,,New Charles,carterjeffrey@sullivan.com,1982-11-03 11:02:00,Data Science,110.0,inactive,15.5,good,117.0,1987-09-05 00:00:00,"BROKEN,ADDRESS,DATA,,,","{hobbies:['human', 'nice']}",,,,,,,,,,,,
192,Scott Bradley,21.0,Female,82.0,,New Patriciaborough,smallrachel@yahoo.com,1994-09-19 00:00:00,Data Science,110.0,inactive,3.7,good,100.0,2012-03-26 04:33:00,"5846 Erin Glens, Port Kristen","{""hobbies"": [""them"", ""clear""], ""skills"": {""tech"": {""python"": 4, ""excel"": 4, ""sql"": 4}, ""soft"": [""become"", ""run""]}, ""family"": {""siblings"": 1, ""income"": {""father"": 339, ""mother"": 584}}, ""devices"": [{""type"": ""laptop"", ""brand"": ""Lenovo"", ""year"": 2017}, {""type"": ""phone"", ""brand"": ""Xiaomi"", ""year"": 2018}]}","['them', 'clear']","[{'type': 'laptop', 'brand': 'Lenovo', 'year': 2017}, {'type': 'phone', 'brand': 'Xiaomi', 'year': 2018}]",4.0,4.0,4.0,"['become', 'run']",1.0,339.0,584.0,Other,,
193,Mrs. Kelly Turner,20.0,Male,92.0,+998659050803,East Willie,,1993-09-24 00:00:00,Data Science,110.0,pending,1.12,excellent,214.0,1984-07-12 09:27:50,"Apartment 28, Jillianview district, Tashkent, UZ, 100658","{""hobbies"": [""inside"", ""become""], ""skills"": {""tech"": {""python"": 4, ""excel"": 2, ""sql"": 3}, ""soft"": [""forget"", ""space""]}, ""family"": {""siblings"": 2, ""income"": {""father"": 1211, ""mother"": 701}}, ""devices"": [{""type"": ""laptop"", ""brand"": ""Lenovo"", ""year"": 2023}, {""type"": ""phone"", ""brand"": ""Samsung"", ""year"": 2021}]}","['inside', 'become']","[{'type': 'laptop', 'brand': 'Lenovo', 'year': 2023}, {'type': 'phone', 'brand': 'Samsung', 'year': 2021}]",4.0,2.0,3.0,"['forget', 'space']",2.0,1211.0,701.0,Tashkent,Jillianview,100658
194,Kristen Mercer,20.0,Female,86.0,+998864286152,Frankmouth,,2018-03-29 03:18:03,Data Science,110.0,inactive,15.5,,97.0,2007-09-16 16:23:00,UZ 100904 Tashkent Xavierton,"{""hobbies"": [""sport"", ""office""], ""skills"": {""tech"": {""python"": 5, ""excel"": 4, ""sql"": 4}, ""soft"": [""himself"", ""those""]}, ""family"": {""siblings"": 4, ""income"": {""father"": 487, ""mother"": 978}}, ""devices"": [{""type"": ""laptop"", ""brand"": ""HP"", ""year"": 2015}, {""type"": ""phone"", ""brand"": ""Samsung"", ""year"": 2021}]}","['sport', 'office']","[{'type': 'laptop', 'brand': 'HP', 'year': 2015}, {'type': 'phone', 'brand': 'Samsung', 'year': 2021}]",5.0,4.0,4.0,"['himself', 'those']",4.0,487.0,978.0,Tashkent,,100904
195,,20.0,Female,62.0,+998965733150,South Christopherbury,,2025-03-18 00:00:00,Python,110.0,active,3.69,excellent,166.0,,"8258 Kristin Place, Allenview","{'hobbies': ['base', 'either'], 'skills': {'tech': {'python': 2, 'excel': 5, 'sql': 4}, 'soft': ['reach', 'white']}, 'family': {'siblings': 0, 'income': {'father': 874, 'mother': 1078}}, 'devices': [{'type': 'laptop', 'brand': 'HP', 'year': 2019}, {'type': 'phone', 'brand': 'Xiaomi', 'year': 2018}]}","['base', 'either']","[{'type': 'laptop', 'brand': 'HP', 'year': 2019}, {'type': 'phone', 'brand': 'Xiaomi', 'year': 2018}]",2.0,5.0,4.0,"['reach', 'white']",0.0,874.0,1078.0,Other,,
196,,,Female,65.0,+998293145854,New Virginiamouth,,2022-01-28 11:05:20,Data Science,110.0,pending,4.5,,160.0,,UZ 100451 Tashkent North Stephanieborough,"{'hobbies': ['again', 'wish'], 'skills': {'tech': {'python': 1, 'excel': 2, 'sql': 4}, 'soft': ['our', 'many']}, 'family': {'siblings': 0, 'income': {'father': 975, 'mother': 1213}}, 'devices': [{'type': 'laptop', 'brand': 'HP', 'year': 2020}, {'type': 'phone', 'brand': 'Samsung', 'year': 2018}]}","['again', 'wish']","[{'type': 'laptop', 'brand': 'HP', 'year': 2020}, {'type': 'phone', 'brand': 'Samsung', 'year': 2018}]",1.0,2.0,4.0,"['our', 'many']",0.0,975.0,1213.0,Tashkent,,100451
197,,20.0,Unknown,51.0,+998544547692,Bradfordborough,,2024-10-13 19:41:04,Other,110.0,pending,15.5,good,209.0,,"BROKEN,ADDRESS,DATA,,,","{hobbies:['actually', 'who']}",,,,,,,,,,,,
198,Kayla Graham,20.0,Female,58.0,+998381927344,Lake Christinehaven,,1994-10-17 00:00:00,Python,80.0,active,3.7,excellent,65.0,2005-03-19 00:00:00,"BROKEN,ADDRESS,DATA,,,","{hobbies:['official', 'picture']}",,,,,,,,,,,,
199,Sheila Stafford,18.0,Unknown,66.0,,Hamiltonstad,,1979-10-12 03:48:35,Data Science,,inactive,0.0,excellent,146.0,1974-12-28 00:00:00,"New Josephville 1-kv, dom 23, Tashkent","{""hobbies"": [""will"", ""prove""], ""skills"": {""tech"": {""python"": 5, ""excel"": 2, ""sql"": 2}, ""soft"": [""rather"", ""reflect""]}, ""family"": {""siblings"": 0, ""income"": {""father"": 1178, ""mother"": 319}}, ""devices"": [{""type"": ""laptop"", ""brand"": ""Lenovo"", ""year"": 2022}, {""type"": ""phone"", ""brand"": ""Apple"", ""year"": 2023}]}","['will', 'prove']","[{'type': 'laptop', 'brand': 'Lenovo', 'year': 2022}, {'type': 'phone', 'brand': 'Apple', 'year': 2023}]",5.0,2.0,2.0,"['rather', 'reflect']",0.0,1178.0,319.0,Tashkent,,
200,Tyler Ramos,20.0,Female,,,New Christina,michael32@williams.com,1985-02-05 00:00:00,Python,,active,3.91,average,111.0,,"Michaelborough 6-kv, dom 31, Tashkent","{'hobbies': ['media', 'bill'], 'skills': {'tech': {'python': 5, 'excel': 1, 'sql': 2}, 'soft': ['dog', 'red']}, 'family': {'siblings': 3, 'income': {'father': 832, 'mother': 485}}, 'devices': [{'type': 'laptop', 'brand': 'Dell', 'year': 2015}, {'type': 'phone', 'brand': 'Xiaomi', 'year': 2018}]}","['media', 'bill']","[{'type': 'laptop', 'brand': 'Dell', 'year': 2015}, {'type': 'phone', 'brand': 'Xiaomi', 'year': 2018}]",5.0,1.0,2.0,"['dog', 'red']",3.0,832.0,485.0,Tashkent,,
201,,20.0,Female,,,Matthewtown,jamie54@patel-carter.biz,2016-02-19 00:00:00,Other,110.0,active,2.45,good,264.0,1981-10-17 06:37:28,"BROKEN,ADDRESS,DATA,,,",INVALID_JSON_DATA,,,,,,,,,,,,
202,Hayley Martinez,18.0,Female,90.0,+998285927556,Port Paulville,,,Data Science,,inactive,15.5,excellent,299.0,1988-01-27 00:00:00,UZ 100922 Tashkent East Nicholas,"{""hobbies"": [""skin"", ""once""], ""skills"": {""tech"": {""python"": 4, ""excel"": 4, ""sql"": 5}, ""soft"": [""capital"", ""note""]}, ""family"": {""siblings"": 5, ""income"": {""father"": 709, ""mother"": 492}}, ""devices"": [{""type"": ""laptop"", ""brand"": ""Lenovo"", ""year"": 2016}, {""type"": ""phone"", ""brand"": ""Samsung"", ""year"": 2024}]}","['skin', 'once']","[{'type': 'laptop', 'brand': 'Lenovo', 'year': 2016}, {'type': 'phone', 'brand': 'Samsung', 'year': 2024}]",4.0,4.0,5.0,"['capital', 'note']",5.0,709.0,492.0,Tashkent,,100922
203,,20.0,Female,90.0,+998428347225,Lake Robertbury,,2016-12-30 00:00:00,Other,,inactive,0.0,good,93.0,2000-03-16 00:00:00,"094 Mark Fork, Matthewmouth","{'hobbies': ['south', 'address'], 'skills': {'tech': {'python': 1, 'excel': 4, 'sql': 1}, 'soft': ['reflect', 'ready']}, 'family': {'siblings': 0, 'income': {'father': 230, 'mother': 298}}, 'devices': [{'type': 'laptop', 'brand': 'Dell', 'year': 2021}, {'type': 'phone', 'brand': 'Xiaomi', 'year': 2018}]}","['south', 'address']","[{'type': 'laptop', 'brand': 'Dell', 'year': 2021}, {'type': 'phone', 'brand': 'Xiaomi', 'year': 2018}]",1.0,4.0,1.0,"['reflect', 'ready']",0.0,230.0,298.0,Other,,
204,,,Female,90.0,,Port Laurenborough,,1981-02-01 00:00:00,Data Science,,inactive,-2.0,good,160.0,2011-03-28 01:47:28,"Charlesburgh 23-kv, dom 41, Tashkent","{hobbies:['image', 'quality']}",,,,,,,,,,Tashkent,,
205,Kathryn Allen,20.0,Female,95.0,+998062196684,New Kevinton,,1977-02-10 00:00:00,Python,77.0,pending,3.7,excellent,145.0,2019-08-10 00:00:00,"BROKEN,ADDRESS,DATA,,,","{'hobbies': ['ground', 'whether'], 'skills': {'tech': {'python': 1, 'excel': 1, 'sql': 1}, 'soft': ['performance', 'shoulder']}, 'family': {'siblings': 4, 'income': {'father': 958, 'mother': 999}}, 'devices': [{'type': 'laptop', 'brand': 'Lenovo', 'year': 2024}, {'type': 'phone', 'brand': 'Xiaomi', 'year': 2021}]}","['ground', 'whether']","[{'type': 'laptop', 'brand': 'Lenovo', 'year': 2024}, {'type': 'phone', 'brand': 'Xiaomi', 'year': 2021}]",1.0,1.0,1.0,"['performance', 'shoulder']",4.0,958.0,999.0,,,
206,Tyler Wright,20.0,Unknown,95.0,,Lucasland,,1972-02-09 04:43:00,Python,110.0,pending,-2.0,,69.0,1979-09-20 09:03:00,"Apartment 42, Smithborough district, Tashkent, UZ, 100017","{'hobbies': ['child', 'yard'], 'skills': {'tech': {'python': 4, 'excel': 4, 'sql': 4}, 'soft': ['half', 'address']}, 'family': {'siblings': 0, 'income': {'father': 260, 'mother': 371}}, 'devices': [{'type': 'laptop', 'brand': 'Lenovo', 'year': 2017}, {'type': 'phone', 'brand': 'Samsung', 'year': 2024}]}","['child', 'yard']","[{'type': 'laptop', 'brand': 'Lenovo', 'year': 2017}, {'type': 'phone', 'brand': 'Samsung', 'year': 2024}]",4.0,4.0,4.0,"['half', 'address']",0.0,260.0,371.0,Tashkent,Smithborough,100017
207,Stephen Gordon,21.0,Female,90.0,+998901791407,East Monicastad,tdonovan@hall.biz,1975-08-14 00:00:00,Data Science,,pending,-2.0,good,131.0,1982-08-05 00:00:00,"00705 Terrance Street Apt. 121, Christinaport","{""hobbies"": [""training"", ""while""], ""skills"": {""tech"": {""python"": 2, ""excel"": 5, ""sql"": 2}, ""soft"": [""threat"", ""off""]}, ""family"": {""siblings"": 5, ""income"": {""father"": 824, ""mother"": 1000}}, ""devices"": [{""type"": ""laptop"", ""brand"": ""HP"", ""year"": 2016}, {""type"": ""phone"", ""brand"": ""Apple"", ""year"": 2022}]}","['training', 'while']","[{'type': 'laptop', 'brand': 'HP', 'year': 2016}, {'type': 'phone', 'brand': 'Apple', 'year': 2022}]",2.0,5.0,2.0,"['threat', 'off']",5.0,824.0,1000.0,Other,,
208,Pedro Mcdaniel,,Male,72.0,+998409503087,Lake Linda,garciapamela@gmail.com,2018-03-09 00:00:00,Other,,pending,1.08,average,87.0,1983-12-01 00:00:00,UZ 100020 Tashkent South Anthony,"{hobbies:['attention', 'employee']}",,,,,,,,,,Tashkent,,100020
209,Margaret Peters,19.0,Female,90.0,+998905563076,Lake Jenniferville,melissajohnston@gmail.com,2013-09-23 09:00:00,Data Science,,inactive,3.7,excellent,239.0,1979-10-30 00:00:00,UZ 100583 Tashkent Robertmouth,INVALID_JSON_DATA,,,,,,,,,,Tashkent,,100583
210,,,Male,90.0,+998172651917,New Christopher,,2022-04-12 21:36:00,Other,110.0,inactive,15.5,average,184.0,2010-12-22 04:56:00,"Meaganchester 4-kv, dom 34, Tashkent","{'hobbies': ['sound', 'respond'], 'skills': {'tech': {'python': 5, 'excel': 5, 'sql': 5}, 'soft': ['author', 'join']}, 'family': {'siblings': 3, 'income': {'father': 667, 'mother': 864}}, 'devices': [{'type': 'laptop', 'brand': 'Dell', 'year': 2024}, {'type': 'phone', 'brand': 'Apple', 'year': 2019}]}","['sound', 'respond']","[{'type': 'laptop', 'brand': 'Dell', 'year': 2024}, {'type': 'phone', 'brand': 'Apple', 'year': 2019}]",5.0,5.0,5.0,"['author', 'join']",3.0,667.0,864.0,Tashkent,,
211,Thomas Spence,20.0,Unknown,,,Baileymouth,,2011-09-27 21:52:14,Python,106.0,inactive,0.0,good,257.0,2008-01-27 00:00:00,"8175 Davis Mountains, Lake James","{hobbies:['seven', 'real']}",,,,,,,,,,Other,,
212,Ashley Fuller,21.0,Male,70.0,+998792295034,Timothyborough,,,Other,110.0,active,0.0,excellent,54.0,,"Apartment 38, Rachelport district, Tashkent, UZ, 100706","{""hobbies"": [""baby"", ""age""], ""skills"": {""tech"": {""python"": 2, ""excel"": 2, ""sql"": 2}, ""soft"": [""after"", ""production""]}, ""family"": {""siblings"": 3, ""income"": {""father"": 763, ""mother"": 642}}, ""devices"": [{""type"": ""laptop"", ""brand"": ""Lenovo"", ""year"": 2022}, {""type"": ""phone"", ""brand"": ""Apple"", ""year"": 2018}]}","['baby', 'age']","[{'type': 'laptop', 'brand': 'Lenovo', 'year': 2022}, {'type': 'phone', 'brand': 'Apple', 'year': 2018}]",2.0,2.0,2.0,"['after', 'production']",3.0,763.0,642.0,Tashkent,Rachelport,100706
213,Megan Lambert,18.0,Male,75.0,+998559545695,New Michael,,,Other,111.0,pending,-2.0,,151.0,2018-07-17 00:00:00,"Apartment 27, New Brianshire district, Tashkent, UZ, 100123","{'hobbies': ['avoid', 'action'], 'skills': {'tech': {'python': 2, 'excel': 5, 'sql': 4}, 'soft': ['today', 'interesting']}, 'family': {'siblings': 0, 'income': {'father': 221, 'mother': 973}}, 'devices': [{'type': 'laptop', 'brand': 'HP', 'year': 2019}, {'type': 'phone', 'brand': 'Apple', 'year': 2019}]}","['avoid', 'action']","[{'type': 'laptop', 'brand': 'HP', 'year': 2019}, {'type': 'phone', 'brand': 'Apple', 'year': 2019}]",2.0,5.0,4.0,"['today', 'interesting']",0.0,221.0,973.0,Tashkent,New Brianshire,100123
214,Nancy Zimmerman,22.0,Male,90.0,+998807400345,Matthewburgh,,2008-10-03 00:00:00,Data Science,110.0,active,-2.0,,166.0,1985-09-02 00:00:00,UZ 100413 Tashkent Perryhaven,"{'hobbies': ['force', 'half'], 'skills': {'tech': {'python': 4, 'excel': 4, 'sql': 5}, 'soft': ['arrive', 'total']}, 'family': {'siblings': 5, 'income': {'father': 551, 'mother': 642}}, 'devices': [{'type': 'laptop', 'brand': 'HP', 'year': 2015}, {'type': 'phone', 'brand': 'Xiaomi', 'year': 2019}]}","['force', 'half']","[{'type': 'laptop', 'brand': 'HP', 'year': 2015}, {'type': 'phone', 'brand': 'Xiaomi', 'year': 2019}]",4.0,4.0,5.0,"['arrive', 'total']",5.0,551.0,642.0,Tashkent,,100413
215,Joshua Miller,20.0,Female,,,Port Cynthiashire,,1977-05-17 01:23:29,Data Science,110.0,inactive,0.0,average,182.0,2002-10-07 17:41:44,"3347 Huff Flats Suite 397, South Juliantown","{hobbies:['employee', 'road']}",,,,,,,,,,Other,,
216,,20.0,Male,82.0,+998247939576,New Austinhaven,evansdaniel@hotmail.com,2018-08-06 08:30:00,Python,60.0,pending,0.0,excellent,242.0,2003-10-18 17:09:00,"31066 Alejandro Terrace Apt. 105, Faithhaven","{'hobbies': ['bar', 'offer'], 'skills': {'tech': {'python': 2, 'excel': 4, 'sql': 3}, 'soft': ['morning', 'coach']}, 'family': {'siblings': 5, 'income': {'father': 653, 'mother': 949}}, 'devices': [{'type': 'laptop', 'brand': 'HP', 'year': 2018}, {'type': 'phone', 'brand': 'Samsung', 'year': 2021}]}","['bar', 'offer']","[{'type': 'laptop', 'brand': 'HP', 'year': 2018}, {'type': 'phone', 'brand': 'Samsung', 'year': 2021}]",2.0,4.0,3.0,"['morning', 'coach']",5.0,653.0,949.0,Other,,
217,,21.0,Female,73.0,+998041545090,Jarvisview,kylerichardson@dyer.com,1985-01-31 17:46:59,Data Science,83.0,inactive,4.5,,162.0,,UZ 100852 Tashkent Lake Samantha,"{'hobbies': ['everybody', 'there'], 'skills': {'tech': {'python': 2, 'excel': 2, 'sql': 1}, 'soft': ['fear', 'sell']}, 'family': {'siblings': 2, 'income': {'father': 1291, 'mother': 814}}, 'devices': [{'type': 'laptop', 'brand': 'HP', 'year': 2023}, {'type': 'phone', 'brand': 'Apple', 'year': 2019}]}","['everybody', 'there']","[{'type': 'laptop', 'brand': 'HP', 'year': 2023}, {'type': 'phone', 'brand': 'Apple', 'year': 2019}]",2.0,2.0,1.0,"['fear', 'sell']",2.0,1291.0,814.0,Tashkent,,100852
218,,19.0,Female,,+998684277504,Jonathanton,,1990-06-20 07:38:18,Other,110.0,pending,15.5,excellent,133.0,2014-03-11 00:21:00,"Apartment 27, West Pamelafurt district, Tashkent, UZ, 100776",INVALID_JSON_DATA,,,,,,,,,,Tashkent,West Pamelafurt,100776
219,John Crosby,20.0,Female,90.0,+998386638840,Lake Micheleside,moorebrooke@gmail.com,1994-03-16 00:00:00,Data Science,,inactive,4.5,good,169.0,1979-11-20 20:58:00,"Apartment 47, South Joshuabury district, Tashkent, UZ, 100368","{'hobbies': ['theory', 'go'], 'skills': {'tech': {'python': 5, 'excel': 2, 'sql': 5}, 'soft': ['study', 'share']}, 'family': {'siblings': 2, 'income': {'father': 579, 'mother': 254}}, 'devices': [{'type': 'laptop', 'brand': 'HP', 'year': 2023}, {'type': 'phone', 'brand': 'Apple', 'year': 2022}]}","['theory', 'go']","[{'type': 'laptop', 'brand': 'HP', 'year': 2023}, {'type': 'phone', 'brand': 'Apple', 'year': 2022}]",5.0,2.0,5.0,"['study', 'share']",2.0,579.0,254.0,Tashkent,South Joshuabury,100368
220,Lance Jackson,22.0,Male,81.0,,Caitlinville,,2004-02-02 19:24:00,Data Science,80.0,pending,-2.0,excellent,127.0,1980-06-02 00:00:00,"BROKEN,ADDRESS,DATA,,,","{'hobbies': ['source', 'laugh'], 'skills': {'tech': {'python': 2, 'excel': 3, 'sql': 5}, 'soft': ['region', 'officer']}, 'family': {'siblings': 2, 'income': {'father': 616, 'mother': 983}}, 'devices': [{'type': 'laptop', 'brand': 'Lenovo', 'year': 2016}, {'type': 'phone', 'brand': 'Xiaomi', 'year': 2018}]}","['source', 'laugh']","[{'type': 'laptop', 'brand': 'Lenovo', 'year': 2016}, {'type': 'phone', 'brand': 'Xiaomi', 'year': 2018}]",2.0,3.0,5.0,"['region', 'officer']",2.0,616.0,983.0,,,
221,Karen Smith,,Female,85.0,,Sarahview,,1998-06-02 00:00:00,Python,,pending,3.11,excellent,141.0,,UZ 100054 Tashkent Munozshire,"{hobbies:['approach', 'one']}",,,,,,,,,,Tashkent,,100054
222,Mr. Aaron Murphy,22.0,Female,73.0,,North Scottmouth,,1982-05-12 00:00:00,Other,66.0,inactive,15.5,excellent,106.0,2023-07-12 00:00:00,"Apartment 27, South Lauren district, Tashkent, UZ, 100652",INVALID_JSON_DATA,,,,,,,,,,Tashkent,South Lauren,100652
223,Juan Bailey,20.0,Unknown,77.0,,North Joshuachester,,1999-06-11 00:00:00,Data Science,85.0,active,3.7,,251.0,1974-01-21 00:00:00,"New Jason 27-kv, dom 49, Tashkent","{'hobbies': ['open', 'full'], 'skills': {'tech': {'python': 5, 'excel': 3, 'sql': 1}, 'soft': ['suddenly', 'opportunity']}, 'family': {'siblings': 0, 'income': {'father': 671, 'mother': 230}}, 'devices': [{'type': 'laptop', 'brand': 'HP', 'year': 2015}, {'type': 'phone', 'brand': 'Xiaomi', 'year': 2022}]}","['open', 'full']","[{'type': 'laptop', 'brand': 'HP', 'year': 2015}, {'type': 'phone', 'brand': 'Xiaomi', 'year': 2022}]",5.0,3.0,1.0,"['suddenly', 'opportunity']",0.0,671.0,230.0,Tashkent,,
224,Randy Diaz,20.0,Female,,,Butlerhaven,,1992-01-03 00:00:00,Data Science,110.0,pending,4.5,excellent,77.0,2008-12-04 12:38:00,"388 Jonathan Tunnel, Claytontown","{""hobbies"": [""bar"", ""improve""], ""skills"": {""tech"": {""python"": 3, ""excel"": 4, ""sql"": 3}, ""soft"": [""point"", ""foot""]}, ""family"": {""siblings"": 3, ""income"": {""father"": 1469, ""mother"": 306}}, ""devices"": [{""type"": ""laptop"", ""brand"": ""Lenovo"", ""year"": 2015}, {""type"": ""phone"", ""brand"": ""Xiaomi"", ""year"": 2020}]}","['bar', 'improve']","[{'type': 'laptop', 'brand': 'Lenovo', 'year': 2015}, {'type': 'phone', 'brand': 'Xiaomi', 'year': 2020}]",3.0,4.0,3.0,"['point', 'foot']",3.0,1469.0,306.0,Other,,
225,,18.0,Female,,+998916827186,Daltonmouth,ismith@yahoo.com,2018-03-16 00:00:00,Other,110.0,pending,,excellent,148.0,2005-08-24 00:00:00,"1104 Sanchez Locks Apt. 466, Jonesberg","{hobbies:['several', 'discuss']}",,,,,,,,,,Other,,
226,Brett Newman,20.0,Female,73.0,+998491879018,Port Michelle,,,Data Science,110.0,active,4.5,average,251.0,1986-01-05 00:00:00,UZ 100469 Tashkent Samanthaborough,"{hobbies:['listen', 'population']}",,,,,,,,,,Tashkent,,100469
227,Stacie Hawkins,18.0,Unknown,84.0,,Gregoryfurt,sarah04@davis.com,,Data Science,79.0,pending,3.7,excellent,292.0,2011-12-25 00:00:00,"BROKEN,ADDRESS,DATA,,,","{'hobbies': ['he', 'go'], 'skills': {'tech': {'python': 5, 'excel': 2, 'sql': 2}, 'soft': ['a', 'physical']}, 'family': {'siblings': 2, 'income': {'father': 563, 'mother': 739}}, 'devices': [{'type': 'laptop', 'brand': 'Lenovo', 'year': 2015}, {'type': 'phone', 'brand': 'Xiaomi', 'year': 2024}]}","['he', 'go']","[{'type': 'laptop', 'brand': 'Lenovo', 'year': 2015}, {'type': 'phone', 'brand': 'Xiaomi', 'year': 2024}]",5.0,2.0,2.0,"['a', 'physical']",2.0,563.0,739.0,,,
228,Ann Patterson,,Female,90.0,,East Kristopherbury,,2013-12-10 04:01:20,Data Science,,pending,4.5,average,95.0,1992-04-30 00:00:00,UZ 100020 Tashkent New Danaburgh,"{hobbies:['simply', 'someone']}",,,,,,,,,,Tashkent,,100020
229,,21.0,Male,90.0,+998355390341,New Michele,,2008-05-20 02:19:39,Other,110.0,inactive,15.5,good,259.0,1996-06-08 00:00:00,"Apartment 1, Webbburgh district, Tashkent, UZ, 100201","{""hobbies"": [""chance"", ""later""], ""skills"": {""tech"": {""python"": 5, ""excel"": 3, ""sql"": 2}, ""soft"": [""dream"", ""summer""]}, ""family"": {""siblings"": 1, ""income"": {""father"": 975, ""mother"": 1317}}, ""devices"": [{""type"": ""laptop"", ""brand"": ""HP"", ""year"": 2019}, {""type"": ""phone"", ""brand"": ""Samsung"", ""year"": 2018}]}","['chance', 'later']","[{'type': 'laptop', 'brand': 'HP', 'year': 2019}, {'type': 'phone', 'brand': 'Samsung', 'year': 2018}]",5.0,3.0,2.0,"['dream', 'summer']",1.0,975.0,1317.0,Tashkent,Webbburgh,100201
230,Cesar Carr,19.0,Unknown,70.0,,Port Alvin,,,Python,110.0,inactive,3.7,excellent,97.0,2014-12-04 00:00:00,"BROKEN,ADDRESS,DATA,,,","{'hobbies': ['goal', 'green'], 'skills': {'tech': {'python': 2, 'excel': 5, 'sql': 1}, 'soft': ['democratic', 'themselves']}, 'family': {'siblings': 5, 'income': {'father': 296, 'mother': 1311}}, 'devices': [{'type': 'laptop', 'brand': 'Dell', 'year': 2015}, {'type': 'phone', 'brand': 'Samsung', 'year': 2018}]}","['goal', 'green']","[{'type': 'laptop', 'brand': 'Dell', 'year': 2015}, {'type': 'phone', 'brand': 'Samsung', 'year': 2018}]",2.0,5.0,1.0,"['democratic', 'themselves']",5.0,296.0,1311.0,,,
231,,22.0,Unknown,90.0,+998894887284,Espinozamouth,ewilliams@turner-rhodes.org,1995-08-18 00:00:00,Other,,inactive,,excellent,70.0,1980-02-12 00:00:00,"685 Tiffany Island Apt. 341, Adamhaven","{hobbies:['plan', 'write']}",,,,,,,,,,Other,,
232,,21.0,Unknown,90.0,+998475433841,Crystalmouth,,2024-12-12 01:37:12,Other,110.0,inactive,1.22,excellent,226.0,1982-03-18 22:20:00,"7335 Alex Parks Apt. 827, Gordontown","{'hobbies': ['television', 'guess'], 'skills': {'tech': {'python': 1, 'excel': 4, 'sql': 4}, 'soft': ['even', 'career']}, 'family': {'siblings': 5, 'income': {'father': 1142, 'mother': 1384}}, 'devices': [{'type': 'laptop', 'brand': 'Dell', 'year': 2015}, {'type': 'phone', 'brand': 'Xiaomi', 'year': 2022}]}","['television', 'guess']","[{'type': 'laptop', 'brand': 'Dell', 'year': 2015}, {'type': 'phone', 'brand': 'Xiaomi', 'year': 2022}]",1.0,4.0,4.0,"['even', 'career']",5.0,1142.0,1384.0,Other,,
233,Shannon Floyd,18.0,Female,90.0,+998624275971,South Heather,ytran@knapp.org,2014-02-28 00:00:00,Data Science,110.0,inactive,,excellent,287.0,2001-06-14 22:43:00,"Port Bradleyfurt 3-kv, dom 15, Tashkent","{""hobbies"": [""parent"", ""might""], ""skills"": {""tech"": {""python"": 2, ""excel"": 4, ""sql"": 4}, ""soft"": [""part"", ""size""]}, ""family"": {""siblings"": 2, ""income"": {""father"": 759, ""mother"": 1025}}, ""devices"": [{""type"": ""laptop"", ""brand"": ""Lenovo"", ""year"": 2021}, {""type"": ""phone"", ""brand"": ""Xiaomi"", ""year"": 2019}]}","['parent', 'might']","[{'type': 'laptop', 'brand': 'Lenovo', 'year': 2021}, {'type': 'phone', 'brand': 'Xiaomi', 'year': 2019}]",2.0,4.0,4.0,"['part', 'size']",2.0,759.0,1025.0,Tashkent,,
234,Kenneth Frye,19.0,Male,90.0,,North Juanborough,sydney04@keith-roberson.net,2021-01-27 00:00:00,Data Science,110.0,pending,1.08,excellent,141.0,2019-12-02 00:00:00,"BROKEN,ADDRESS,DATA,,,","{'hobbies': ['nothing', 'senior'], 'skills': {'tech': {'python': 5, 'excel': 5, 'sql': 3}, 'soft': ['area', 'standard']}, 'family': {'siblings': 2, 'income': {'father': 1191, 'mother': 1458}}, 'devices': [{'type': 'laptop', 'brand': 'Dell', 'year': 2021}, {'type': 'phone', 'brand': 'Samsung', 'year': 2023}]}","['nothing', 'senior']","[{'type': 'laptop', 'brand': 'Dell', 'year': 2021}, {'type': 'phone', 'brand': 'Samsung', 'year': 2023}]",5.0,5.0,3.0,"['area', 'standard']",2.0,1191.0,1458.0,,,
235,,21.0,Female,90.0,+998882441970,North Tracy,patriciajones@hancock.com,2015-10-29 00:00:00,Data Science,110.0,active,,excellent,72.0,2007-07-09 00:00:00,"BROKEN,ADDRESS,DATA,,,","{hobbies:['member', 'road']}",,,,,,,,,,,,
236,,,Male,,+998895710488,Melindaport,,1991-10-25 21:50:00,Data Science,,pending,3.7,good,154.0,1983-03-23 00:00:00,"2195 Hamilton Turnpike Apt. 662, Gutierrezchester","{""hobbies"": [""society"", ""kitchen""], ""skills"": {""tech"": {""python"": 1, ""excel"": 1, ""sql"": 1}, ""soft"": [""trouble"", ""perform""]}, ""family"": {""siblings"": 3, ""income"": {""father"": 1255, ""mother"": 1029}}, ""devices"": [{""type"": ""laptop"", ""brand"": ""HP"", ""year"": 2020}, {""type"": ""phone"", ""brand"": ""Xiaomi"", ""year"": 2022}]}","['society', 'kitchen']","[{'type': 'laptop', 'brand': 'HP', 'year': 2020}, {'type': 'phone', 'brand': 'Xiaomi', 'year': 2022}]",1.0,1.0,1.0,"['trouble', 'perform']",3.0,1255.0,1029.0,Other,,
237,Leonard Reyes,19.0,Unknown,64.0,+998422913910,South Lorrainetown,,1995-10-08 00:00:00,Other,110.0,active,15.5,,277.0,1993-04-08 00:00:00,"BROKEN,ADDRESS,DATA,,,","{'hobbies': ['sense', 'create'], 'skills': {'tech': {'python': 4, 'excel': 5, 'sql': 2}, 'soft': ['talk', 'phone']}, 'family': {'siblings': 3, 'income': {'father': 1314, 'mother': 816}}, 'devices': [{'type': 'laptop', 'brand': 'Lenovo', 'year': 2020}, {'type': 'phone', 'brand': 'Apple', 'year': 2018}]}","['sense', 'create']","[{'type': 'laptop', 'brand': 'Lenovo', 'year': 2020}, {'type': 'phone', 'brand': 'Apple', 'year': 2018}]",4.0,5.0,2.0,"['talk', 'phone']",3.0,1314.0,816.0,,,
238,,21.0,Male,90.0,+998043317063,Lake Ryanhaven,,1997-05-18 03:49:00,Data Science,110.0,inactive,3.7,excellent,123.0,1977-12-20 00:00:00,"Apartment 4, Riddleshire district, Tashkent, UZ, 100048","{'hobbies': ['hundred', 'music'], 'skills': {'tech': {'python': 1, 'excel': 3, 'sql': 1}, 'soft': ['live', 'garden']}, 'family': {'siblings': 3, 'income': {'father': 490, 'mother': 1088}}, 'devices': [{'type': 'laptop', 'brand': 'HP', 'year': 2015}, {'type': 'phone', 'brand': 'Samsung', 'year': 2019}]}","['hundred', 'music']","[{'type': 'laptop', 'brand': 'HP', 'year': 2015}, {'type': 'phone', 'brand': 'Samsung', 'year': 2019}]",1.0,3.0,1.0,"['live', 'garden']",3.0,490.0,1088.0,Tashkent,Riddleshire,100048
239,Daniel King,,Female,,+998014518492,Russellmouth,,,Python,,inactive,0.0,excellent,174.0,1981-10-05 00:00:00,"BROKEN,ADDRESS,DATA,,,","{""hobbies"": [""cold"", ""deep""], ""skills"": {""tech"": {""python"": 4, ""excel"": 3, ""sql"": 5}, ""soft"": [""term"", ""light""]}, ""family"": {""siblings"": 1, ""income"": {""father"": 1398, ""mother"": 576}}, ""devices"": [{""type"": ""laptop"", ""brand"": ""HP"", ""year"": 2015}, {""type"": ""phone"", ""brand"": ""Apple"", ""year"": 2023}]}","['cold', 'deep']","[{'type': 'laptop', 'brand': 'HP', 'year': 2015}, {'type': 'phone', 'brand': 'Apple', 'year': 2023}]",4.0,3.0,5.0,"['term', 'light']",1.0,1398.0,576.0,,,
240,Claire Smith,20.0,Unknown,62.0,,Leebury,,2003-10-17 10:01:07,Data Science,110.0,active,0.0,,250.0,2009-12-28 21:57:36,"BROKEN,ADDRESS,DATA,,,","{""hobbies"": [""close"", ""ground""], ""skills"": {""tech"": {""python"": 4, ""excel"": 1, ""sql"": 1}, ""soft"": [""life"", ""only""]}, ""family"": {""siblings"": 4, ""income"": {""father"": 1231, ""mother"": 1351}}, ""devices"": [{""type"": ""laptop"", ""brand"": ""Lenovo"", ""year"": 2021}, {""type"": ""phone"", ""brand"": ""Xiaomi"", ""year"": 2019}]}","['close', 'ground']","[{'type': 'laptop', 'brand': 'Lenovo', 'year': 2021}, {'type': 'phone', 'brand': 'Xiaomi', 'year': 2019}]",4.0,1.0,1.0,"['life', 'only']",4.0,1231.0,1351.0,,,
241,David Grimes,20.0,Male,65.0,+998824745618,East Nancymouth,ckoch@gmail.com,,Data Science,110.0,active,3.11,good,120.0,,"Apartment 24, East Pamelafurt district, Tashkent, UZ, 100917","{""hobbies"": [""mean"", ""that""], ""skills"": {""tech"": {""python"": 5, ""excel"": 3, ""sql"": 4}, ""soft"": [""though"", ""less""]}, ""family"": {""siblings"": 2, ""income"": {""father"": 1115, ""mother"": 1223}}, ""devices"": [{""type"": ""laptop"", ""brand"": ""Dell"", ""year"": 2021}, {""type"": ""phone"", ""brand"": ""Xiaomi"", ""year"": 2020}]}","['mean', 'that']","[{'type': 'laptop', 'brand': 'Dell', 'year': 2021}, {'type': 'phone', 'brand': 'Xiaomi', 'year': 2020}]",5.0,3.0,4.0,"['though', 'less']",2.0,1115.0,1223.0,Tashkent,East Pamelafurt,100917
242,,19.0,Female,76.0,+998322439130,Port Lauren,,,Data Science,104.0,inactive,0.0,good,162.0,1993-03-10 00:00:00,"BROKEN,ADDRESS,DATA,,,","{""hobbies"": [""evidence"", ""tonight""], ""skills"": {""tech"": {""python"": 1, ""excel"": 5, ""sql"": 1}, ""soft"": [""dream"", ""each""]}, ""family"": {""siblings"": 2, ""income"": {""father"": 1337, ""mother"": 794}}, ""devices"": [{""type"": ""laptop"", ""brand"": ""HP"", ""year"": 2020}, {""type"": ""phone"", ""brand"": ""Xiaomi"", ""year"": 2018}]}","['evidence', 'tonight']","[{'type': 'laptop', 'brand': 'HP', 'year': 2020}, {'type': 'phone', 'brand': 'Xiaomi', 'year': 2018}]",1.0,5.0,1.0,"['dream', 'each']",2.0,1337.0,794.0,,,
243,Barbara Richardson,22.0,Unknown,,+998248233305,North James,,1994-06-08 00:00:00,Data Science,,pending,15.5,excellent,106.0,1982-10-15 06:48:59,"Apartment 38, Lake Amychester district, Tashkent, UZ, 100854","{'hobbies': ['its', 'join'], 'skills': {'tech': {'python': 1, 'excel': 4, 'sql': 4}, 'soft': ['among', 'list']}, 'family': {'siblings': 0, 'income': {'father': 833, 'mother': 904}}, 'devices': [{'type': 'laptop', 'brand': 'Lenovo', 'year': 2020}, {'type': 'phone', 'brand': 'Samsung', 'year': 2018}]}","['its', 'join']","[{'type': 'laptop', 'brand': 'Lenovo', 'year': 2020}, {'type': 'phone', 'brand': 'Samsung', 'year': 2018}]",1.0,4.0,4.0,"['among', 'list']",0.0,833.0,904.0,Tashkent,Lake Amychester,100854
244,,18.0,Female,90.0,+998939472804,Kevinland,,,Other,,inactive,3.7,good,299.0,2019-12-05 10:39:00,"55355 Lucero Manors Suite 542, East Michaelhaven","{""hobbies"": [""moment"", ""always""], ""skills"": {""tech"": {""python"": 5, ""excel"": 3, ""sql"": 2}, ""soft"": [""do"", ""question""]}, ""family"": {""siblings"": 0, ""income"": {""father"": 667, ""mother"": 969}}, ""devices"": [{""type"": ""laptop"", ""brand"": ""HP"", ""year"": 2024}, {""type"": ""phone"", ""brand"": ""Apple"", ""year"": 2021}]}","['moment', 'always']","[{'type': 'laptop', 'brand': 'HP', 'year': 2024}, {'type': 'phone', 'brand': 'Apple', 'year': 2021}]",5.0,3.0,2.0,"['do', 'question']",0.0,667.0,969.0,Other,,
245,Linda Castro,19.0,Female,90.0,+998491240868,North Amanda,,,Data Science,84.0,pending,0.0,,231.0,1997-09-30 06:56:34,"Apartment 35, West Ericborough district, Tashkent, UZ, 100678","{'hobbies': ['least', 'environment'], 'skills': {'tech': {'python': 3, 'excel': 2, 'sql': 4}, 'soft': ['course', 'hear']}, 'family': {'siblings': 0, 'income': {'father': 1496, 'mother': 514}}, 'devices': [{'type': 'laptop', 'brand': 'Lenovo', 'year': 2020}, {'type': 'phone', 'brand': 'Samsung', 'year': 2019}]}","['least', 'environment']","[{'type': 'laptop', 'brand': 'Lenovo', 'year': 2020}, {'type': 'phone', 'brand': 'Samsung', 'year': 2019}]",3.0,2.0,4.0,"['course', 'hear']",0.0,1496.0,514.0,Tashkent,West Ericborough,100678
246,,20.0,Unknown,73.0,+998678157692,Lisatown,,2007-11-13 00:00:00,Data Science,93.0,inactive,15.5,average,179.0,,"Johntown 7-kv, dom 50, Tashkent","{""hobbies"": [""final"", ""young""], ""skills"": {""tech"": {""python"": 4, ""excel"": 2, ""sql"": 1}, ""soft"": [""show"", ""matter""]}, ""family"": {""siblings"": 5, ""income"": {""father"": 220, ""mother"": 1384}}, ""devices"": [{""type"": ""laptop"", ""brand"": ""Lenovo"", ""year"": 2017}, {""type"": ""phone"", ""brand"": ""Samsung"", ""year"": 2021}]}","['final', 'young']","[{'type': 'laptop', 'brand': 'Lenovo', 'year': 2017}, {'type': 'phone', 'brand': 'Samsung', 'year': 2021}]",4.0,2.0,1.0,"['show', 'matter']",5.0,220.0,1384.0,Tashkent,,
247,,21.0,Unknown,57.0,+998334676193,West Margaret,,,Data Science,107.0,pending,,excellent,195.0,1982-10-12 00:00:00,"Allisonfurt 7-kv, dom 13, Tashkent","{""hobbies"": [""book"", ""wind""], ""skills"": {""tech"": {""python"": 5, ""excel"": 4, ""sql"": 3}, ""soft"": [""natural"", ""general""]}, ""family"": {""siblings"": 5, ""income"": {""father"": 1218, ""mother"": 434}}, ""devices"": [{""type"": ""laptop"", ""brand"": ""HP"", ""year"": 2019}, {""type"": ""phone"", ""brand"": ""Samsung"", ""year"": 2018}]}","['book', 'wind']","[{'type': 'laptop', 'brand': 'HP', 'year': 2019}, {'type': 'phone', 'brand': 'Samsung', 'year': 2018}]",5.0,4.0,3.0,"['natural', 'general']",5.0,1218.0,434.0,Tashkent,,
248,Eddie Ross,22.0,Female,90.0,+998848049442,Hallburgh,,1972-12-05 00:00:00,Other,110.0,inactive,15.5,excellent,70.0,1993-11-12 00:00:00,"Joseborough 23-kv, dom 30, Tashkent","{'hobbies': ['threat', 'usually'], 'skills': {'tech': {'python': 5, 'excel': 5, 'sql': 4}, 'soft': ['offer', 'grow']}, 'family': {'siblings': 0, 'income': {'father': 965, 'mother': 1315}}, 'devices': [{'type': 'laptop', 'brand': 'Lenovo', 'year': 2020}, {'type': 'phone', 'brand': 'Samsung', 'year': 2024}]}","['threat', 'usually']","[{'type': 'laptop', 'brand': 'Lenovo', 'year': 2020}, {'type': 'phone', 'brand': 'Samsung', 'year': 2024}]",5.0,5.0,4.0,"['offer', 'grow']",0.0,965.0,1315.0,Tashkent,,
249,Timothy Mcdonald,22.0,Unknown,,+998769186415,East Ashleyland,david26@hotmail.com,1985-06-09 18:30:20,Data Science,110.0,active,2.62,excellent,74.0,2022-07-19 00:00:00,"East Taylor 8-kv, dom 23, Tashkent",INVALID_JSON_DATA,,,,,,,,,,Tashkent,,
250,Cassie Roberts,18.0,Male,,,South Stanley,lgarcia@hotmail.com,2024-09-14 00:00:00,Python,,pending,-2.0,excellent,100.0,1977-06-21 00:00:00,UZ 100410 Tashkent Adkinsborough,INVALID_JSON_DATA,,,,,,,,,,Tashkent,,100410
251,,21.0,Unknown,,+998275197874,Gutierrezport,,1970-11-12 20:17:17,Other,68.0,active,3.7,,193.0,2010-10-17 00:00:00,"87498 Haynes Wall Suite 838, South Rachel","{'hobbies': ['about', 'ball'], 'skills': {'tech': {'python': 4, 'excel': 2, 'sql': 4}, 'soft': ['strategy', 'country']}, 'family': {'siblings': 0, 'income': {'father': 760, 'mother': 239}}, 'devices': [{'type': 'laptop', 'brand': 'Lenovo', 'year': 2017}, {'type': 'phone', 'brand': 'Apple', 'year': 2021}]}","['about', 'ball']","[{'type': 'laptop', 'brand': 'Lenovo', 'year': 2017}, {'type': 'phone', 'brand': 'Apple', 'year': 2021}]",4.0,2.0,4.0,"['strategy', 'country']",0.0,760.0,239.0,Other,,
252,,,Unknown,,+998536507881,Danielsport,,2001-04-19 00:00:00,Data Science,110.0,inactive,,excellent,174.0,2025-05-30 00:00:00,"Apartment 25, New John district, Tashkent, UZ, 100658",INVALID_JSON_DATA,,,,,,,,,,Tashkent,New John,100658
253,Jeffrey White,21.0,Female,90.0,+998779147760,Moraport,,2014-01-23 13:27:35,Data Science,82.0,inactive,3.7,excellent,233.0,1970-12-03 00:00:00,"BROKEN,ADDRESS,DATA,,,","{""hobbies"": [""follow"", ""job""], ""skills"": {""tech"": {""python"": 4, ""excel"": 3, ""sql"": 3}, ""soft"": [""international"", ""this""]}, ""family"": {""siblings"": 2, ""income"": {""father"": 1229, ""mother"": 429}}, ""devices"": [{""type"": ""laptop"", ""brand"": ""Lenovo"", ""year"": 2020}, {""type"": ""phone"", ""brand"": ""Apple"", ""year"": 2019}]}","['follow', 'job']","[{'type': 'laptop', 'brand': 'Lenovo', 'year': 2020}, {'type': 'phone', 'brand': 'Apple', 'year': 2019}]",4.0,3.0,3.0,"['international', 'this']",2.0,1229.0,429.0,,,
254,William Washington,,Unknown,90.0,+998141856864,West Alison,nicholashoward@arellano-hart.com,,Data Science,118.0,inactive,3.02,excellent,75.0,2022-05-17 00:00:00,"Andersonland 15-kv, dom 10, Tashkent","{'hobbies': ['read', 'leg'], 'skills': {'tech': {'python': 3, 'excel': 1, 'sql': 1}, 'soft': ['run', 'sister']}, 'family': {'siblings': 3, 'income': {'father': 952, 'mother': 643}}, 'devices': [{'type': 'laptop', 'brand': 'HP', 'year': 2020}, {'type': 'phone', 'brand': 'Apple', 'year': 2024}]}","['read', 'leg']","[{'type': 'laptop', 'brand': 'HP', 'year': 2020}, {'type': 'phone', 'brand': 'Apple', 'year': 2024}]",3.0,1.0,1.0,"['run', 'sister']",3.0,952.0,643.0,Tashkent,,
255,,22.0,Female,99.0,,Amandabury,,,Other,,pending,0.0,average,156.0,,"BROKEN,ADDRESS,DATA,,,",INVALID_JSON_DATA,,,,,,,,,,,,
256,Ann Burns,22.0,Unknown,100.0,,Lake Ashley,,2006-05-27 00:00:00,Other,110.0,active,3.7,excellent,227.0,2019-08-14 00:00:00,"BROKEN,ADDRESS,DATA,,,","{'hobbies': ['about', 'city'], 'skills': {'tech': {'python': 2, 'excel': 4, 'sql': 1}, 'soft': ['that', 'walk']}, 'family': {'siblings': 3, 'income': {'father': 282, 'mother': 1017}}, 'devices': [{'type': 'laptop', 'brand': 'Lenovo', 'year': 2016}, {'type': 'phone', 'brand': 'Xiaomi', 'year': 2018}]}","['about', 'city']","[{'type': 'laptop', 'brand': 'Lenovo', 'year': 2016}, {'type': 'phone', 'brand': 'Xiaomi', 'year': 2018}]",2.0,4.0,1.0,"['that', 'walk']",3.0,282.0,1017.0,,,
257,,20.0,Female,77.0,+998873288674,North Chelseaview,,1984-07-07 22:59:00,Python,,inactive,1.27,average,181.0,1984-02-20 00:00:00,"Apartment 27, New Mark district, Tashkent, UZ, 100999","{hobbies:['probably', 'place']}",,,,,,,,,,Tashkent,New Mark,100999
258,Mrs. Dana Cole,,Female,,+998942720737,Andersonville,,2022-05-24 00:00:00,Data Science,110.0,active,,average,126.0,2023-03-11 00:00:00,"Johnview 8-kv, dom 27, Tashkent","{'hobbies': ['me', 'sister'], 'skills': {'tech': {'python': 2, 'excel': 1, 'sql': 5}, 'soft': ['yes', 'available']}, 'family': {'siblings': 4, 'income': {'father': 340, 'mother': 633}}, 'devices': [{'type': 'laptop', 'brand': 'HP', 'year': 2021}, {'type': 'phone', 'brand': 'Samsung', 'year': 2022}]}","['me', 'sister']","[{'type': 'laptop', 'brand': 'HP', 'year': 2021}, {'type': 'phone', 'brand': 'Samsung', 'year': 2022}]",2.0,1.0,5.0,"['yes', 'available']",4.0,340.0,633.0,Tashkent,,
259,Dean Lozano,20.0,Female,,,Brandonfurt,,1974-11-27 05:57:07,Python,,pending,,good,216.0,1972-03-07 06:41:17,"BROKEN,ADDRESS,DATA,,,","{'hobbies': ['this', 'trouble'], 'skills': {'tech': {'python': 2, 'excel': 2, 'sql': 3}, 'soft': ['face', 'response']}, 'family': {'siblings': 5, 'income': {'father': 1300, 'mother': 1048}}, 'devices': [{'type': 'laptop', 'brand': 'HP', 'year': 2019}, {'type': 'phone', 'brand': 'Apple', 'year': 2020}]}","['this', 'trouble']","[{'type': 'laptop', 'brand': 'HP', 'year': 2019}, {'type': 'phone', 'brand': 'Apple', 'year': 2020}]",2.0,2.0,3.0,"['face', 'response']",5.0,1300.0,1048.0,,,
260,Tyler Mueller,20.0,Female,61.0,,Port Jeffreyside,,,Data Science,,inactive,15.5,excellent,124.0,1995-04-08 00:00:00,"Apartment 43, Sarahstad district, Tashkent, UZ, 100781",INVALID_JSON_DATA,,,,,,,,,,Tashkent,Sarahstad,100781
261,Charles Smith,20.0,Unknown,89.0,+998831424506,Lake Josephtown,xthomas@lambert-collins.com,1984-12-16 11:44:14,Data Science,86.0,inactive,15.5,average,152.0,2002-01-01 00:00:00,UZ 100304 Tashkent Jonesfurt,"{'hobbies': ['anyone', 'bed'], 'skills': {'tech': {'python': 1, 'excel': 3, 'sql': 4}, 'soft': ['would', 'after']}, 'family': {'siblings': 2, 'income': {'father': 518, 'mother': 607}}, 'devices': [{'type': 'laptop', 'brand': 'HP', 'year': 2015}, {'type': 'phone', 'brand': 'Samsung', 'year': 2020}]}","['anyone', 'bed']","[{'type': 'laptop', 'brand': 'HP', 'year': 2015}, {'type': 'phone', 'brand': 'Samsung', 'year': 2020}]",1.0,3.0,4.0,"['would', 'after']",2.0,518.0,607.0,Tashkent,,100304
262,Michele Johnson,18.0,Female,76.0,+998707685363,Hillchester,,,Data Science,97.0,active,,good,194.0,1989-07-12 03:27:46,"North Alicia 20-kv, dom 35, Tashkent","{'hobbies': ['firm', 'everybody'], 'skills': {'tech': {'python': 4, 'excel': 3, 'sql': 3}, 'soft': ['say', 'do']}, 'family': {'siblings': 1, 'income': {'father': 1464, 'mother': 1493}}, 'devices': [{'type': 'laptop', 'brand': 'HP', 'year': 2017}, {'type': 'phone', 'brand': 'Xiaomi', 'year': 2024}]}","['firm', 'everybody']","[{'type': 'laptop', 'brand': 'HP', 'year': 2017}, {'type': 'phone', 'brand': 'Xiaomi', 'year': 2024}]",4.0,3.0,3.0,"['say', 'do']",1.0,1464.0,1493.0,Tashkent,,
263,,21.0,Female,65.0,+998421921575,Kellyborough,zjohnson@miller-weaver.net,2002-08-30 15:04:12,Data Science,110.0,inactive,15.5,average,220.0,1995-09-08 00:00:00,"BROKEN,ADDRESS,DATA,,,","{'hobbies': ['third', 'prepare'], 'skills': {'tech': {'python': 4, 'excel': 4, 'sql': 3}, 'soft': ['successful', 'product']}, 'family': {'siblings': 2, 'income': {'father': 913, 'mother': 1267}}, 'devices': [{'type': 'laptop', 'brand': 'HP', 'year': 2019}, {'type': 'phone', 'brand': 'Samsung', 'year': 2024}]}","['third', 'prepare']","[{'type': 'laptop', 'brand': 'HP', 'year': 2019}, {'type': 'phone', 'brand': 'Samsung', 'year': 2024}]",4.0,4.0,3.0,"['successful', 'product']",2.0,913.0,1267.0,,,
264,James Griffin,,Female,90.0,+998007299022,West Marieland,,1989-05-11 00:00:00,Data Science,92.0,active,4.46,,219.0,2018-01-14 08:03:10,"Apartment 29, North Tyroneville district, Tashkent, UZ, 100883","{""hobbies"": [""green"", ""box""], ""skills"": {""tech"": {""python"": 2, ""excel"": 1, ""sql"": 2}, ""soft"": [""society"", ""next""]}, ""family"": {""siblings"": 3, ""income"": {""father"": 1161, ""mother"": 228}}, ""devices"": [{""type"": ""laptop"", ""brand"": ""HP"", ""year"": 2024}, {""type"": ""phone"", ""brand"": ""Samsung"", ""year"": 2024}]}","['green', 'box']","[{'type': 'laptop', 'brand': 'HP', 'year': 2024}, {'type': 'phone', 'brand': 'Samsung', 'year': 2024}]",2.0,1.0,2.0,"['society', 'next']",3.0,1161.0,228.0,Tashkent,North Tyroneville,100883
265,Justin Arnold,18.0,Female,81.0,+998353547537,West Victoriastad,,1972-03-11 00:00:00,Other,,inactive,15.5,excellent,92.0,2000-11-24 00:00:00,UZ 100588 Tashkent West Elizabeth,"{'hobbies': ['maintain', 'hard'], 'skills': {'tech': {'python': 1, 'excel': 1, 'sql': 2}, 'soft': ['common', 'resource']}, 'family': {'siblings': 3, 'income': {'father': 422, 'mother': 1398}}, 'devices': [{'type': 'laptop', 'brand': 'Lenovo', 'year': 2016}, {'type': 'phone', 'brand': 'Xiaomi', 'year': 2022}]}","['maintain', 'hard']","[{'type': 'laptop', 'brand': 'Lenovo', 'year': 2016}, {'type': 'phone', 'brand': 'Xiaomi', 'year': 2022}]",1.0,1.0,2.0,"['common', 'resource']",3.0,422.0,1398.0,Tashkent,,100588
266,,19.0,Female,90.0,+998502428051,Jamesburgh,,1999-03-19 00:00:00,Data Science,,pending,15.5,average,195.0,2017-02-10 08:53:00,"Apartment 17, North Raymond district, Tashkent, UZ, 100376","{'hobbies': ['guy', 'test'], 'skills': {'tech': {'python': 3, 'excel': 4, 'sql': 5}, 'soft': ['trade', 'least']}, 'family': {'siblings': 5, 'income': {'father': 1310, 'mother': 604}}, 'devices': [{'type': 'laptop', 'brand': 'Dell', 'year': 2015}, {'type': 'phone', 'brand': 'Xiaomi', 'year': 2023}]}","['guy', 'test']","[{'type': 'laptop', 'brand': 'Dell', 'year': 2015}, {'type': 'phone', 'brand': 'Xiaomi', 'year': 2023}]",3.0,4.0,5.0,"['trade', 'least']",5.0,1310.0,604.0,Tashkent,North Raymond,100376
267,,21.0,Male,90.0,,Josephbury,marcus14@thomas-wong.biz,,Data Science,114.0,active,-2.0,excellent,203.0,2018-03-23 00:00:00,"63287 Donna Walk, Savageborough","{'hobbies': ['week', 'group'], 'skills': {'tech': {'python': 2, 'excel': 3, 'sql': 5}, 'soft': ['form', 'mean']}, 'family': {'siblings': 3, 'income': {'father': 335, 'mother': 1183}}, 'devices': [{'type': 'laptop', 'brand': 'Lenovo', 'year': 2022}, {'type': 'phone', 'brand': 'Apple', 'year': 2019}]}","['week', 'group']","[{'type': 'laptop', 'brand': 'Lenovo', 'year': 2022}, {'type': 'phone', 'brand': 'Apple', 'year': 2019}]",2.0,3.0,5.0,"['form', 'mean']",3.0,335.0,1183.0,Other,,
268,Adam Bowman,20.0,Female,90.0,,North Brentport,,,Other,84.0,inactive,,average,239.0,,"Apartment 20, Lake Stacy district, Tashkent, UZ, 100919","{hobbies:['after', 'treatment']}",,,,,,,,,,Tashkent,Lake Stacy,100919
269,,19.0,Female,,+998859449082,Lake Amberstad,,2023-11-03 06:30:07,Data Science,104.0,inactive,-2.0,,128.0,,"42654 Obrien Stream Apt. 484, North Ianberg","{'hobbies': ['why', 'up'], 'skills': {'tech': {'python': 1, 'excel': 3, 'sql': 4}, 'soft': ['several', 'consider']}, 'family': {'siblings': 5, 'income': {'father': 280, 'mother': 1029}}, 'devices': [{'type': 'laptop', 'brand': 'Lenovo', 'year': 2016}, {'type': 'phone', 'brand': 'Samsung', 'year': 2022}]}","['why', 'up']","[{'type': 'laptop', 'brand': 'Lenovo', 'year': 2016}, {'type': 'phone', 'brand': 'Samsung', 'year': 2022}]",1.0,3.0,4.0,"['several', 'consider']",5.0,280.0,1029.0,Other,,
270,,,Unknown,96.0,,Patrickhaven,,,Data Science,,active,-2.0,average,216.0,1986-04-14 20:33:44,"0553 Joseph Crest, Port Stephenchester","{'hobbies': ['watch', 'step'], 'skills': {'tech': {'python': 1, 'excel': 3, 'sql': 2}, 'soft': ['idea', 'cut']}, 'family': {'siblings': 2, 'income': {'father': 618, 'mother': 407}}, 'devices': [{'type': 'laptop', 'brand': 'Dell', 'year': 2015}, {'type': 'phone', 'brand': 'Samsung', 'year': 2020}]}","['watch', 'step']","[{'type': 'laptop', 'brand': 'Dell', 'year': 2015}, {'type': 'phone', 'brand': 'Samsung', 'year': 2020}]",1.0,3.0,2.0,"['idea', 'cut']",2.0,618.0,407.0,Other,,
271,,,Female,,+998651272487,Rachelstad,,1991-11-03 00:00:00,Other,,active,4.5,excellent,227.0,1988-04-19 11:33:00,UZ 100416 Tashkent Lake John,"{'hobbies': ['word', 'move'], 'skills': {'tech': {'python': 2, 'excel': 5, 'sql': 2}, 'soft': ['coach', 'decision']}, 'family': {'siblings': 4, 'income': {'father': 1043, 'mother': 1206}}, 'devices': [{'type': 'laptop', 'brand': 'Dell', 'year': 2015}, {'type': 'phone', 'brand': 'Xiaomi', 'year': 2023}]}","['word', 'move']","[{'type': 'laptop', 'brand': 'Dell', 'year': 2015}, {'type': 'phone', 'brand': 'Xiaomi', 'year': 2023}]",2.0,5.0,2.0,"['coach', 'decision']",4.0,1043.0,1206.0,Tashkent,,100416
272,,20.0,Female,73.0,+998407992436,Davidside,pricesamuel@young.com,2010-08-23 18:40:24,Data Science,109.0,inactive,15.5,good,234.0,2009-02-28 00:00:00,"Apartment 20, Rileyside district, Tashkent, UZ, 100580","{'hobbies': ['anything', 'hospital'], 'skills': {'tech': {'python': 3, 'excel': 1, 'sql': 1}, 'soft': ['age', 'police']}, 'family': {'siblings': 5, 'income': {'father': 586, 'mother': 1160}}, 'devices': [{'type': 'laptop', 'brand': 'HP', 'year': 2024}, {'type': 'phone', 'brand': 'Apple', 'year': 2018}]}","['anything', 'hospital']","[{'type': 'laptop', 'brand': 'HP', 'year': 2024}, {'type': 'phone', 'brand': 'Apple', 'year': 2018}]",3.0,1.0,1.0,"['age', 'police']",5.0,586.0,1160.0,Tashkent,Rileyside,100580
273,,,Unknown,90.0,,Rayfurt,,1982-01-08 00:00:00,Data Science,93.0,inactive,3.51,average,214.0,,"2917 Connie Motorway, West Jamie","{hobbies:['top', 'air']}",,,,,,,,,,Other,,
274,April Sharp,20.0,Male,79.0,+998321497176,Guzmanbury,,2007-01-26 08:08:12,Other,110.0,active,4.24,average,127.0,1977-10-29 00:00:00,"BROKEN,ADDRESS,DATA,,,","{hobbies:['candidate', 'station']}",,,,,,,,,,,,
275,Jessica Leon,20.0,Female,78.0,+998129219367,West Toddside,,1973-01-13 00:00:00,Data Science,110.0,inactive,1.35,average,85.0,1971-12-26 00:00:00,"BROKEN,ADDRESS,DATA,,,","{'hobbies': ['group', 'great'], 'skills': {'tech': {'python': 1, 'excel': 2, 'sql': 1}, 'soft': ['may', 'suddenly']}, 'family': {'siblings': 3, 'income': {'father': 850, 'mother': 388}}, 'devices': [{'type': 'laptop', 'brand': 'Dell', 'year': 2019}, {'type': 'phone', 'brand': 'Xiaomi', 'year': 2024}]}","['group', 'great']","[{'type': 'laptop', 'brand': 'Dell', 'year': 2019}, {'type': 'phone', 'brand': 'Xiaomi', 'year': 2024}]",1.0,2.0,1.0,"['may', 'suddenly']",3.0,850.0,388.0,,,
276,Christopher Cruz,20.0,Female,77.0,,Obrienshire,,,Data Science,,active,2.66,excellent,135.0,1987-05-27 00:00:00,UZ 100679 Tashkent Maryport,"{'hobbies': ['television', 'serve'], 'skills': {'tech': {'python': 5, 'excel': 2, 'sql': 5}, 'soft': ['find', 'kind']}, 'family': {'siblings': 2, 'income': {'father': 612, 'mother': 1374}}, 'devices': [{'type': 'laptop', 'brand': 'HP', 'year': 2019}, {'type': 'phone', 'brand': 'Samsung', 'year': 2018}]}","['television', 'serve']","[{'type': 'laptop', 'brand': 'HP', 'year': 2019}, {'type': 'phone', 'brand': 'Samsung', 'year': 2018}]",5.0,2.0,5.0,"['find', 'kind']",2.0,612.0,1374.0,Tashkent,,100679
277,Hunter Smith,19.0,Male,,+998672855390,Robinsonton,,2007-04-03 20:56:59,Python,102.0,active,0.0,excellent,299.0,1974-06-11 00:00:00,"Apartment 8, Ashleyborough district, Tashkent, UZ, 100060","{'hobbies': ['those', 'partner'], 'skills': {'tech': {'python': 5, 'excel': 4, 'sql': 4}, 'soft': ['which', 'actually']}, 'family': {'siblings': 3, 'income': {'father': 1415, 'mother': 828}}, 'devices': [{'type': 'laptop', 'brand': 'HP', 'year': 2016}, {'type': 'phone', 'brand': 'Apple', 'year': 2018}]}","['those', 'partner']","[{'type': 'laptop', 'brand': 'HP', 'year': 2016}, {'type': 'phone', 'brand': 'Apple', 'year': 2018}]",5.0,4.0,4.0,"['which', 'actually']",3.0,1415.0,828.0,Tashkent,Ashleyborough,100060
278,Tracy Martin,21.0,Unknown,86.0,+998484287876,Lake Hunter,,2001-12-01 18:40:00,Data Science,110.0,inactive,0.0,excellent,100.0,1971-04-21 00:00:00,"4741 Phillips Course Apt. 019, Lake Theresafurt","{hobbies:['from', 'different']}",,,,,,,,,,Other,,
279,Erica Myers,18.0,Unknown,85.0,,West Olivia,,1983-03-18 00:00:00,Data Science,,inactive,-2.0,,140.0,1993-10-30 00:00:00,"BROKEN,ADDRESS,DATA,,,","{'hobbies': ['support', 'support'], 'skills': {'tech': {'python': 3, 'excel': 5, 'sql': 5}, 'soft': ['end', 'collection']}, 'family': {'siblings': 0, 'income': {'father': 1095, 'mother': 1133}}, 'devices': [{'type': 'laptop', 'brand': 'Dell', 'year': 2024}, {'type': 'phone', 'brand': 'Apple', 'year': 2020}]}","['support', 'support']","[{'type': 'laptop', 'brand': 'Dell', 'year': 2024}, {'type': 'phone', 'brand': 'Apple', 'year': 2020}]",3.0,5.0,5.0,"['end', 'collection']",0.0,1095.0,1133.0,,,
280,Audrey Moran,,Unknown,88.0,,West Shawnabury,,1994-03-14 00:00:00,Data Science,110.0,pending,-2.0,good,218.0,1975-12-08 00:00:00,"BROKEN,ADDRESS,DATA,,,","{'hobbies': ['exist', 'politics'], 'skills': {'tech': {'python': 3, 'excel': 1, 'sql': 3}, 'soft': ['conference', 'commercial']}, 'family': {'siblings': 4, 'income': {'father': 1499, 'mother': 861}}, 'devices': [{'type': 'laptop', 'brand': 'Lenovo', 'year': 2022}, {'type': 'phone', 'brand': 'Samsung', 'year': 2024}]}","['exist', 'politics']","[{'type': 'laptop', 'brand': 'Lenovo', 'year': 2022}, {'type': 'phone', 'brand': 'Samsung', 'year': 2024}]",3.0,1.0,3.0,"['conference', 'commercial']",4.0,1499.0,861.0,,,
281,,18.0,Female,94.0,,Brittneyburgh,dgreen@henry-marshall.com,,Data Science,72.0,pending,1.52,excellent,69.0,1992-08-16 19:39:00,"BROKEN,ADDRESS,DATA,,,",INVALID_JSON_DATA,,,,,,,,,,,,
282,,20.0,Female,90.0,,Marciastad,,,Other,110.0,active,4.5,excellent,148.0,2014-09-06 00:00:00,"BROKEN,ADDRESS,DATA,,,","{hobbies:['none', 'third']}",,,,,,,,,,,,
283,William Torres,21.0,Female,,+998622705245,Suzanneland,khantricia@swanson.com,1977-12-04 00:00:00,Data Science,110.0,pending,-2.0,,53.0,1993-12-20 16:18:00,"978 Allison Loop Apt. 882, Whitemouth","{'hobbies': ['specific', 'me'], 'skills': {'tech': {'python': 3, 'excel': 2, 'sql': 4}, 'soft': ['hand', 'room']}, 'family': {'siblings': 5, 'income': {'father': 709, 'mother': 1412}}, 'devices': [{'type': 'laptop', 'brand': 'HP', 'year': 2023}, {'type': 'phone', 'brand': 'Apple', 'year': 2019}]}","['specific', 'me']","[{'type': 'laptop', 'brand': 'HP', 'year': 2023}, {'type': 'phone', 'brand': 'Apple', 'year': 2019}]",3.0,2.0,4.0,"['hand', 'room']",5.0,709.0,1412.0,Other,,
284,Vicki Morales,21.0,Female,,,North Jacqueline,harveydaniel@grimes.com,2014-08-11 06:04:00,Data Science,,inactive,4.5,excellent,216.0,2007-05-22 00:00:00,"BROKEN,ADDRESS,DATA,,,",INVALID_JSON_DATA,,,,,,,,,,,,
285,Laura Bates,21.0,Female,86.0,,Michaelfurt,,,Data Science,,active,15.5,good,85.0,1986-05-17 19:24:00,"South David 8-kv, dom 24, Tashkent",INVALID_JSON_DATA,,,,,,,,,,Tashkent,,
286,Vincent Huffman,20.0,Female,83.0,+998128254642,Lake Robin,,1972-06-07 00:00:00,Data Science,110.0,active,2.15,excellent,218.0,1992-12-30 00:00:00,UZ 100578 Tashkent New Davidmouth,INVALID_JSON_DATA,,,,,,,,,,Tashkent,,100578
287,Jeffrey Lowe,19.0,Female,90.0,+998190965066,North Erikbury,qparker@hotmail.com,1983-12-25 05:25:00,Data Science,,inactive,3.91,,212.0,1970-06-14 00:00:00,"Curryhaven 5-kv, dom 5, Tashkent","{""hobbies"": [""candidate"", ""rate""], ""skills"": {""tech"": {""python"": 5, ""excel"": 4, ""sql"": 1}, ""soft"": [""information"", ""available""]}, ""family"": {""siblings"": 3, ""income"": {""father"": 567, ""mother"": 233}}, ""devices"": [{""type"": ""laptop"", ""brand"": ""Dell"", ""year"": 2020}, {""type"": ""phone"", ""brand"": ""Apple"", ""year"": 2021}]}","['candidate', 'rate']","[{'type': 'laptop', 'brand': 'Dell', 'year': 2020}, {'type': 'phone', 'brand': 'Apple', 'year': 2021}]",5.0,4.0,1.0,"['information', 'available']",3.0,567.0,233.0,Tashkent,,
288,Hannah Roberts,20.0,Male,90.0,+998909842557,West Virginia,wrightalexis@lopez.biz,1970-02-27 00:00:00,Other,110.0,pending,-2.0,excellent,58.0,,"86909 Nguyen Views, Hernandezchester",INVALID_JSON_DATA,,,,,,,,,,Other,,
289,Joshua Guerrero,19.0,Unknown,,+998551442089,Watersberg,,2007-03-04 00:00:00,Data Science,110.0,inactive,,excellent,261.0,,UZ 100382 Tashkent Morenoview,INVALID_JSON_DATA,,,,,,,,,,Tashkent,,100382
290,,18.0,Female,,,West Richardbury,,1972-02-16 11:00:00,Data Science,115.0,pending,0.0,good,283.0,,"96315 Annette Rest, Port Charlesport","{'hobbies': ['nation', 'right'], 'skills': {'tech': {'python': 4, 'excel': 5, 'sql': 2}, 'soft': ['artist', 'process']}, 'family': {'siblings': 3, 'income': {'father': 1367, 'mother': 1013}}, 'devices': [{'type': 'laptop', 'brand': 'Dell', 'year': 2022}, {'type': 'phone', 'brand': 'Samsung', 'year': 2022}]}","['nation', 'right']","[{'type': 'laptop', 'brand': 'Dell', 'year': 2022}, {'type': 'phone', 'brand': 'Samsung', 'year': 2022}]",4.0,5.0,2.0,"['artist', 'process']",3.0,1367.0,1013.0,Other,,
291,Dennis Bishop,20.0,Female,,+998817131279,South Sandra,,,Data Science,110.0,active,0.0,,237.0,2006-01-26 00:00:00,"Apartment 35, Huffburgh district, Tashkent, UZ, 100573","{'hobbies': ['various', 'value'], 'skills': {'tech': {'python': 3, 'excel': 1, 'sql': 3}, 'soft': ['myself', 'seven']}, 'family': {'siblings': 5, 'income': {'father': 906, 'mother': 1438}}, 'devices': [{'type': 'laptop', 'brand': 'HP', 'year': 2022}, {'type': 'phone', 'brand': 'Xiaomi', 'year': 2020}]}","['various', 'value']","[{'type': 'laptop', 'brand': 'HP', 'year': 2022}, {'type': 'phone', 'brand': 'Xiaomi', 'year': 2020}]",3.0,1.0,3.0,"['myself', 'seven']",5.0,906.0,1438.0,Tashkent,Huffburgh,100573
292,Lynn Gordon,21.0,Female,90.0,+998869599046,Johnsonchester,henry44@craig.com,1974-10-28 00:11:00,Other,110.0,inactive,0.0,excellent,105.0,2022-11-23 00:00:00,"Port Karenborough 15-kv, dom 2, Tashkent","{hobbies:['the', 'production']}",,,,,,,,,,Tashkent,,
293,,,Male,59.0,+998217567290,North Vanessaberg,,2020-06-02 06:08:23,Data Science,,inactive,15.5,average,114.0,2009-08-04 00:00:00,"West Josephville 28-kv, dom 45, Tashkent","{'hobbies': ['floor', 'notice'], 'skills': {'tech': {'python': 2, 'excel': 3, 'sql': 5}, 'soft': ['sign', 'throughout']}, 'family': {'siblings': 2, 'income': {'father': 486, 'mother': 1054}}, 'devices': [{'type': 'laptop', 'brand': 'Lenovo', 'year': 2017}, {'type': 'phone', 'brand': 'Xiaomi', 'year': 2018}]}","['floor', 'notice']","[{'type': 'laptop', 'brand': 'Lenovo', 'year': 2017}, {'type': 'phone', 'brand': 'Xiaomi', 'year': 2018}]",2.0,3.0,5.0,"['sign', 'throughout']",2.0,486.0,1054.0,Tashkent,,
294,Wendy Dunn,20.0,Female,,,Stewarttown,,1986-05-29 00:00:00,Data Science,,active,4.5,good,176.0,2022-09-16 05:31:23,UZ 100431 Tashkent Garciafort,"{""hobbies"": [""make"", ""area""], ""skills"": {""tech"": {""python"": 1, ""excel"": 3, ""sql"": 5}, ""soft"": [""produce"", ""page""]}, ""family"": {""siblings"": 3, ""income"": {""father"": 1047, ""mother"": 811}}, ""devices"": [{""type"": ""laptop"", ""brand"": ""Dell"", ""year"": 2021}, {""type"": ""phone"", ""brand"": ""Apple"", ""year"": 2020}]}","['make', 'area']","[{'type': 'laptop', 'brand': 'Dell', 'year': 2021}, {'type': 'phone', 'brand': 'Apple', 'year': 2020}]",1.0,3.0,5.0,"['produce', 'page']",3.0,1047.0,811.0,Tashkent,,100431
295,Elizabeth Nelson,20.0,Female,84.0,,West Kenneth,,1986-11-02 00:00:00,Other,110.0,inactive,0.0,excellent,151.0,2010-07-21 00:00:00,"Apartment 31, Lake Karen district, Tashkent, UZ, 100697",INVALID_JSON_DATA,,,,,,,,,,Tashkent,Lake Karen,100697
296,,19.0,Female,90.0,+998349648673,East Robinstad,,,Python,,pending,4.5,,284.0,1980-03-07 15:28:05,"36436 Gamble Freeway Suite 098, Jeanstad","{""hobbies"": [""anything"", ""long""], ""skills"": {""tech"": {""python"": 5, ""excel"": 1, ""sql"": 3}, ""soft"": [""field"", ""fast""]}, ""family"": {""siblings"": 2, ""income"": {""father"": 1303, ""mother"": 1219}}, ""devices"": [{""type"": ""laptop"", ""brand"": ""Lenovo"", ""year"": 2021}, {""type"": ""phone"", ""brand"": ""Apple"", ""year"": 2024}]}","['anything', 'long']","[{'type': 'laptop', 'brand': 'Lenovo', 'year': 2021}, {'type': 'phone', 'brand': 'Apple', 'year': 2024}]",5.0,1.0,3.0,"['field', 'fast']",2.0,1303.0,1219.0,Other,,
297,Tiffany Reyes,18.0,Male,91.0,+998999918816,South Pamela,sanchezkevin@yahoo.com,1975-09-06 21:44:00,Other,110.0,inactive,3.7,good,111.0,1970-12-04 00:00:00,"BROKEN,ADDRESS,DATA,,,","{'hobbies': ['half', 'wind'], 'skills': {'tech': {'python': 5, 'excel': 1, 'sql': 3}, 'soft': ['create', 'word']}, 'family': {'siblings': 3, 'income': {'father': 524, 'mother': 1494}}, 'devices': [{'type': 'laptop', 'brand': 'Dell', 'year': 2023}, {'type': 'phone', 'brand': 'Apple', 'year': 2019}]}","['half', 'wind']","[{'type': 'laptop', 'brand': 'Dell', 'year': 2023}, {'type': 'phone', 'brand': 'Apple', 'year': 2019}]",5.0,1.0,3.0,"['create', 'word']",3.0,524.0,1494.0,,,
298,,18.0,Male,78.0,,Port Hayleyport,,2019-06-20 00:00:00,Data Science,76.0,active,,good,219.0,2022-04-19 00:00:00,"5327 Anthony Rest, Russellfort","{hobbies:['into', 'office']}",,,,,,,,,,Other,,
299,Vincent Collins,18.0,Male,90.0,+998061077941,West Jamie,,1999-03-25 00:00:00,Other,,pending,-2.0,average,206.0,,"780 William Summit Apt. 320, Shawnstad","{'hobbies': ['million', 'over'], 'skills': {'tech': {'python': 2, 'excel': 1, 'sql': 1}, 'soft': ['stop', 'enough']}, 'family': {'siblings': 5, 'income': {'father': 1419, 'mother': 1065}}, 'devices': [{'type': 'laptop', 'brand': 'Dell', 'year': 2023}, {'type': 'phone', 'brand': 'Samsung', 'year': 2024}]}","['million', 'over']","[{'type': 'laptop', 'brand': 'Dell', 'year': 2023}, {'type': 'phone', 'brand': 'Samsung', 'year': 2024}]",2.0,1.0,1.0,"['stop', 'enough']",5.0,1419.0,1065.0,Other,,
300,Jared Mckinney,18.0,Unknown,,+998377267454,Jacksonbury,elizabeth02@hotmail.com,1973-09-09 00:00:00,Data Science,102.0,inactive,15.5,,258.0,2021-02-09 00:00:00,"Apartment 19, North Teresaberg district, Tashkent, UZ, 100009","{""hobbies"": [""finish"", ""age""], ""skills"": {""tech"": {""python"": 3, ""excel"": 1, ""sql"": 4}, ""soft"": [""win"", ""fall""]}, ""family"": {""siblings"": 4, ""income"": {""father"": 1342, ""mother"": 1266}}, ""devices"": [{""type"": ""laptop"", ""brand"": ""HP"", ""year"": 2017}, {""type"": ""phone"", ""brand"": ""Samsung"", ""year"": 2021}]}","['finish', 'age']","[{'type': 'laptop', 'brand': 'HP', 'year': 2017}, {'type': 'phone', 'brand': 'Samsung', 'year': 2021}]",3.0,1.0,4.0,"['win', 'fall']",4.0,1342.0,1266.0,Tashkent,North Teresaberg,100009
301,Andrew Andrews,18.0,Male,74.0,,Aprilberg,gcastillo@bishop.info,1995-05-03 21:16:50,Other,110.0,pending,-2.0,,244.0,1981-04-20 15:02:00,"410 Baker Cliffs, South Ian","{'hobbies': ['remain', 'management'], 'skills': {'tech': {'python': 2, 'excel': 3, 'sql': 3}, 'soft': ['analysis', 'respond']}, 'family': {'siblings': 0, 'income': {'father': 642, 'mother': 773}}, 'devices': [{'type': 'laptop', 'brand': 'Lenovo', 'year': 2024}, {'type': 'phone', 'brand': 'Samsung', 'year': 2018}]}","['remain', 'management']","[{'type': 'laptop', 'brand': 'Lenovo', 'year': 2024}, {'type': 'phone', 'brand': 'Samsung', 'year': 2018}]",2.0,3.0,3.0,"['analysis', 'respond']",0.0,642.0,773.0,Other,,
302,Leah Taylor,18.0,Unknown,94.0,,Richardmouth,,1986-09-17 03:10:31,Other,101.0,active,4.5,excellent,121.0,2009-04-05 17:03:17,"Apartment 50, Johnsonfurt district, Tashkent, UZ, 100029","{hobbies:['eat', 'smile']}",,,,,,,,,,Tashkent,Johnsonfurt,100029
303,Lawrence Smith,,Female,,+998888164219,South Erinville,,2007-07-07 00:00:00,Other,,active,0.0,good,94.0,1974-04-22 00:00:00,"663 Cook Lodge Apt. 565, Yustad","{'hobbies': ['part', 'according'], 'skills': {'tech': {'python': 4, 'excel': 4, 'sql': 3}, 'soft': ['continue', 'modern']}, 'family': {'siblings': 3, 'income': {'father': 1134, 'mother': 809}}, 'devices': [{'type': 'laptop', 'brand': 'HP', 'year': 2018}, {'type': 'phone', 'brand': 'Xiaomi', 'year': 2020}]}","['part', 'according']","[{'type': 'laptop', 'brand': 'HP', 'year': 2018}, {'type': 'phone', 'brand': 'Xiaomi', 'year': 2020}]",4.0,4.0,3.0,"['continue', 'modern']",3.0,1134.0,809.0,Other,,
304,John Collier,18.0,Unknown,90.0,+998577431966,Mathewsland,,2019-07-01 14:27:24,Python,98.0,pending,-2.0,excellent,223.0,2015-06-08 17:05:00,UZ 100024 Tashkent West Jessicafurt,"{'hobbies': ['lose', 'reach'], 'skills': {'tech': {'python': 4, 'excel': 4, 'sql': 4}, 'soft': ['table', 'someone']}, 'family': {'siblings': 1, 'income': {'father': 856, 'mother': 1449}}, 'devices': [{'type': 'laptop', 'brand': 'Dell', 'year': 2017}, {'type': 'phone', 'brand': 'Xiaomi', 'year': 2019}]}","['lose', 'reach']","[{'type': 'laptop', 'brand': 'Dell', 'year': 2017}, {'type': 'phone', 'brand': 'Xiaomi', 'year': 2019}]",4.0,4.0,4.0,"['table', 'someone']",1.0,856.0,1449.0,Tashkent,,100024
305,Kenneth Mcdonald,18.0,Male,,+998463153723,Aliciaton,,1983-01-27 00:00:00,Data Science,,pending,-2.0,excellent,146.0,2003-03-06 00:00:00,"BROKEN,ADDRESS,DATA,,,","{'hobbies': ['modern', 'exactly'], 'skills': {'tech': {'python': 4, 'excel': 5, 'sql': 3}, 'soft': ['put', 'central']}, 'family': {'siblings': 0, 'income': {'father': 1331, 'mother': 223}}, 'devices': [{'type': 'laptop', 'brand': 'HP', 'year': 2020}, {'type': 'phone', 'brand': 'Samsung', 'year': 2024}]}","['modern', 'exactly']","[{'type': 'laptop', 'brand': 'HP', 'year': 2020}, {'type': 'phone', 'brand': 'Samsung', 'year': 2024}]",4.0,5.0,3.0,"['put', 'central']",0.0,1331.0,223.0,,,
306,Kayla Martinez,18.0,Female,,,Nelsonshire,singhmicheal@gmail.com,,Data Science,105.0,active,0.0,,243.0,1997-11-20 20:49:58,"Christopherhaven 7-kv, dom 45, Tashkent","{'hobbies': ['cost', 'computer'], 'skills': {'tech': {'python': 5, 'excel': 2, 'sql': 5}, 'soft': ['safe', 'manager']}, 'family': {'siblings': 5, 'income': {'father': 363, 'mother': 462}}, 'devices': [{'type': 'laptop', 'brand': 'Lenovo', 'year': 2015}, {'type': 'phone', 'brand': 'Samsung', 'year': 2019}]}","['cost', 'computer']","[{'type': 'laptop', 'brand': 'Lenovo', 'year': 2015}, {'type': 'phone', 'brand': 'Samsung', 'year': 2019}]",5.0,2.0,5.0,"['safe', 'manager']",5.0,363.0,462.0,Tashkent,,
307,Ruth Edwards,21.0,Male,65.0,+998567378553,Johnmouth,,2003-04-17 14:53:03,Other,,pending,4.47,excellent,133.0,1980-08-28 01:19:06,"Apartment 44, Jonesmouth district, Tashkent, UZ, 100100",INVALID_JSON_DATA,,,,,,,,,,Tashkent,Jonesmouth,100100
308,Kyle Brown,,Female,,+998256344761,West Jennifer,,,Other,116.0,pending,-2.0,excellent,56.0,1985-05-22 00:00:00,"1120 Brittany Cliffs Suite 826, New Jordan","{'hobbies': ['conference', 'citizen'], 'skills': {'tech': {'python': 3, 'excel': 5, 'sql': 1}, 'soft': ['outside', 'ball']}, 'family': {'siblings': 5, 'income': {'father': 951, 'mother': 988}}, 'devices': [{'type': 'laptop', 'brand': 'Dell', 'year': 2023}, {'type': 'phone', 'brand': 'Apple', 'year': 2021}]}","['conference', 'citizen']","[{'type': 'laptop', 'brand': 'Dell', 'year': 2023}, {'type': 'phone', 'brand': 'Apple', 'year': 2021}]",3.0,5.0,1.0,"['outside', 'ball']",5.0,951.0,988.0,Other,,
309,,18.0,Female,68.0,+998971892368,Lake Andreaburgh,,2005-11-26 00:49:43,Data Science,71.0,inactive,-2.0,good,131.0,1976-06-21 23:43:21,"10040 West Lakes Suite 279, East Samanthaland","{hobbies:['serve', 'knowledge']}",,,,,,,,,,Other,,
310,Rachel Parker,21.0,Male,65.0,,Jordanberg,,1974-01-07 00:00:00,Python,110.0,inactive,4.5,,149.0,2015-02-09 14:36:27,UZ 100076 Tashkent Port Lauren,"{'hobbies': ['suddenly', 'culture'], 'skills': {'tech': {'python': 1, 'excel': 3, 'sql': 5}, 'soft': ['head', 'old']}, 'family': {'siblings': 3, 'income': {'father': 526, 'mother': 1121}}, 'devices': [{'type': 'laptop', 'brand': 'Dell', 'year': 2020}, {'type': 'phone', 'brand': 'Xiaomi', 'year': 2021}]}","['suddenly', 'culture']","[{'type': 'laptop', 'brand': 'Dell', 'year': 2020}, {'type': 'phone', 'brand': 'Xiaomi', 'year': 2021}]",1.0,3.0,5.0,"['head', 'old']",3.0,526.0,1121.0,Tashkent,,100076
311,Katherine Clark,20.0,Female,97.0,,East Gabriellamouth,,2025-04-24 20:11:00,Data Science,110.0,active,,good,197.0,1999-06-26 03:58:13,"Michaelburgh 6-kv, dom 30, Tashkent",INVALID_JSON_DATA,,,,,,,,,,Tashkent,,
312,,18.0,Male,90.0,+998818522467,Lake Jasmine,,2001-06-10 19:42:00,Data Science,110.0,active,4.29,excellent,298.0,1997-01-05 00:00:00,"Sharonland 2-kv, dom 45, Tashkent","{'hobbies': ['far', 'officer'], 'skills': {'tech': {'python': 2, 'excel': 1, 'sql': 3}, 'soft': ['sure', 'son']}, 'family': {'siblings': 3, 'income': {'father': 1378, 'mother': 513}}, 'devices': [{'type': 'laptop', 'brand': 'Dell', 'year': 2022}, {'type': 'phone', 'brand': 'Xiaomi', 'year': 2020}]}","['far', 'officer']","[{'type': 'laptop', 'brand': 'Dell', 'year': 2022}, {'type': 'phone', 'brand': 'Xiaomi', 'year': 2020}]",2.0,1.0,3.0,"['sure', 'son']",3.0,1378.0,513.0,Tashkent,,
313,Willie Hoover,20.0,Female,,+998560019218,Fullermouth,holmessteven@hotmail.com,2009-12-25 00:00:00,Other,,inactive,-2.0,average,248.0,1980-05-04 00:00:00,"Murraymouth 19-kv, dom 29, Tashkent","{'hobbies': ['pass', 'staff'], 'skills': {'tech': {'python': 4, 'excel': 2, 'sql': 1}, 'soft': ['specific', 'reduce']}, 'family': {'siblings': 3, 'income': {'father': 508, 'mother': 1273}}, 'devices': [{'type': 'laptop', 'brand': 'Lenovo', 'year': 2015}, {'type': 'phone', 'brand': 'Apple', 'year': 2023}]}","['pass', 'staff']","[{'type': 'laptop', 'brand': 'Lenovo', 'year': 2015}, {'type': 'phone', 'brand': 'Apple', 'year': 2023}]",4.0,2.0,1.0,"['specific', 'reduce']",3.0,508.0,1273.0,Tashkent,,
314,Jennifer Johnson,18.0,Female,,+998492102553,Turnerberg,,2002-02-04 04:27:49,Other,66.0,pending,3.7,excellent,154.0,2024-06-23 00:00:00,"Apartment 15, Pittmanchester district, Tashkent, UZ, 100280",INVALID_JSON_DATA,,,,,,,,,,Tashkent,Pittmanchester,100280
315,Joanne Lopez,20.0,Male,90.0,+998395549610,Adrianabury,,2024-04-05 00:00:00,Python,110.0,inactive,15.5,average,98.0,1973-10-08 00:00:00,"02174 Jennifer Greens Apt. 839, Morenomouth","{hobbies:['response', 'note']}",,,,,,,,,,Other,,
316,Michele Hogan,20.0,Male,,+998955165799,Burgessside,ssmith@hotmail.com,1980-05-22 02:05:36,Data Science,110.0,active,15.5,average,128.0,1982-12-24 00:00:00,"BROKEN,ADDRESS,DATA,,,","{'hobbies': ['operation', 'toward'], 'skills': {'tech': {'python': 1, 'excel': 2, 'sql': 4}, 'soft': ['performance', 'building']}, 'family': {'siblings': 3, 'income': {'father': 869, 'mother': 375}}, 'devices': [{'type': 'laptop', 'brand': 'Dell', 'year': 2023}, {'type': 'phone', 'brand': 'Apple', 'year': 2023}]}","['operation', 'toward']","[{'type': 'laptop', 'brand': 'Dell', 'year': 2023}, {'type': 'phone', 'brand': 'Apple', 'year': 2023}]",1.0,2.0,4.0,"['performance', 'building']",3.0,869.0,375.0,,,
317,Mackenzie Haas,19.0,Female,64.0,,New Bruce,,1976-09-05 17:43:53,Data Science,110.0,pending,-2.0,,128.0,1988-02-06 00:00:00,"New Charles 14-kv, dom 1, Tashkent","{'hobbies': ['capital', 'produce'], 'skills': {'tech': {'python': 3, 'excel': 5, 'sql': 3}, 'soft': ['over', 'condition']}, 'family': {'siblings': 3, 'income': {'father': 1137, 'mother': 881}}, 'devices': [{'type': 'laptop', 'brand': 'Dell', 'year': 2019}, {'type': 'phone', 'brand': 'Samsung', 'year': 2022}]}","['capital', 'produce']","[{'type': 'laptop', 'brand': 'Dell', 'year': 2019}, {'type': 'phone', 'brand': 'Samsung', 'year': 2022}]",3.0,5.0,3.0,"['over', 'condition']",3.0,1137.0,881.0,Tashkent,,
318,Sarah Perez MD,19.0,Male,75.0,,East Erik,,,Data Science,,pending,0.0,good,216.0,,"BROKEN,ADDRESS,DATA,,,","{'hobbies': ['stand', 'father'], 'skills': {'tech': {'python': 4, 'excel': 4, 'sql': 1}, 'soft': ['meeting', 'parent']}, 'family': {'siblings': 5, 'income': {'father': 824, 'mother': 1340}}, 'devices': [{'type': 'laptop', 'brand': 'Dell', 'year': 2017}, {'type': 'phone', 'brand': 'Xiaomi', 'year': 2024}]}","['stand', 'father']","[{'type': 'laptop', 'brand': 'Dell', 'year': 2017}, {'type': 'phone', 'brand': 'Xiaomi', 'year': 2024}]",4.0,4.0,1.0,"['meeting', 'parent']",5.0,824.0,1340.0,,,
319,Carolyn Moreno,22.0,Male,82.0,,West Randy,williamslarry@hotmail.com,1986-08-30 00:00:00,Python,110.0,pending,15.5,excellent,230.0,,"BROKEN,ADDRESS,DATA,,,","{'hobbies': ['responsibility', 'read'], 'skills': {'tech': {'python': 3, 'excel': 3, 'sql': 1}, 'soft': ['civil', 'shoulder']}, 'family': {'siblings': 1, 'income': {'father': 319, 'mother': 400}}, 'devices': [{'type': 'laptop', 'brand': 'HP', 'year': 2023}, {'type': 'phone', 'brand': 'Apple', 'year': 2021}]}","['responsibility', 'read']","[{'type': 'laptop', 'brand': 'HP', 'year': 2023}, {'type': 'phone', 'brand': 'Apple', 'year': 2021}]",3.0,3.0,1.0,"['civil', 'shoulder']",1.0,319.0,400.0,,,
320,Joshua Ross,20.0,Unknown,67.0,+998851567322,Stanleymouth,,2023-08-04 00:00:00,Other,97.0,pending,4.5,average,175.0,2012-12-04 00:00:00,"6771 Miller Crescent, Port Sarah","{""hobbies"": [""great"", ""necessary""], ""skills"": {""tech"": {""python"": 3, ""excel"": 4, ""sql"": 3}, ""soft"": [""sometimes"", ""president""]}, ""family"": {""siblings"": 0, ""income"": {""father"": 635, ""mother"": 304}}, ""devices"": [{""type"": ""laptop"", ""brand"": ""HP"", ""year"": 2017}, {""type"": ""phone"", ""brand"": ""Apple"", ""year"": 2024}]}","['great', 'necessary']","[{'type': 'laptop', 'brand': 'HP', 'year': 2017}, {'type': 'phone', 'brand': 'Apple', 'year': 2024}]",3.0,4.0,3.0,"['sometimes', 'president']",0.0,635.0,304.0,Other,,
321,Shawn Collins,22.0,Female,,,Brittanyburgh,,1985-01-05 00:00:00,Data Science,,pending,3.7,excellent,193.0,,"Apartment 25, New Dawnburgh district, Tashkent, UZ, 100666","{'hobbies': ['evening', 'animal'], 'skills': {'tech': {'python': 3, 'excel': 1, 'sql': 1}, 'soft': ['page', 'woman']}, 'family': {'siblings': 3, 'income': {'father': 1288, 'mother': 465}}, 'devices': [{'type': 'laptop', 'brand': 'HP', 'year': 2017}, {'type': 'phone', 'brand': 'Apple', 'year': 2023}]}","['evening', 'animal']","[{'type': 'laptop', 'brand': 'HP', 'year': 2017}, {'type': 'phone', 'brand': 'Apple', 'year': 2023}]",3.0,1.0,1.0,"['page', 'woman']",3.0,1288.0,465.0,Tashkent,New Dawnburgh,100666
322,Antonio Bryan,22.0,Female,90.0,,Lake Helen,adavis@hotmail.com,2010-04-14 00:00:00,Data Science,87.0,inactive,4.5,good,221.0,2025-05-15 00:00:00,"Apartment 19, East Connie district, Tashkent, UZ, 100047","{""hobbies"": [""bring"", ""sea""], ""skills"": {""tech"": {""python"": 4, ""excel"": 2, ""sql"": 3}, ""soft"": [""heart"", ""thank""]}, ""family"": {""siblings"": 3, ""income"": {""father"": 721, ""mother"": 564}}, ""devices"": [{""type"": ""laptop"", ""brand"": ""Dell"", ""year"": 2017}, {""type"": ""phone"", ""brand"": ""Samsung"", ""year"": 2022}]}","['bring', 'sea']","[{'type': 'laptop', 'brand': 'Dell', 'year': 2017}, {'type': 'phone', 'brand': 'Samsung', 'year': 2022}]",4.0,2.0,3.0,"['heart', 'thank']",3.0,721.0,564.0,Tashkent,East Connie,100047
323,Barry Oneill,22.0,Female,87.0,,East Emilyport,,1991-03-26 00:00:00,Data Science,,active,15.5,excellent,279.0,2011-07-28 00:00:00,"316 Elizabeth Run, South Jamesport","{""hobbies"": [""moment"", ""also""], ""skills"": {""tech"": {""python"": 5, ""excel"": 3, ""sql"": 1}, ""soft"": [""operation"", ""pretty""]}, ""family"": {""siblings"": 4, ""income"": {""father"": 471, ""mother"": 1028}}, ""devices"": [{""type"": ""laptop"", ""brand"": ""Lenovo"", ""year"": 2017}, {""type"": ""phone"", ""brand"": ""Apple"", ""year"": 2020}]}","['moment', 'also']","[{'type': 'laptop', 'brand': 'Lenovo', 'year': 2017}, {'type': 'phone', 'brand': 'Apple', 'year': 2020}]",5.0,3.0,1.0,"['operation', 'pretty']",4.0,471.0,1028.0,Other,,
324,,,Female,65.0,+998860482231,Jillside,,2013-10-16 00:00:00,Data Science,110.0,pending,-2.0,,187.0,,"BROKEN,ADDRESS,DATA,,,",INVALID_JSON_DATA,,,,,,,,,,,,
325,Nicholas Bell,20.0,Female,90.0,,Bowenfort,,2000-07-12 00:00:00,Data Science,110.0,pending,15.5,excellent,223.0,1979-03-19 08:45:49,UZ 100190 Tashkent North Miranda,"{hobbies:['prepare', 'heavy']}",,,,,,,,,,Tashkent,,100190
326,Micheal Knapp,20.0,Female,87.0,+998134366966,Lauraport,,,Data Science,64.0,active,4.5,excellent,229.0,2011-03-25 07:47:00,"West Robertburgh 4-kv, dom 9, Tashkent","{'hobbies': ['evidence', 'start'], 'skills': {'tech': {'python': 5, 'excel': 1, 'sql': 5}, 'soft': ['call', 'per']}, 'family': {'siblings': 3, 'income': {'father': 1235, 'mother': 1300}}, 'devices': [{'type': 'laptop', 'brand': 'HP', 'year': 2017}, {'type': 'phone', 'brand': 'Apple', 'year': 2020}]}","['evidence', 'start']","[{'type': 'laptop', 'brand': 'HP', 'year': 2017}, {'type': 'phone', 'brand': 'Apple', 'year': 2020}]",5.0,1.0,5.0,"['call', 'per']",3.0,1235.0,1300.0,Tashkent,,
327,,21.0,Unknown,90.0,+998824058081,Lake Christopher,,2002-04-17 00:00:00,Other,96.0,active,3.7,average,140.0,1984-08-23 21:23:37,"Apartment 11, Port Calebtown district, Tashkent, UZ, 100670","{""hobbies"": [""others"", ""you""], ""skills"": {""tech"": {""python"": 1, ""excel"": 1, ""sql"": 3}, ""soft"": [""serious"", ""onto""]}, ""family"": {""siblings"": 1, ""income"": {""father"": 1218, ""mother"": 581}}, ""devices"": [{""type"": ""laptop"", ""brand"": ""HP"", ""year"": 2016}, {""type"": ""phone"", ""brand"": ""Samsung"", ""year"": 2021}]}","['others', 'you']","[{'type': 'laptop', 'brand': 'HP', 'year': 2016}, {'type': 'phone', 'brand': 'Samsung', 'year': 2021}]",1.0,1.0,3.0,"['serious', 'onto']",1.0,1218.0,581.0,Tashkent,Port Calebtown,100670
328,,19.0,Female,90.0,+998488574657,Rossborough,,1998-07-13 00:00:00,Python,,inactive,4.02,excellent,167.0,,UZ 100074 Tashkent New Rodney,"{hobbies:['charge', 'energy']}",,,,,,,,,,Tashkent,,100074
329,,20.0,Male,90.0,+998812324076,North Rodneychester,,1974-07-10 00:00:00,Data Science,110.0,pending,0.0,good,106.0,2018-09-27 19:54:00,"607 Torres Brook Suite 210, South Joy","{'hobbies': ['institution', 'forget'], 'skills': {'tech': {'python': 5, 'excel': 3, 'sql': 4}, 'soft': ['go', 'prepare']}, 'family': {'siblings': 1, 'income': {'father': 1324, 'mother': 1202}}, 'devices': [{'type': 'laptop', 'brand': 'Dell', 'year': 2018}, {'type': 'phone', 'brand': 'Xiaomi', 'year': 2018}]}","['institution', 'forget']","[{'type': 'laptop', 'brand': 'Dell', 'year': 2018}, {'type': 'phone', 'brand': 'Xiaomi', 'year': 2018}]",5.0,3.0,4.0,"['go', 'prepare']",1.0,1324.0,1202.0,Other,,
330,Joseph Johnson,,Male,90.0,+998247446407,Luisport,johnyoung@yahoo.com,1998-09-06 02:39:28,Data Science,110.0,inactive,4.5,good,57.0,1996-06-25 02:28:00,UZ 100700 Tashkent Shaunfort,"{'hobbies': ['spring', 'either'], 'skills': {'tech': {'python': 1, 'excel': 5, 'sql': 4}, 'soft': ['region', 'court']}, 'family': {'siblings': 0, 'income': {'father': 574, 'mother': 1222}}, 'devices': [{'type': 'laptop', 'brand': 'Lenovo', 'year': 2017}, {'type': 'phone', 'brand': 'Samsung', 'year': 2020}]}","['spring', 'either']","[{'type': 'laptop', 'brand': 'Lenovo', 'year': 2017}, {'type': 'phone', 'brand': 'Samsung', 'year': 2020}]",1.0,5.0,4.0,"['region', 'court']",0.0,574.0,1222.0,Tashkent,,100700
331,,20.0,Male,,,Zacharyside,,2000-02-05 00:00:00,Other,110.0,inactive,4.5,,262.0,2001-01-11 00:00:00,"BROKEN,ADDRESS,DATA,,,","{hobbies:['fund', 'study']}",,,,,,,,,,,,
332,,21.0,Female,93.0,+998659765810,Jennaborough,brianmarsh@yahoo.com,1998-09-27 00:00:00,Data Science,,inactive,0.0,excellent,140.0,2013-02-07 22:31:00,"West Patrickberg 13-kv, dom 41, Tashkent","{'hobbies': ['dinner', 'cause'], 'skills': {'tech': {'python': 3, 'excel': 1, 'sql': 3}, 'soft': ['traditional', 'security']}, 'family': {'siblings': 2, 'income': {'father': 843, 'mother': 1477}}, 'devices': [{'type': 'laptop', 'brand': 'Dell', 'year': 2021}, {'type': 'phone', 'brand': 'Apple', 'year': 2019}]}","['dinner', 'cause']","[{'type': 'laptop', 'brand': 'Dell', 'year': 2021}, {'type': 'phone', 'brand': 'Apple', 'year': 2019}]",3.0,1.0,3.0,"['traditional', 'security']",2.0,843.0,1477.0,Tashkent,,
333,,20.0,Female,57.0,+998834929817,Deanberg,doughertydavid@carrillo-decker.com,2009-05-18 00:00:00,Other,110.0,inactive,3.7,excellent,246.0,1978-09-18 00:00:00,"South Kylebury 23-kv, dom 5, Tashkent","{hobbies:['may', 'beautiful']}",,,,,,,,,,Tashkent,,
334,Fred Griffith,18.0,Male,70.0,,South Lynnberg,,1995-06-11 00:00:00,Data Science,88.0,inactive,15.5,excellent,67.0,2020-02-29 00:00:00,"BROKEN,ADDRESS,DATA,,,","{hobbies:['audience', 'bed']}",,,,,,,,,,,,
335,David Taylor,,Female,,,Haroldborough,,1991-05-08 21:18:00,Data Science,110.0,inactive,3.2,good,91.0,1991-07-23 00:00:00,"Apartment 15, North Angela district, Tashkent, UZ, 100462","{'hobbies': ['during', 'social'], 'skills': {'tech': {'python': 2, 'excel': 5, 'sql': 2}, 'soft': ['for', 'mission']}, 'family': {'siblings': 2, 'income': {'father': 433, 'mother': 628}}, 'devices': [{'type': 'laptop', 'brand': 'Lenovo', 'year': 2018}, {'type': 'phone', 'brand': 'Xiaomi', 'year': 2019}]}","['during', 'social']","[{'type': 'laptop', 'brand': 'Lenovo', 'year': 2018}, {'type': 'phone', 'brand': 'Xiaomi', 'year': 2019}]",2.0,5.0,2.0,"['for', 'mission']",2.0,433.0,628.0,Tashkent,North Angela,100462
336,Shane Orr,20.0,Female,,+998298018878,Lake Lance,odommeredith@yahoo.com,,Other,,pending,3.7,excellent,166.0,1993-06-13 00:00:00,"Apartment 4, Thomasport district, Tashkent, UZ, 100098",INVALID_JSON_DATA,,,,,,,,,,Tashkent,Thomasport,100098
337,Timothy Booth,18.0,Female,,+998311884606,Rogersport,,2004-11-21 00:00:00,Data Science,70.0,inactive,3.7,excellent,290.0,1971-02-05 00:00:00,UZ 100264 Tashkent Williamsmouth,"{hobbies:['network', 'democratic']}",,,,,,,,,,Tashkent,,100264
338,,19.0,Female,74.0,+998527855070,North Teresa,,2008-11-19 19:42:27,Other,,active,,good,288.0,,UZ 100563 Tashkent East Nicole,INVALID_JSON_DATA,,,,,,,,,,Tashkent,,100563
339,,19.0,Female,90.0,,Port Justinshire,amber74@hotmail.com,2011-08-14 04:51:00,Other,110.0,inactive,4.38,,130.0,2023-11-04 00:00:00,"BROKEN,ADDRESS,DATA,,,","{'hobbies': ['beat', 'theory'], 'skills': {'tech': {'python': 4, 'excel': 5, 'sql': 3}, 'soft': ['upon', 'relate']}, 'family': {'siblings': 3, 'income': {'father': 1156, 'mother': 1047}}, 'devices': [{'type': 'laptop', 'brand': 'Lenovo', 'year': 2024}, {'type': 'phone', 'brand': 'Samsung', 'year': 2019}]}","['beat', 'theory']","[{'type': 'laptop', 'brand': 'Lenovo', 'year': 2024}, {'type': 'phone', 'brand': 'Samsung', 'year': 2019}]",4.0,5.0,3.0,"['upon', 'relate']",3.0,1156.0,1047.0,,,
340,James Smith,19.0,Unknown,70.0,+998786142811,West Lisamouth,,2021-08-26 00:00:00,Python,110.0,active,-2.0,,176.0,1987-11-27 22:22:06,"Jessicaton 1-kv, dom 15, Tashkent",INVALID_JSON_DATA,,,,,,,,,,Tashkent,,
341,Danielle Coleman,19.0,Female,90.0,,East Chloefurt,,,Data Science,110.0,pending,4.3,excellent,299.0,2004-04-15 15:11:36,"BROKEN,ADDRESS,DATA,,,","{'hobbies': ['drive', 'outside'], 'skills': {'tech': {'python': 4, 'excel': 1, 'sql': 5}, 'soft': ['thing', 'several']}, 'family': {'siblings': 1, 'income': {'father': 1251, 'mother': 799}}, 'devices': [{'type': 'laptop', 'brand': 'Dell', 'year': 2016}, {'type': 'phone', 'brand': 'Samsung', 'year': 2024}]}","['drive', 'outside']","[{'type': 'laptop', 'brand': 'Dell', 'year': 2016}, {'type': 'phone', 'brand': 'Samsung', 'year': 2024}]",4.0,1.0,5.0,"['thing', 'several']",1.0,1251.0,799.0,,,
342,Dylan May,,Female,73.0,,Aaronberg,,1972-03-16 00:00:00,Other,,inactive,-2.0,average,227.0,2023-10-20 00:00:00,"Apartment 36, Glennmouth district, Tashkent, UZ, 100438","{'hobbies': ['friend', 'work'], 'skills': {'tech': {'python': 4, 'excel': 5, 'sql': 2}, 'soft': ['black', 'in']}, 'family': {'siblings': 3, 'income': {'father': 324, 'mother': 1139}}, 'devices': [{'type': 'laptop', 'brand': 'Lenovo', 'year': 2022}, {'type': 'phone', 'brand': 'Xiaomi', 'year': 2021}]}","['friend', 'work']","[{'type': 'laptop', 'brand': 'Lenovo', 'year': 2022}, {'type': 'phone', 'brand': 'Xiaomi', 'year': 2021}]",4.0,5.0,2.0,"['black', 'in']",3.0,324.0,1139.0,Tashkent,Glennmouth,100438
343,Leah Anderson,18.0,Male,90.0,+998329995429,East Thomasview,michaelchase@hotmail.com,2012-10-19 12:24:00,Other,69.0,active,0.0,,203.0,2006-08-23 00:00:00,"BROKEN,ADDRESS,DATA,,,",INVALID_JSON_DATA,,,,,,,,,,,,
344,April Bennett,19.0,Female,,+998462150714,Norrismouth,,1986-03-20 16:56:54,Python,98.0,inactive,4.5,,182.0,1978-02-01 00:00:00,"BROKEN,ADDRESS,DATA,,,","{hobbies:['class', 'his']}",,,,,,,,,,,,
345,,20.0,Unknown,68.0,+998290846617,West Tyler,,1987-04-23 00:00:00,Other,110.0,active,3.7,average,186.0,,"Coltonborough 27-kv, dom 21, Tashkent","{'hobbies': ['whom', 'price'], 'skills': {'tech': {'python': 4, 'excel': 1, 'sql': 5}, 'soft': ['place', 'debate']}, 'family': {'siblings': 2, 'income': {'father': 290, 'mother': 315}}, 'devices': [{'type': 'laptop', 'brand': 'Lenovo', 'year': 2021}, {'type': 'phone', 'brand': 'Xiaomi', 'year': 2020}]}","['whom', 'price']","[{'type': 'laptop', 'brand': 'Lenovo', 'year': 2021}, {'type': 'phone', 'brand': 'Xiaomi', 'year': 2020}]",4.0,1.0,5.0,"['place', 'debate']",2.0,290.0,315.0,Tashkent,,
346,Amy Cole,20.0,Female,68.0,+998883369278,East Samanthachester,,1977-05-05 20:37:10,Data Science,114.0,pending,-2.0,good,224.0,2006-11-12 00:00:00,UZ 100226 Tashkent Port Jimmyberg,"{'hobbies': ['else', 'scientist'], 'skills': {'tech': {'python': 3, 'excel': 1, 'sql': 2}, 'soft': ['whether', 'rock']}, 'family': {'siblings': 5, 'income': {'father': 381, 'mother': 899}}, 'devices': [{'type': 'laptop', 'brand': 'HP', 'year': 2021}, {'type': 'phone', 'brand': 'Samsung', 'year': 2020}]}","['else', 'scientist']","[{'type': 'laptop', 'brand': 'HP', 'year': 2021}, {'type': 'phone', 'brand': 'Samsung', 'year': 2020}]",3.0,1.0,2.0,"['whether', 'rock']",5.0,381.0,899.0,Tashkent,,100226
347,William Bright,21.0,Unknown,51.0,+998464728189,Carterbury,david32@yahoo.com,2003-09-17 00:00:00,Data Science,,active,3.7,good,234.0,2009-09-05 15:17:09,"North Scott 5-kv, dom 9, Tashkent","{'hobbies': ['unit', 'send'], 'skills': {'tech': {'python': 4, 'excel': 2, 'sql': 2}, 'soft': ['always', 'order']}, 'family': {'siblings': 1, 'income': {'father': 740, 'mother': 774}}, 'devices': [{'type': 'laptop', 'brand': 'Dell', 'year': 2023}, {'type': 'phone', 'brand': 'Xiaomi', 'year': 2019}]}","['unit', 'send']","[{'type': 'laptop', 'brand': 'Dell', 'year': 2023}, {'type': 'phone', 'brand': 'Xiaomi', 'year': 2019}]",4.0,2.0,2.0,"['always', 'order']",1.0,740.0,774.0,Tashkent,,
348,Julie Gill,22.0,Unknown,67.0,,Samuelstad,,2004-06-14 00:00:00,Other,,inactive,3.7,,73.0,1970-01-08 00:00:00,"Apartment 24, West James district, Tashkent, UZ, 100774","{'hobbies': ['source', 'person'], 'skills': {'tech': {'python': 2, 'excel': 4, 'sql': 4}, 'soft': ['trouble', 'effect']}, 'family': {'siblings': 2, 'income': {'father': 363, 'mother': 669}}, 'devices': [{'type': 'laptop', 'brand': 'Dell', 'year': 2018}, {'type': 'phone', 'brand': 'Xiaomi', 'year': 2020}]}","['source', 'person']","[{'type': 'laptop', 'brand': 'Dell', 'year': 2018}, {'type': 'phone', 'brand': 'Xiaomi', 'year': 2020}]",2.0,4.0,4.0,"['trouble', 'effect']",2.0,363.0,669.0,Tashkent,West James,100774
349,,18.0,Male,86.0,+998397702170,Nunezberg,lewispaula@allen.info,1986-08-31 00:00:00,Other,67.0,active,,good,161.0,1993-02-17 00:00:00,"BROKEN,ADDRESS,DATA,,,","{'hobbies': ['generation', 'report'], 'skills': {'tech': {'python': 1, 'excel': 3, 'sql': 3}, 'soft': ['fire', 'ability']}, 'family': {'siblings': 3, 'income': {'father': 449, 'mother': 549}}, 'devices': [{'type': 'laptop', 'brand': 'Dell', 'year': 2021}, {'type': 'phone', 'brand': 'Samsung', 'year': 2020}]}","['generation', 'report']","[{'type': 'laptop', 'brand': 'Dell', 'year': 2021}, {'type': 'phone', 'brand': 'Samsung', 'year': 2020}]",1.0,3.0,3.0,"['fire', 'ability']",3.0,449.0,549.0,,,
350,Megan Nelson,22.0,Female,,,Sandrabury,,2020-10-01 00:00:00,Other,70.0,active,,excellent,191.0,,"655 Angelica Plaza Suite 842, Hickshaven","{""hobbies"": [""hold"", ""thus""], ""skills"": {""tech"": {""python"": 4, ""excel"": 1, ""sql"": 1}, ""soft"": [""thank"", ""current""]}, ""family"": {""siblings"": 2, ""income"": {""father"": 1220, ""mother"": 1488}}, ""devices"": [{""type"": ""laptop"", ""brand"": ""Dell"", ""year"": 2017}, {""type"": ""phone"", ""brand"": ""Apple"", ""year"": 2020}]}","['hold', 'thus']","[{'type': 'laptop', 'brand': 'Dell', 'year': 2017}, {'type': 'phone', 'brand': 'Apple', 'year': 2020}]",4.0,1.0,1.0,"['thank', 'current']",2.0,1220.0,1488.0,Other,,
351,Russell Zimmerman,20.0,Female,93.0,,Port Traceyville,,,Data Science,,active,3.7,average,89.0,2021-01-01 01:26:00,"955 Matthew Row, Angelaside","{'hobbies': ['own', 'tell'], 'skills': {'tech': {'python': 4, 'excel': 2, 'sql': 2}, 'soft': ['share', 'force']}, 'family': {'siblings': 0, 'income': {'father': 1394, 'mother': 719}}, 'devices': [{'type': 'laptop', 'brand': 'Dell', 'year': 2024}, {'type': 'phone', 'brand': 'Apple', 'year': 2019}]}","['own', 'tell']","[{'type': 'laptop', 'brand': 'Dell', 'year': 2024}, {'type': 'phone', 'brand': 'Apple', 'year': 2019}]",4.0,2.0,2.0,"['share', 'force']",0.0,1394.0,719.0,Other,,
352,Robert Mack,19.0,Female,76.0,+998447920493,South April,,2011-10-07 08:23:00,Data Science,71.0,pending,0.0,average,168.0,1988-01-27 00:00:00,"3169 Brenda Place Suite 788, North Theodore",INVALID_JSON_DATA,,,,,,,,,,Other,,
353,Mark Grant,18.0,Female,83.0,,Brownton,,,Data Science,,inactive,0.0,,93.0,2020-05-23 03:37:19,UZ 100049 Tashkent New Wendymouth,"{hobbies:['individual', 'reality']}",,,,,,,,,,Tashkent,,100049
354,Tamara Branch,22.0,Female,88.0,+998662491888,Port Michelle,,2006-05-16 00:00:00,Data Science,,inactive,3.7,good,187.0,2005-03-31 00:00:00,UZ 100250 Tashkent Wallacechester,"{'hobbies': ['example', 'view'], 'skills': {'tech': {'python': 5, 'excel': 3, 'sql': 1}, 'soft': ['like', 'speech']}, 'family': {'siblings': 3, 'income': {'father': 625, 'mother': 271}}, 'devices': [{'type': 'laptop', 'brand': 'HP', 'year': 2018}, {'type': 'phone', 'brand': 'Xiaomi', 'year': 2021}]}","['example', 'view']","[{'type': 'laptop', 'brand': 'HP', 'year': 2018}, {'type': 'phone', 'brand': 'Xiaomi', 'year': 2021}]",5.0,3.0,1.0,"['like', 'speech']",3.0,625.0,271.0,Tashkent,,100250
355,,18.0,Unknown,,,New Jacob,,2022-02-09 19:50:00,Other,110.0,pending,0.0,,222.0,2011-11-25 16:56:38,"Apartment 29, South Anna district, Tashkent, UZ, 100327","{""hobbies"": [""evening"", ""that""], ""skills"": {""tech"": {""python"": 4, ""excel"": 5, ""sql"": 4}, ""soft"": [""main"", ""soon""]}, ""family"": {""siblings"": 0, ""income"": {""father"": 1434, ""mother"": 1280}}, ""devices"": [{""type"": ""laptop"", ""brand"": ""HP"", ""year"": 2020}, {""type"": ""phone"", ""brand"": ""Xiaomi"", ""year"": 2023}]}","['evening', 'that']","[{'type': 'laptop', 'brand': 'HP', 'year': 2020}, {'type': 'phone', 'brand': 'Xiaomi', 'year': 2023}]",4.0,5.0,4.0,"['main', 'soon']",0.0,1434.0,1280.0,Tashkent,South Anna,100327
356,,,Female,64.0,,Lake Crystalfort,,2013-07-21 00:00:00,Data Science,64.0,pending,0.0,excellent,123.0,2014-08-29 09:15:54,"Jonathanmouth 26-kv, dom 24, Tashkent","{'hobbies': ['indicate', 'unit'], 'skills': {'tech': {'python': 3, 'excel': 2, 'sql': 1}, 'soft': ['design', 'arrive']}, 'family': {'siblings': 1, 'income': {'father': 1391, 'mother': 1437}}, 'devices': [{'type': 'laptop', 'brand': 'HP', 'year': 2023}, {'type': 'phone', 'brand': 'Samsung', 'year': 2021}]}","['indicate', 'unit']","[{'type': 'laptop', 'brand': 'HP', 'year': 2023}, {'type': 'phone', 'brand': 'Samsung', 'year': 2021}]",3.0,2.0,1.0,"['design', 'arrive']",1.0,1391.0,1437.0,Tashkent,,
357,Vanessa Thomas,20.0,Female,100.0,+998870710517,New Mark,,1979-03-17 00:00:00,Data Science,110.0,pending,15.5,,286.0,1986-04-07 00:00:00,"Apartment 41, East George district, Tashkent, UZ, 100734","{hobbies:['sort', 'need']}",,,,,,,,,,Tashkent,East George,100734
358,,,Female,90.0,+998304680804,Rickview,,1991-12-09 10:41:00,Python,64.0,inactive,4.5,,233.0,1971-08-13 00:00:00,"134 Katelyn Alley Apt. 071, New William","{'hobbies': ['ability', 'unit'], 'skills': {'tech': {'python': 1, 'excel': 1, 'sql': 4}, 'soft': ['century', 'seven']}, 'family': {'siblings': 4, 'income': {'father': 440, 'mother': 727}}, 'devices': [{'type': 'laptop', 'brand': 'HP', 'year': 2024}, {'type': 'phone', 'brand': 'Apple', 'year': 2023}]}","['ability', 'unit']","[{'type': 'laptop', 'brand': 'HP', 'year': 2024}, {'type': 'phone', 'brand': 'Apple', 'year': 2023}]",1.0,1.0,4.0,"['century', 'seven']",4.0,440.0,727.0,Other,,
359,Kathleen Sanchez,22.0,Female,70.0,,Lake Ricardo,,1996-10-16 00:00:00,Other,65.0,pending,3.7,excellent,230.0,2020-01-28 01:46:00,"36856 Robert Plains Suite 752, East Christineshire","{hobbies:['pressure', 'although']}",,,,,,,,,,Other,,
360,,19.0,Unknown,51.0,+998769975071,Campbellville,nconway@roberts.com,,Data Science,,inactive,4.5,excellent,269.0,1974-06-13 00:00:00,"3869 Mary Plains, Michaelfort","{""hobbies"": [""recognize"", ""power""], ""skills"": {""tech"": {""python"": 5, ""excel"": 4, ""sql"": 1}, ""soft"": [""strategy"", ""unit""]}, ""family"": {""siblings"": 4, ""income"": {""father"": 773, ""mother"": 1127}}, ""devices"": [{""type"": ""laptop"", ""brand"": ""Lenovo"", ""year"": 2019}, {""type"": ""phone"", ""brand"": ""Xiaomi"", ""year"": 2022}]}","['recognize', 'power']","[{'type': 'laptop', 'brand': 'Lenovo', 'year': 2019}, {'type': 'phone', 'brand': 'Xiaomi', 'year': 2022}]",5.0,4.0,1.0,"['strategy', 'unit']",4.0,773.0,1127.0,Other,,
361,Wesley Logan,20.0,Unknown,63.0,+998789280611,New Nathan,crystal65@gmail.com,1972-07-26 00:00:00,Data Science,117.0,active,0.0,excellent,221.0,2014-08-12 00:00:00,UZ 100431 Tashkent North Elizabeth,"{""hobbies"": [""girl"", ""thought""], ""skills"": {""tech"": {""python"": 3, ""excel"": 5, ""sql"": 5}, ""soft"": [""personal"", ""before""]}, ""family"": {""siblings"": 5, ""income"": {""father"": 676, ""mother"": 1252}}, ""devices"": [{""type"": ""laptop"", ""brand"": ""Lenovo"", ""year"": 2015}, {""type"": ""phone"", ""brand"": ""Samsung"", ""year"": 2020}]}","['girl', 'thought']","[{'type': 'laptop', 'brand': 'Lenovo', 'year': 2015}, {'type': 'phone', 'brand': 'Samsung', 'year': 2020}]",3.0,5.0,5.0,"['personal', 'before']",5.0,676.0,1252.0,Tashkent,,100431
362,,21.0,Male,90.0,+998139210292,Lake Austinchester,,1982-06-14 05:04:27,Data Science,,pending,4.5,excellent,110.0,2011-02-28 00:00:00,"9044 Patterson Shoal, East Thomas","{hobbies:['defense', 'author']}",,,,,,,,,,Other,,
363,,18.0,Male,64.0,,Anthonyburgh,,2007-10-24 00:00:00,Data Science,,pending,,good,295.0,1996-04-23 00:00:00,"Madelineborough 29-kv, dom 49, Tashkent","{hobbies:['compare', 'theory']}",,,,,,,,,,Tashkent,,
364,Chelsea Green,18.0,Female,,,Amymouth,,,Other,110.0,active,0.0,,216.0,1977-07-17 00:00:00,UZ 100288 Tashkent Calebburgh,"{hobbies:['government', 'black']}",,,,,,,,,,Tashkent,,100288
365,David Peterson,20.0,Male,95.0,+998505095260,Costaville,,1994-10-27 00:00:00,Data Science,110.0,pending,1.42,excellent,230.0,1974-10-24 07:31:59,"Apartment 33, South Amy district, Tashkent, UZ, 100877","{hobbies:['learn', 'hotel']}",,,,,,,,,,Tashkent,South Amy,100877
366,,20.0,Unknown,90.0,,Smithview,,2022-12-03 00:00:00,Data Science,,active,15.5,,257.0,2003-12-13 00:00:00,"BROKEN,ADDRESS,DATA,,,",INVALID_JSON_DATA,,,,,,,,,,,,
367,Mrs. Patricia Martin,19.0,Unknown,91.0,+998304628893,Lake Neil,ramosbrian@campbell.info,2015-04-05 00:00:00,Data Science,100.0,inactive,0.0,,287.0,2016-10-10 00:00:00,UZ 100186 Tashkent North Timothyside,"{'hobbies': ['Mr', 'set'], 'skills': {'tech': {'python': 5, 'excel': 5, 'sql': 3}, 'soft': ['child', 'staff']}, 'family': {'siblings': 5, 'income': {'father': 1398, 'mother': 413}}, 'devices': [{'type': 'laptop', 'brand': 'Lenovo', 'year': 2023}, {'type': 'phone', 'brand': 'Xiaomi', 'year': 2021}]}","['Mr', 'set']","[{'type': 'laptop', 'brand': 'Lenovo', 'year': 2023}, {'type': 'phone', 'brand': 'Xiaomi', 'year': 2021}]",5.0,5.0,3.0,"['child', 'staff']",5.0,1398.0,413.0,Tashkent,,100186
368,Dr. Julie Grimes,22.0,Female,70.0,+998714260050,Jessicaborough,kevinbailey@roberts.com,1996-09-27 00:00:00,Data Science,,inactive,3.7,,65.0,2012-09-06 00:00:00,UZ 100148 Tashkent North Josephview,"{""hobbies"": [""book"", ""ten""], ""skills"": {""tech"": {""python"": 5, ""excel"": 3, ""sql"": 4}, ""soft"": [""recently"", ""ground""]}, ""family"": {""siblings"": 0, ""income"": {""father"": 643, ""mother"": 773}}, ""devices"": [{""type"": ""laptop"", ""brand"": ""Lenovo"", ""year"": 2017}, {""type"": ""phone"", ""brand"": ""Samsung"", ""year"": 2021}]}","['book', 'ten']","[{'type': 'laptop', 'brand': 'Lenovo', 'year': 2017}, {'type': 'phone', 'brand': 'Samsung', 'year': 2021}]",5.0,3.0,4.0,"['recently', 'ground']",0.0,643.0,773.0,Tashkent,,100148
369,,20.0,Female,90.0,,Angelamouth,,1983-04-07 00:00:00,Data Science,,pending,4.5,average,231.0,1978-02-14 00:00:00,"42338 Stewart Mission Apt. 356, Lisamouth","{'hobbies': ['accept', 'case'], 'skills': {'tech': {'python': 1, 'excel': 3, 'sql': 1}, 'soft': ['customer', 'forward']}, 'family': {'siblings': 0, 'income': {'father': 1019, 'mother': 1024}}, 'devices': [{'type': 'laptop', 'brand': 'Dell', 'year': 2019}, {'type': 'phone', 'brand': 'Apple', 'year': 2021}]}","['accept', 'case']","[{'type': 'laptop', 'brand': 'Dell', 'year': 2019}, {'type': 'phone', 'brand': 'Apple', 'year': 2021}]",1.0,3.0,1.0,"['customer', 'forward']",0.0,1019.0,1024.0,Other,,
370,,20.0,Female,90.0,+998451202542,Donnahaven,vickigoodwin@gmail.com,2000-03-20 11:28:00,Data Science,110.0,active,0.0,excellent,57.0,,"BROKEN,ADDRESS,DATA,,,","{hobbies:['thank', 'while']}",,,,,,,,,,,,
371,,22.0,Unknown,63.0,,Thomaschester,,,Data Science,110.0,inactive,,average,258.0,,"996 Kerr Alley Apt. 067, Christophermouth","{'hobbies': ['protect', 'right'], 'skills': {'tech': {'python': 4, 'excel': 5, 'sql': 1}, 'soft': ['market', 'rise']}, 'family': {'siblings': 2, 'income': {'father': 479, 'mother': 532}}, 'devices': [{'type': 'laptop', 'brand': 'Lenovo', 'year': 2016}, {'type': 'phone', 'brand': 'Samsung', 'year': 2024}]}","['protect', 'right']","[{'type': 'laptop', 'brand': 'Lenovo', 'year': 2016}, {'type': 'phone', 'brand': 'Samsung', 'year': 2024}]",4.0,5.0,1.0,"['market', 'rise']",2.0,479.0,532.0,Other,,
372,Karen Lewis,19.0,Male,,,Gabrielburgh,,2008-10-01 00:00:00,Data Science,70.0,inactive,,average,84.0,2015-11-11 04:37:42,"Apartment 1, Jerryville district, Tashkent, UZ, 100129","{'hobbies': ['some', 'owner'], 'skills': {'tech': {'python': 3, 'excel': 3, 'sql': 4}, 'soft': ['nearly', 'thank']}, 'family': {'siblings': 3, 'income': {'father': 1305, 'mother': 1060}}, 'devices': [{'type': 'laptop', 'brand': 'HP', 'year': 2024}, {'type': 'phone', 'brand': 'Samsung', 'year': 2022}]}","['some', 'owner']","[{'type': 'laptop', 'brand': 'HP', 'year': 2024}, {'type': 'phone', 'brand': 'Samsung', 'year': 2022}]",3.0,3.0,4.0,"['nearly', 'thank']",3.0,1305.0,1060.0,Tashkent,Jerryville,100129
373,Claire Armstrong,,Male,87.0,+998553465757,Jamesburgh,,,Data Science,97.0,pending,-2.0,excellent,147.0,,"BROKEN,ADDRESS,DATA,,,","{'hobbies': ['much', 'long'], 'skills': {'tech': {'python': 3, 'excel': 2, 'sql': 3}, 'soft': ['million', 'standard']}, 'family': {'siblings': 3, 'income': {'father': 1096, 'mother': 1164}}, 'devices': [{'type': 'laptop', 'brand': 'Dell', 'year': 2022}, {'type': 'phone', 'brand': 'Apple', 'year': 2021}]}","['much', 'long']","[{'type': 'laptop', 'brand': 'Dell', 'year': 2022}, {'type': 'phone', 'brand': 'Apple', 'year': 2021}]",3.0,2.0,3.0,"['million', 'standard']",3.0,1096.0,1164.0,,,
374,,22.0,Female,67.0,+998283339204,Gravesmouth,,1985-02-05 00:00:00,Python,110.0,active,3.7,,202.0,1996-01-12 06:48:14,"BROKEN,ADDRESS,DATA,,,","{'hobbies': ['they', 'final'], 'skills': {'tech': {'python': 3, 'excel': 5, 'sql': 4}, 'soft': ['work', 'high']}, 'family': {'siblings': 5, 'income': {'father': 660, 'mother': 1327}}, 'devices': [{'type': 'laptop', 'brand': 'HP', 'year': 2024}, {'type': 'phone', 'brand': 'Xiaomi', 'year': 2023}]}","['they', 'final']","[{'type': 'laptop', 'brand': 'HP', 'year': 2024}, {'type': 'phone', 'brand': 'Xiaomi', 'year': 2023}]",3.0,5.0,4.0,"['work', 'high']",5.0,660.0,1327.0,,,
375,,18.0,Unknown,90.0,+998898535617,Alexville,jmorris@miller-george.info,1971-07-16 09:39:00,Data Science,110.0,active,,excellent,119.0,1972-05-02 00:00:00,"20130 Clifford Manor, Michaelmouth","{""hobbies"": [""develop"", ""girl""], ""skills"": {""tech"": {""python"": 4, ""excel"": 3, ""sql"": 1}, ""soft"": [""to"", ""several""]}, ""family"": {""siblings"": 2, ""income"": {""father"": 786, ""mother"": 645}}, ""devices"": [{""type"": ""laptop"", ""brand"": ""Lenovo"", ""year"": 2021}, {""type"": ""phone"", ""brand"": ""Samsung"", ""year"": 2020}]}","['develop', 'girl']","[{'type': 'laptop', 'brand': 'Lenovo', 'year': 2021}, {'type': 'phone', 'brand': 'Samsung', 'year': 2020}]",4.0,3.0,1.0,"['to', 'several']",2.0,786.0,645.0,Other,,
376,Shawn Lewis,19.0,Male,89.0,,Roseville,phill@thompson.com,,Data Science,110.0,active,15.5,excellent,206.0,2009-02-15 21:26:28,"48963 Jones Summit, East Jillstad","{'hobbies': ['successful', 'small'], 'skills': {'tech': {'python': 2, 'excel': 1, 'sql': 5}, 'soft': ['require', 'to']}, 'family': {'siblings': 0, 'income': {'father': 1411, 'mother': 853}}, 'devices': [{'type': 'laptop', 'brand': 'Dell', 'year': 2024}, {'type': 'phone', 'brand': 'Apple', 'year': 2018}]}","['successful', 'small']","[{'type': 'laptop', 'brand': 'Dell', 'year': 2024}, {'type': 'phone', 'brand': 'Apple', 'year': 2018}]",2.0,1.0,5.0,"['require', 'to']",0.0,1411.0,853.0,Other,,
377,Robert Phillips,20.0,Male,90.0,+998333138609,Rodriguezstad,,1971-11-02 00:00:00,Other,,active,-2.0,average,95.0,2000-01-31 00:00:00,"69350 Logan Gardens, Davidland","{'hobbies': ['offer', 'unit'], 'skills': {'tech': {'python': 2, 'excel': 1, 'sql': 2}, 'soft': ['tree', 'understand']}, 'family': {'siblings': 3, 'income': {'father': 785, 'mother': 1178}}, 'devices': [{'type': 'laptop', 'brand': 'Lenovo', 'year': 2020}, {'type': 'phone', 'brand': 'Apple', 'year': 2022}]}","['offer', 'unit']","[{'type': 'laptop', 'brand': 'Lenovo', 'year': 2020}, {'type': 'phone', 'brand': 'Apple', 'year': 2022}]",2.0,1.0,2.0,"['tree', 'understand']",3.0,785.0,1178.0,Other,,
378,Amy Elliott,20.0,Female,,+998333338606,Deniseland,,1973-02-21 11:46:00,Data Science,110.0,active,4.5,,222.0,2017-04-08 00:00:00,"Apartment 28, Juanhaven district, Tashkent, UZ, 100382","{'hobbies': ['remain', 'upon'], 'skills': {'tech': {'python': 4, 'excel': 5, 'sql': 5}, 'soft': ['above', 'make']}, 'family': {'siblings': 4, 'income': {'father': 1366, 'mother': 1367}}, 'devices': [{'type': 'laptop', 'brand': 'HP', 'year': 2017}, {'type': 'phone', 'brand': 'Xiaomi', 'year': 2019}]}","['remain', 'upon']","[{'type': 'laptop', 'brand': 'HP', 'year': 2017}, {'type': 'phone', 'brand': 'Xiaomi', 'year': 2019}]",4.0,5.0,5.0,"['above', 'make']",4.0,1366.0,1367.0,Tashkent,Juanhaven,100382
379,Lori Hall,20.0,Unknown,90.0,+998792974592,South Jasonchester,,2012-10-19 00:09:00,Other,,active,0.0,good,207.0,,"Gutierrezchester 4-kv, dom 8, Tashkent","{hobbies:['late', 'ground']}",,,,,,,,,,Tashkent,,
380,Luke Frazier,20.0,Male,90.0,,Johnburgh,gregory00@wiggins.info,2022-09-18 00:00:00,Other,,active,,excellent,188.0,,"Apartment 16, West Glenn district, Tashkent, UZ, 100309","{""hobbies"": [""pressure"", ""yeah""], ""skills"": {""tech"": {""python"": 2, ""excel"": 4, ""sql"": 2}, ""soft"": [""husband"", ""contain""]}, ""family"": {""siblings"": 4, ""income"": {""father"": 1057, ""mother"": 1225}}, ""devices"": [{""type"": ""laptop"", ""brand"": ""Lenovo"", ""year"": 2018}, {""type"": ""phone"", ""brand"": ""Samsung"", ""year"": 2023}]}","['pressure', 'yeah']","[{'type': 'laptop', 'brand': 'Lenovo', 'year': 2018}, {'type': 'phone', 'brand': 'Samsung', 'year': 2023}]",2.0,4.0,2.0,"['husband', 'contain']",4.0,1057.0,1225.0,Tashkent,West Glenn,100309
381,,22.0,Unknown,,+998311129647,Ashleymouth,,2018-04-09 00:00:00,Other,,active,3.79,excellent,168.0,1976-03-29 00:00:00,"015 Claudia Fort, Nicolehaven","{'hobbies': ['sport', 'tough'], 'skills': {'tech': {'python': 2, 'excel': 2, 'sql': 1}, 'soft': ['poor', 'little']}, 'family': {'siblings': 1, 'income': {'father': 1286, 'mother': 1196}}, 'devices': [{'type': 'laptop', 'brand': 'HP', 'year': 2017}, {'type': 'phone', 'brand': 'Samsung', 'year': 2020}]}","['sport', 'tough']","[{'type': 'laptop', 'brand': 'HP', 'year': 2017}, {'type': 'phone', 'brand': 'Samsung', 'year': 2020}]",2.0,2.0,1.0,"['poor', 'little']",1.0,1286.0,1196.0,Other,,
382,Nathan Murray,22.0,Unknown,,,New Gary,,2002-04-04 17:41:00,Data Science,101.0,inactive,3.7,average,204.0,2008-10-12 22:30:00,"Apartment 11, Cardenasport district, Tashkent, UZ, 100181","{""hobbies"": [""garden"", ""water""], ""skills"": {""tech"": {""python"": 5, ""excel"": 4, ""sql"": 1}, ""soft"": [""class"", ""party""]}, ""family"": {""siblings"": 0, ""income"": {""father"": 371, ""mother"": 941}}, ""devices"": [{""type"": ""laptop"", ""brand"": ""Dell"", ""year"": 2023}, {""type"": ""phone"", ""brand"": ""Xiaomi"", ""year"": 2021}]}","['garden', 'water']","[{'type': 'laptop', 'brand': 'Dell', 'year': 2023}, {'type': 'phone', 'brand': 'Xiaomi', 'year': 2021}]",5.0,4.0,1.0,"['class', 'party']",0.0,371.0,941.0,Tashkent,Cardenasport,100181
383,Julie Howard,20.0,Male,68.0,,Spencerside,,2012-03-31 00:00:00,Data Science,107.0,active,3.7,,105.0,,"Johnbury 21-kv, dom 30, Tashkent","{hobbies:['most', 'interest']}",,,,,,,,,,Tashkent,,
384,,18.0,Female,90.0,+998014533891,New Jasonmouth,foleylauren@yahoo.com,1995-10-16 05:02:00,Data Science,75.0,inactive,3.7,,272.0,1972-11-19 00:00:00,"79649 Drake Locks, Anthonymouth","{'hobbies': ['charge', 'conference'], 'skills': {'tech': {'python': 5, 'excel': 5, 'sql': 4}, 'soft': ['available', 'growth']}, 'family': {'siblings': 0, 'income': {'father': 715, 'mother': 1431}}, 'devices': [{'type': 'laptop', 'brand': 'HP', 'year': 2024}, {'type': 'phone', 'brand': 'Apple', 'year': 2022}]}","['charge', 'conference']","[{'type': 'laptop', 'brand': 'HP', 'year': 2024}, {'type': 'phone', 'brand': 'Apple', 'year': 2022}]",5.0,5.0,4.0,"['available', 'growth']",0.0,715.0,1431.0,Other,,
385,,18.0,Female,90.0,+998394022356,Kaylastad,,1995-08-31 00:00:00,Data Science,,pending,15.5,,54.0,2011-01-30 04:35:00,"West Haleyton 6-kv, dom 8, Tashkent","{hobbies:['region', 'occur']}",,,,,,,,,,Tashkent,,
386,Walter Bass,18.0,Unknown,94.0,+998049995119,Barnettton,,2010-12-26 12:49:32,Data Science,,inactive,4.5,good,156.0,2004-10-22 00:00:00,"Apartment 10, Mcclureborough district, Tashkent, UZ, 100854","{hobbies:['professor', 'real']}",,,,,,,,,,Tashkent,Mcclureborough,100854
387,Pamela Jackson,20.0,Female,90.0,,Jameschester,mthomas@gmail.com,1996-06-10 21:55:17,Python,110.0,pending,4.5,average,164.0,2013-04-11 00:00:00,"4387 Schultz Ville Suite 145, Port Candaceland",INVALID_JSON_DATA,,,,,,,,,,Other,,
388,Julie Simpson,22.0,Male,90.0,+998902874294,Bryantport,,2008-01-20 00:00:00,Data Science,73.0,pending,15.5,good,273.0,2022-05-25 00:00:00,UZ 100279 Tashkent Smithton,"{'hobbies': ['suggest', 'any'], 'skills': {'tech': {'python': 4, 'excel': 4, 'sql': 1}, 'soft': ['time', 'always']}, 'family': {'siblings': 0, 'income': {'father': 1470, 'mother': 637}}, 'devices': [{'type': 'laptop', 'brand': 'Dell', 'year': 2022}, {'type': 'phone', 'brand': 'Samsung', 'year': 2018}]}","['suggest', 'any']","[{'type': 'laptop', 'brand': 'Dell', 'year': 2022}, {'type': 'phone', 'brand': 'Samsung', 'year': 2018}]",4.0,4.0,1.0,"['time', 'always']",0.0,1470.0,637.0,Tashkent,,100279
389,,21.0,Female,,,Jennifershire,emilymiller@rodriguez.com,1997-07-24 00:00:00,Data Science,99.0,active,3.7,excellent,224.0,1988-03-19 07:13:00,"BROKEN,ADDRESS,DATA,,,","{'hobbies': ['alone', 'campaign'], 'skills': {'tech': {'python': 1, 'excel': 5, 'sql': 4}, 'soft': ['thought', 'free']}, 'family': {'siblings': 5, 'income': {'father': 247, 'mother': 1018}}, 'devices': [{'type': 'laptop', 'brand': 'HP', 'year': 2015}, {'type': 'phone', 'brand': 'Xiaomi', 'year': 2021}]}","['alone', 'campaign']","[{'type': 'laptop', 'brand': 'HP', 'year': 2015}, {'type': 'phone', 'brand': 'Xiaomi', 'year': 2021}]",1.0,5.0,4.0,"['thought', 'free']",5.0,247.0,1018.0,,,
390,Terry Schaefer,20.0,Female,,+998375985834,New Michael,spencestacy@yahoo.com,2023-02-01 00:00:00,Data Science,110.0,pending,4.5,,229.0,1993-09-02 23:31:26,"Apartment 29, Deniseview district, Tashkent, UZ, 100684","{hobbies:['agent', 'situation']}",,,,,,,,,,Tashkent,Deniseview,100684
391,Bobby Armstrong,19.0,Female,,,Lake Joshua,,1971-09-06 17:07:00,Data Science,102.0,pending,3.37,,286.0,1982-12-09 00:00:00,"Amandaview 11-kv, dom 34, Tashkent","{hobbies:['indicate', 'under']}",,,,,,,,,,Tashkent,,
392,Maureen Clark,,Male,56.0,,Campbellmouth,,2009-05-26 19:59:00,Data Science,113.0,pending,,,153.0,1976-07-12 07:26:09,"Apartment 46, Williamsview district, Tashkent, UZ, 100561","{hobbies:['month', 'believe']}",,,,,,,,,,Tashkent,Williamsview,100561
393,Lance Matthews,20.0,Unknown,90.0,,West Jacob,,2025-08-05 17:25:00,Data Science,62.0,pending,1.58,good,287.0,,"New Steven 4-kv, dom 23, Tashkent",INVALID_JSON_DATA,,,,,,,,,,Tashkent,,
394,,,Male,,+998330729311,North Michael,nathan24@carroll.biz,,Data Science,110.0,pending,,,264.0,1973-03-30 00:00:00,"Apartment 17, Johnsonburgh district, Tashkent, UZ, 100810","{""hobbies"": [""activity"", ""five""], ""skills"": {""tech"": {""python"": 3, ""excel"": 2, ""sql"": 5}, ""soft"": [""station"", ""suddenly""]}, ""family"": {""siblings"": 0, ""income"": {""father"": 496, ""mother"": 1494}}, ""devices"": [{""type"": ""laptop"", ""brand"": ""Dell"", ""year"": 2019}, {""type"": ""phone"", ""brand"": ""Samsung"", ""year"": 2021}]}","['activity', 'five']","[{'type': 'laptop', 'brand': 'Dell', 'year': 2019}, {'type': 'phone', 'brand': 'Samsung', 'year': 2021}]",3.0,2.0,5.0,"['station', 'suddenly']",0.0,496.0,1494.0,Tashkent,Johnsonburgh,100810
395,Donna Watkins,18.0,Male,90.0,+998833478680,Port Leahchester,,1979-08-21 00:00:00,Data Science,,active,15.5,average,201.0,1987-03-06 00:00:00,"Apartment 18, Jonathantown district, Tashkent, UZ, 100374","{'hobbies': ['later', 'manager'], 'skills': {'tech': {'python': 2, 'excel': 3, 'sql': 4}, 'soft': ['TV', 'church']}, 'family': {'siblings': 4, 'income': {'father': 293, 'mother': 1109}}, 'devices': [{'type': 'laptop', 'brand': 'Lenovo', 'year': 2019}, {'type': 'phone', 'brand': 'Xiaomi', 'year': 2018}]}","['later', 'manager']","[{'type': 'laptop', 'brand': 'Lenovo', 'year': 2019}, {'type': 'phone', 'brand': 'Xiaomi', 'year': 2018}]",2.0,3.0,4.0,"['TV', 'church']",4.0,293.0,1109.0,Tashkent,Jonathantown,100374
396,,21.0,Female,61.0,,South Jeffrey,,,Other,,pending,-2.0,excellent,257.0,2008-04-07 15:02:00,"16728 Villa Way Suite 288, North Cody","{'hobbies': ['voice', 'scene'], 'skills': {'tech': {'python': 1, 'excel': 4, 'sql': 4}, 'soft': ['factor', 'art']}, 'family': {'siblings': 1, 'income': {'father': 752, 'mother': 398}}, 'devices': [{'type': 'laptop', 'brand': 'Dell', 'year': 2022}, {'type': 'phone', 'brand': 'Apple', 'year': 2021}]}","['voice', 'scene']","[{'type': 'laptop', 'brand': 'Dell', 'year': 2022}, {'type': 'phone', 'brand': 'Apple', 'year': 2021}]",1.0,4.0,4.0,"['factor', 'art']",1.0,752.0,398.0,Other,,
397,Toni Beck,20.0,Male,,,East Sonyaview,,1996-06-02 17:51:00,Data Science,,inactive,0.0,good,215.0,1993-12-24 00:00:00,"8989 Wesley Prairie Suite 040, Lake Paulfort","{""hobbies"": [""daughter"", ""visit""], ""skills"": {""tech"": {""python"": 5, ""excel"": 5, ""sql"": 5}, ""soft"": [""understand"", ""two""]}, ""family"": {""siblings"": 5, ""income"": {""father"": 346, ""mother"": 1429}}, ""devices"": [{""type"": ""laptop"", ""brand"": ""Dell"", ""year"": 2017}, {""type"": ""phone"", ""brand"": ""Xiaomi"", ""year"": 2018}]}","['daughter', 'visit']","[{'type': 'laptop', 'brand': 'Dell', 'year': 2017}, {'type': 'phone', 'brand': 'Xiaomi', 'year': 2018}]",5.0,5.0,5.0,"['understand', 'two']",5.0,346.0,1429.0,Other,,
398,,,Male,90.0,+998960384284,Markfort,dmaldonado@vazquez.info,2006-12-22 00:00:00,Data Science,110.0,pending,,average,239.0,1996-09-29 03:59:34,"4018 Hutchinson Camp Apt. 954, Lake Michelleport","{'hobbies': ['rule', 'himself'], 'skills': {'tech': {'python': 4, 'excel': 2, 'sql': 5}, 'soft': ['human', 'front']}, 'family': {'siblings': 0, 'income': {'father': 967, 'mother': 253}}, 'devices': [{'type': 'laptop', 'brand': 'HP', 'year': 2018}, {'type': 'phone', 'brand': 'Xiaomi', 'year': 2019}]}","['rule', 'himself']","[{'type': 'laptop', 'brand': 'HP', 'year': 2018}, {'type': 'phone', 'brand': 'Xiaomi', 'year': 2019}]",4.0,2.0,5.0,"['human', 'front']",0.0,967.0,253.0,Other,,
399,Sarah Stafford,18.0,Female,,,North Angelatown,,1984-11-07 11:37:00,Data Science,83.0,pending,1.84,excellent,195.0,1995-03-08 02:43:00,"Wayneland 15-kv, dom 40, Tashkent","{'hobbies': ['seek', 'until'], 'skills': {'tech': {'python': 1, 'excel': 5, 'sql': 4}, 'soft': ['thus', 'state']}, 'family': {'siblings': 2, 'income': {'father': 979, 'mother': 784}}, 'devices': [{'type': 'laptop', 'brand': 'Dell', 'year': 2019}, {'type': 'phone', 'brand': 'Samsung', 'year': 2023}]}","['seek', 'until']","[{'type': 'laptop', 'brand': 'Dell', 'year': 2019}, {'type': 'phone', 'brand': 'Samsung', 'year': 2023}]",1.0,5.0,4.0,"['thus', 'state']",2.0,979.0,784.0,Tashkent,,
400,Cameron Potter DDS,20.0,Female,83.0,+998565588643,West Annaberg,jwoods@gmail.com,,Data Science,107.0,pending,3.7,,283.0,1994-03-21 00:00:00,"36971 Christine Meadow, Ashleytown","{'hobbies': ['wrong', 'event'], 'skills': {'tech': {'python': 4, 'excel': 5, 'sql': 1}, 'soft': ['final', 'very']}, 'family': {'siblings': 0, 'income': {'father': 1250, 'mother': 614}}, 'devices': [{'type': 'laptop', 'brand': 'Dell', 'year': 2017}, {'type': 'phone', 'brand': 'Samsung', 'year': 2019}]}","['wrong', 'event']","[{'type': 'laptop', 'brand': 'Dell', 'year': 2017}, {'type': 'phone', 'brand': 'Samsung', 'year': 2019}]",4.0,5.0,1.0,"['final', 'very']",0.0,1250.0,614.0,Other,,
401,Kim Tran,20.0,Female,51.0,+998930381756,Port Daniel,,1984-08-24 08:36:15,Other,110.0,active,4.5,excellent,164.0,2025-04-08 00:00:00,"Apartment 20, Port David district, Tashkent, UZ, 100754","{'hobbies': ['agreement', 'who'], 'skills': {'tech': {'python': 3, 'excel': 1, 'sql': 3}, 'soft': ['word', 'start']}, 'family': {'siblings': 4, 'income': {'father': 773, 'mother': 214}}, 'devices': [{'type': 'laptop', 'brand': 'Lenovo', 'year': 2021}, {'type': 'phone', 'brand': 'Samsung', 'year': 2021}]}","['agreement', 'who']","[{'type': 'laptop', 'brand': 'Lenovo', 'year': 2021}, {'type': 'phone', 'brand': 'Samsung', 'year': 2021}]",3.0,1.0,3.0,"['word', 'start']",4.0,773.0,214.0,Tashkent,Port David,100754
402,Zachary Brooks,19.0,Unknown,80.0,+998897907904,Nealview,anthonyhamilton@yahoo.com,2020-10-12 00:00:00,Other,90.0,active,0.0,excellent,77.0,2009-07-16 00:00:00,"East Philipport 26-kv, dom 1, Tashkent","{hobbies:['physical', 'agent']}",,,,,,,,,,Tashkent,,
403,Charles Solis,18.0,Female,93.0,,Armstrongville,,2015-07-10 15:43:07,Other,,active,3.7,excellent,151.0,2012-05-17 10:07:25,"Lake Michael 24-kv, dom 22, Tashkent","{hobbies:['central', 'scientist']}",,,,,,,,,,Tashkent,,
404,Benjamin Sims,19.0,Male,90.0,+998436509599,North Felicia,,1986-09-16 00:00:00,Data Science,110.0,inactive,-2.0,average,267.0,2006-05-23 18:56:00,"Apartment 9, Port William district, Tashkent, UZ, 100656","{hobbies:['worry', 'well']}",,,,,,,,,,Tashkent,Port William,100656
405,Jessica Davidson,,Female,,,Lake Madison,,1988-08-30 11:17:35,Data Science,66.0,active,-2.0,good,74.0,1985-06-14 00:00:00,"Kimberlyside 28-kv, dom 26, Tashkent","{'hobbies': ['sound', 'feel'], 'skills': {'tech': {'python': 1, 'excel': 5, 'sql': 4}, 'soft': ['democratic', 'blood']}, 'family': {'siblings': 3, 'income': {'father': 1243, 'mother': 1258}}, 'devices': [{'type': 'laptop', 'brand': 'Lenovo', 'year': 2018}, {'type': 'phone', 'brand': 'Samsung', 'year': 2023}]}","['sound', 'feel']","[{'type': 'laptop', 'brand': 'Lenovo', 'year': 2018}, {'type': 'phone', 'brand': 'Samsung', 'year': 2023}]",1.0,5.0,4.0,"['democratic', 'blood']",3.0,1243.0,1258.0,Tashkent,,
406,,18.0,Male,70.0,,New Jason,,1978-10-02 00:00:00,Data Science,,active,3.7,average,105.0,2025-02-16 00:00:00,"BROKEN,ADDRESS,DATA,,,","{""hobbies"": [""key"", ""hair""], ""skills"": {""tech"": {""python"": 4, ""excel"": 4, ""sql"": 2}, ""soft"": [""leader"", ""mission""]}, ""family"": {""siblings"": 2, ""income"": {""father"": 350, ""mother"": 517}}, ""devices"": [{""type"": ""laptop"", ""brand"": ""HP"", ""year"": 2022}, {""type"": ""phone"", ""brand"": ""Apple"", ""year"": 2018}]}","['key', 'hair']","[{'type': 'laptop', 'brand': 'HP', 'year': 2022}, {'type': 'phone', 'brand': 'Apple', 'year': 2018}]",4.0,4.0,2.0,"['leader', 'mission']",2.0,350.0,517.0,,,
407,,18.0,Female,90.0,+998025369331,Romeroport,,1999-02-16 00:00:00,Other,110.0,pending,-2.0,average,181.0,2002-07-27 00:00:00,"BROKEN,ADDRESS,DATA,,,","{""hobbies"": [""none"", ""test""], ""skills"": {""tech"": {""python"": 5, ""excel"": 4, ""sql"": 4}, ""soft"": [""five"", ""body""]}, ""family"": {""siblings"": 4, ""income"": {""father"": 1087, ""mother"": 516}}, ""devices"": [{""type"": ""laptop"", ""brand"": ""Dell"", ""year"": 2018}, {""type"": ""phone"", ""brand"": ""Samsung"", ""year"": 2018}]}","['none', 'test']","[{'type': 'laptop', 'brand': 'Dell', 'year': 2018}, {'type': 'phone', 'brand': 'Samsung', 'year': 2018}]",5.0,4.0,4.0,"['five', 'body']",4.0,1087.0,516.0,,,
408,Melissa Sullivan,21.0,Male,90.0,,Lake Wesley,,,Python,110.0,pending,-2.0,excellent,160.0,1980-01-13 23:53:00,"BROKEN,ADDRESS,DATA,,,","{hobbies:['different', 'behind']}",,,,,,,,,,,,
409,Donna White,20.0,Unknown,90.0,+998443962791,Richardbury,,2020-10-25 00:00:00,Python,110.0,inactive,3.56,good,233.0,1997-12-27 00:00:00,"Apartment 27, New Patricia district, Tashkent, UZ, 100235","{'hobbies': ['capital', 'decision'], 'skills': {'tech': {'python': 5, 'excel': 2, 'sql': 4}, 'soft': ['space', 'across']}, 'family': {'siblings': 4, 'income': {'father': 310, 'mother': 1129}}, 'devices': [{'type': 'laptop', 'brand': 'Lenovo', 'year': 2021}, {'type': 'phone', 'brand': 'Xiaomi', 'year': 2019}]}","['capital', 'decision']","[{'type': 'laptop', 'brand': 'Lenovo', 'year': 2021}, {'type': 'phone', 'brand': 'Xiaomi', 'year': 2019}]",5.0,2.0,4.0,"['space', 'across']",4.0,310.0,1129.0,Tashkent,New Patricia,100235
410,Michael Garrett,20.0,Female,64.0,,North Samanthaberg,,1996-09-19 10:21:00,Data Science,110.0,active,2.18,excellent,272.0,2021-01-17 00:00:00,"BROKEN,ADDRESS,DATA,,,",INVALID_JSON_DATA,,,,,,,,,,,,
411,Robert Rojas,21.0,Unknown,69.0,+998329592641,New Randy,,1992-11-30 00:00:00,Other,110.0,inactive,0.0,,258.0,2003-04-23 00:00:00,"BROKEN,ADDRESS,DATA,,,","{'hobbies': ['tend', 'goal'], 'skills': {'tech': {'python': 3, 'excel': 4, 'sql': 1}, 'soft': ['pull', 'form']}, 'family': {'siblings': 0, 'income': {'father': 1252, 'mother': 483}}, 'devices': [{'type': 'laptop', 'brand': 'Lenovo', 'year': 2023}, {'type': 'phone', 'brand': 'Xiaomi', 'year': 2018}]}","['tend', 'goal']","[{'type': 'laptop', 'brand': 'Lenovo', 'year': 2023}, {'type': 'phone', 'brand': 'Xiaomi', 'year': 2018}]",3.0,4.0,1.0,"['pull', 'form']",0.0,1252.0,483.0,,,
412,Alexandria Ruiz,,Unknown,,+998476352532,New Jasontown,,,Other,110.0,pending,3.75,average,205.0,2019-10-02 00:00:00,UZ 100910 Tashkent New Joseph,INVALID_JSON_DATA,,,,,,,,,,Tashkent,,100910
413,Terry Payne,18.0,Unknown,90.0,,Tuckerland,igonzalez@yahoo.com,1977-04-18 01:06:25,Data Science,,inactive,-2.0,average,183.0,2011-12-12 00:00:00,"6421 Lane Falls Apt. 045, East Deborahport","{""hobbies"": [""how"", ""all""], ""skills"": {""tech"": {""python"": 1, ""excel"": 4, ""sql"": 3}, ""soft"": [""ago"", ""expert""]}, ""family"": {""siblings"": 2, ""income"": {""father"": 1459, ""mother"": 839}}, ""devices"": [{""type"": ""laptop"", ""brand"": ""Lenovo"", ""year"": 2019}, {""type"": ""phone"", ""brand"": ""Xiaomi"", ""year"": 2020}]}","['how', 'all']","[{'type': 'laptop', 'brand': 'Lenovo', 'year': 2019}, {'type': 'phone', 'brand': 'Xiaomi', 'year': 2020}]",1.0,4.0,3.0,"['ago', 'expert']",2.0,1459.0,839.0,Other,,
414,Roger Williams,18.0,Male,77.0,,Tommymouth,,,Other,,inactive,,,195.0,2012-09-13 14:35:00,UZ 100809 Tashkent East Michaelhaven,"{hobbies:['research', 'moment']}",,,,,,,,,,Tashkent,,100809
415,Victoria Butler,20.0,Female,80.0,,Lake Deborah,,1976-09-09 00:00:00,Data Science,113.0,pending,0.0,good,298.0,,"East Jasonstad 26-kv, dom 14, Tashkent","{hobbies:['use', 'individual']}",,,,,,,,,,Tashkent,,
416,,20.0,Unknown,85.0,,Gregoryville,,2010-12-24 00:00:00,Python,110.0,active,3.7,good,241.0,2006-05-03 23:59:00,"BROKEN,ADDRESS,DATA,,,",INVALID_JSON_DATA,,,,,,,,,,,,
417,Valerie Cohen,20.0,Male,78.0,+998069214376,West Christinatown,,,Data Science,,pending,-2.0,good,224.0,1978-06-20 01:57:23,UZ 100155 Tashkent Lake Lukeland,INVALID_JSON_DATA,,,,,,,,,,Tashkent,,100155
418,,22.0,Unknown,90.0,+998368286357,North Jonathan,,1997-05-07 00:00:00,Other,110.0,pending,15.5,good,210.0,1970-08-02 00:00:00,UZ 100507 Tashkent Lake Jodiview,INVALID_JSON_DATA,,,,,,,,,,Tashkent,,100507
419,,18.0,Unknown,90.0,+998257538008,South Joshuamouth,,2015-03-13 00:00:00,Data Science,,pending,0.0,excellent,135.0,,"Port Catherinemouth 29-kv, dom 47, Tashkent","{'hobbies': ['camera', 'argue'], 'skills': {'tech': {'python': 2, 'excel': 3, 'sql': 2}, 'soft': ['body', 'husband']}, 'family': {'siblings': 1, 'income': {'father': 908, 'mother': 489}}, 'devices': [{'type': 'laptop', 'brand': 'Dell', 'year': 2018}, {'type': 'phone', 'brand': 'Apple', 'year': 2021}]}","['camera', 'argue']","[{'type': 'laptop', 'brand': 'Dell', 'year': 2018}, {'type': 'phone', 'brand': 'Apple', 'year': 2021}]",2.0,3.0,2.0,"['body', 'husband']",1.0,908.0,489.0,Tashkent,,
420,Shirley Mccann,18.0,Unknown,91.0,+998473967540,South Claudiafort,,,Data Science,,inactive,4.5,good,204.0,1995-10-28 09:52:00,"28439 Frances Extension Suite 697, Ronaldburgh","{""hobbies"": [""practice"", ""know""], ""skills"": {""tech"": {""python"": 2, ""excel"": 4, ""sql"": 1}, ""soft"": [""very"", ""thing""]}, ""family"": {""siblings"": 5, ""income"": {""father"": 1232, ""mother"": 1067}}, ""devices"": [{""type"": ""laptop"", ""brand"": ""Dell"", ""year"": 2015}, {""type"": ""phone"", ""brand"": ""Apple"", ""year"": 2019}]}","['practice', 'know']","[{'type': 'laptop', 'brand': 'Dell', 'year': 2015}, {'type': 'phone', 'brand': 'Apple', 'year': 2019}]",2.0,4.0,1.0,"['very', 'thing']",5.0,1232.0,1067.0,Other,,
421,,20.0,Male,,,South Stephanie,,2014-12-17 00:00:00,Data Science,,pending,0.0,excellent,209.0,2016-01-27 21:46:00,"791 Norma Fork, Port Garyport","{""hobbies"": [""radio"", ""summer""], ""skills"": {""tech"": {""python"": 3, ""excel"": 3, ""sql"": 5}, ""soft"": [""marriage"", ""help""]}, ""family"": {""siblings"": 4, ""income"": {""father"": 413, ""mother"": 910}}, ""devices"": [{""type"": ""laptop"", ""brand"": ""HP"", ""year"": 2020}, {""type"": ""phone"", ""brand"": ""Apple"", ""year"": 2024}]}","['radio', 'summer']","[{'type': 'laptop', 'brand': 'HP', 'year': 2020}, {'type': 'phone', 'brand': 'Apple', 'year': 2024}]",3.0,3.0,5.0,"['marriage', 'help']",4.0,413.0,910.0,Other,,
422,Steven Butler,21.0,Female,55.0,,Ayersview,wellslynn@bishop-bates.com,,Other,110.0,inactive,,average,149.0,,"Apartment 49, Wallshire district, Tashkent, UZ, 100522","{""hobbies"": [""for"", ""save""], ""skills"": {""tech"": {""python"": 1, ""excel"": 3, ""sql"": 1}, ""soft"": [""group"", ""public""]}, ""family"": {""siblings"": 1, ""income"": {""father"": 1475, ""mother"": 731}}, ""devices"": [{""type"": ""laptop"", ""brand"": ""Lenovo"", ""year"": 2022}, {""type"": ""phone"", ""brand"": ""Xiaomi"", ""year"": 2022}]}","['for', 'save']","[{'type': 'laptop', 'brand': 'Lenovo', 'year': 2022}, {'type': 'phone', 'brand': 'Xiaomi', 'year': 2022}]",1.0,3.0,1.0,"['group', 'public']",1.0,1475.0,731.0,Tashkent,Wallshire,100522
423,David Daugherty,20.0,Female,,,Josemouth,,2017-03-06 00:00:00,Other,77.0,inactive,-2.0,good,104.0,2016-07-01 22:06:27,"BROKEN,ADDRESS,DATA,,,","{""hobbies"": [""manager"", ""election""], ""skills"": {""tech"": {""python"": 4, ""excel"": 5, ""sql"": 5}, ""soft"": [""actually"", ""talk""]}, ""family"": {""siblings"": 3, ""income"": {""father"": 1335, ""mother"": 205}}, ""devices"": [{""type"": ""laptop"", ""brand"": ""Lenovo"", ""year"": 2021}, {""type"": ""phone"", ""brand"": ""Samsung"", ""year"": 2023}]}","['manager', 'election']","[{'type': 'laptop', 'brand': 'Lenovo', 'year': 2021}, {'type': 'phone', 'brand': 'Samsung', 'year': 2023}]",4.0,5.0,5.0,"['actually', 'talk']",3.0,1335.0,205.0,,,
424,Christopher Gill,22.0,Female,,+998746843769,Jessicaview,bassmichael@hotmail.com,1985-09-10 16:33:19,Data Science,60.0,inactive,-2.0,excellent,218.0,2004-06-28 00:00:00,"Apartment 23, East Chad district, Tashkent, UZ, 100316","{""hobbies"": [""world"", ""computer""], ""skills"": {""tech"": {""python"": 2, ""excel"": 2, ""sql"": 2}, ""soft"": [""wide"", ""exactly""]}, ""family"": {""siblings"": 3, ""income"": {""father"": 588, ""mother"": 652}}, ""devices"": [{""type"": ""laptop"", ""brand"": ""Dell"", ""year"": 2021}, {""type"": ""phone"", ""brand"": ""Xiaomi"", ""year"": 2021}]}","['world', 'computer']","[{'type': 'laptop', 'brand': 'Dell', 'year': 2021}, {'type': 'phone', 'brand': 'Xiaomi', 'year': 2021}]",2.0,2.0,2.0,"['wide', 'exactly']",3.0,588.0,652.0,Tashkent,East Chad,100316
425,Timothy Winters,18.0,Male,,,Vasquezberg,,2000-07-31 11:37:00,Data Science,110.0,pending,,excellent,65.0,1996-01-07 00:00:00,UZ 100174 Tashkent Michaeltown,"{'hobbies': ['space', 'mother'], 'skills': {'tech': {'python': 3, 'excel': 3, 'sql': 2}, 'soft': ['possible', 'kitchen']}, 'family': {'siblings': 2, 'income': {'father': 889, 'mother': 505}}, 'devices': [{'type': 'laptop', 'brand': 'HP', 'year': 2017}, {'type': 'phone', 'brand': 'Samsung', 'year': 2023}]}","['space', 'mother']","[{'type': 'laptop', 'brand': 'HP', 'year': 2017}, {'type': 'phone', 'brand': 'Samsung', 'year': 2023}]",3.0,3.0,2.0,"['possible', 'kitchen']",2.0,889.0,505.0,Tashkent,,100174
426,Sarah Nelson,18.0,Female,76.0,+998698025596,Port Jessicafort,,2020-12-02 18:43:00,Data Science,70.0,inactive,3.24,excellent,100.0,2007-08-18 00:00:00,"BROKEN,ADDRESS,DATA,,,","{hobbies:['own', 'yet']}",,,,,,,,,,,,
427,Ryan Baker,22.0,Male,64.0,+998034595909,Nicholston,anthony51@barajas-li.com,,Other,81.0,pending,4.5,excellent,284.0,1990-09-24 00:00:00,UZ 100113 Tashkent North Roy,"{'hobbies': ['fight', 'difference'], 'skills': {'tech': {'python': 1, 'excel': 2, 'sql': 2}, 'soft': ['allow', 'condition']}, 'family': {'siblings': 0, 'income': {'father': 628, 'mother': 514}}, 'devices': [{'type': 'laptop', 'brand': 'Lenovo', 'year': 2015}, {'type': 'phone', 'brand': 'Samsung', 'year': 2022}]}","['fight', 'difference']","[{'type': 'laptop', 'brand': 'Lenovo', 'year': 2015}, {'type': 'phone', 'brand': 'Samsung', 'year': 2022}]",1.0,2.0,2.0,"['allow', 'condition']",0.0,628.0,514.0,Tashkent,,100113
428,,18.0,Female,,+998558940205,Thompsonberg,,1978-02-28 00:00:00,Data Science,75.0,pending,15.5,excellent,174.0,2004-09-12 00:00:00,"Apartment 44, Smithshire district, Tashkent, UZ, 100091","{""hobbies"": [""nation"", ""if""], ""skills"": {""tech"": {""python"": 5, ""excel"": 4, ""sql"": 5}, ""soft"": [""assume"", ""matter""]}, ""family"": {""siblings"": 4, ""income"": {""father"": 1339, ""mother"": 1067}}, ""devices"": [{""type"": ""laptop"", ""brand"": ""Dell"", ""year"": 2017}, {""type"": ""phone"", ""brand"": ""Samsung"", ""year"": 2023}]}","['nation', 'if']","[{'type': 'laptop', 'brand': 'Dell', 'year': 2017}, {'type': 'phone', 'brand': 'Samsung', 'year': 2023}]",5.0,4.0,5.0,"['assume', 'matter']",4.0,1339.0,1067.0,Tashkent,Smithshire,100091
429,Anthony Armstrong,,Unknown,,+998348338711,Laurenmouth,maryjimenez@mullins.biz,1997-04-10 12:07:40,Other,110.0,active,,good,222.0,2002-07-28 00:00:00,UZ 100144 Tashkent Lake Dawnside,"{'hobbies': ['travel', 'exactly'], 'skills': {'tech': {'python': 1, 'excel': 2, 'sql': 5}, 'soft': ['add', 'hot']}, 'family': {'siblings': 0, 'income': {'father': 795, 'mother': 317}}, 'devices': [{'type': 'laptop', 'brand': 'Lenovo', 'year': 2015}, {'type': 'phone', 'brand': 'Apple', 'year': 2022}]}","['travel', 'exactly']","[{'type': 'laptop', 'brand': 'Lenovo', 'year': 2015}, {'type': 'phone', 'brand': 'Apple', 'year': 2022}]",1.0,2.0,5.0,"['add', 'hot']",0.0,795.0,317.0,Tashkent,,100144
430,Tammy Green,21.0,Female,90.0,+998900245538,Rushfurt,,2019-03-01 14:38:37,Data Science,,inactive,15.5,good,65.0,1993-05-28 00:00:00,"Apartment 47, East Michele district, Tashkent, UZ, 100025","{'hobbies': ['beyond', 'federal'], 'skills': {'tech': {'python': 5, 'excel': 1, 'sql': 5}, 'soft': ['away', 'south']}, 'family': {'siblings': 1, 'income': {'father': 749, 'mother': 540}}, 'devices': [{'type': 'laptop', 'brand': 'HP', 'year': 2020}, {'type': 'phone', 'brand': 'Samsung', 'year': 2023}]}","['beyond', 'federal']","[{'type': 'laptop', 'brand': 'HP', 'year': 2020}, {'type': 'phone', 'brand': 'Samsung', 'year': 2023}]",5.0,1.0,5.0,"['away', 'south']",1.0,749.0,540.0,Tashkent,East Michele,100025
431,Juan Wright,22.0,Female,84.0,+998870389711,North Robertshire,,2014-07-28 18:41:03,Other,,pending,4.5,average,260.0,1994-01-29 00:00:00,UZ 100116 Tashkent Jamesfort,"{'hobbies': ['pass', 'federal'], 'skills': {'tech': {'python': 3, 'excel': 3, 'sql': 2}, 'soft': ['fund', 'main']}, 'family': {'siblings': 3, 'income': {'father': 1115, 'mother': 932}}, 'devices': [{'type': 'laptop', 'brand': 'HP', 'year': 2019}, {'type': 'phone', 'brand': 'Apple', 'year': 2023}]}","['pass', 'federal']","[{'type': 'laptop', 'brand': 'HP', 'year': 2019}, {'type': 'phone', 'brand': 'Apple', 'year': 2023}]",3.0,3.0,2.0,"['fund', 'main']",3.0,1115.0,932.0,Tashkent,,100116
432,,21.0,Female,63.0,+998568390447,Sharpmouth,troy24@gmail.com,2003-08-15 20:55:29,Other,,inactive,15.5,average,281.0,1984-09-10 17:56:00,"Gibsonhaven 7-kv, dom 6, Tashkent",INVALID_JSON_DATA,,,,,,,,,,Tashkent,,
433,Belinda Crawford,22.0,Female,90.0,,South Adamside,,1985-06-21 07:23:40,Data Science,,inactive,3.7,excellent,79.0,1971-06-04 00:00:00,UZ 100395 Tashkent West Jasonport,INVALID_JSON_DATA,,,,,,,,,,Tashkent,,100395
434,Danielle Roberts,20.0,Male,90.0,,New Timothystad,,2025-07-14 10:43:02,Data Science,,active,0.0,average,201.0,2022-10-11 01:06:08,"BROKEN,ADDRESS,DATA,,,","{'hobbies': ['test', 'decide'], 'skills': {'tech': {'python': 2, 'excel': 4, 'sql': 4}, 'soft': ['left', 'picture']}, 'family': {'siblings': 5, 'income': {'father': 1045, 'mother': 610}}, 'devices': [{'type': 'laptop', 'brand': 'HP', 'year': 2018}, {'type': 'phone', 'brand': 'Xiaomi', 'year': 2019}]}","['test', 'decide']","[{'type': 'laptop', 'brand': 'HP', 'year': 2018}, {'type': 'phone', 'brand': 'Xiaomi', 'year': 2019}]",2.0,4.0,4.0,"['left', 'picture']",5.0,1045.0,610.0,,,
435,Barbara Allen,,Female,73.0,+998637101993,Josephside,,2010-08-25 20:10:00,Data Science,94.0,active,,,74.0,,UZ 100323 Tashkent North Tracyport,INVALID_JSON_DATA,,,,,,,,,,Tashkent,,100323
436,,20.0,Female,90.0,,Lake Jeffrey,ramirezrobin@yahoo.com,1991-10-13 11:59:00,Data Science,85.0,inactive,4.5,excellent,235.0,1980-02-14 00:40:00,"32167 Phillips Expressway, Lake Brittany","{'hobbies': ['success', 'current'], 'skills': {'tech': {'python': 3, 'excel': 1, 'sql': 3}, 'soft': ['issue', 'performance']}, 'family': {'siblings': 0, 'income': {'father': 1070, 'mother': 873}}, 'devices': [{'type': 'laptop', 'brand': 'HP', 'year': 2018}, {'type': 'phone', 'brand': 'Samsung', 'year': 2022}]}","['success', 'current']","[{'type': 'laptop', 'brand': 'HP', 'year': 2018}, {'type': 'phone', 'brand': 'Samsung', 'year': 2022}]",3.0,1.0,3.0,"['issue', 'performance']",0.0,1070.0,873.0,Other,,
437,,20.0,Male,60.0,+998792758616,Garciaton,hensonchristina@brown.com,,Data Science,110.0,pending,15.5,good,68.0,,"Apartment 49, New William district, Tashkent, UZ, 100630","{'hobbies': ['any', 'bad'], 'skills': {'tech': {'python': 3, 'excel': 5, 'sql': 3}, 'soft': ['whatever', 'his']}, 'family': {'siblings': 3, 'income': {'father': 1029, 'mother': 217}}, 'devices': [{'type': 'laptop', 'brand': 'HP', 'year': 2018}, {'type': 'phone', 'brand': 'Samsung', 'year': 2018}]}","['any', 'bad']","[{'type': 'laptop', 'brand': 'HP', 'year': 2018}, {'type': 'phone', 'brand': 'Samsung', 'year': 2018}]",3.0,5.0,3.0,"['whatever', 'his']",3.0,1029.0,217.0,Tashkent,New William,100630
438,,21.0,Female,,,Clarkchester,emilyhahn@sanchez.biz,1972-12-11 00:00:00,Other,110.0,inactive,3.7,,162.0,1984-03-16 00:00:00,"Apartment 50, Port Hannahchester district, Tashkent, UZ, 100469","{hobbies:['daughter', 'air']}",,,,,,,,,,Tashkent,Port Hannahchester,100469
439,Jessica Ford,21.0,Unknown,68.0,,East Hollyville,jeffrey59@murphy-andrews.com,2005-11-28 00:00:00,Data Science,110.0,pending,0.0,excellent,63.0,1993-02-24 21:56:00,"New Andreaton 3-kv, dom 49, Tashkent","{'hobbies': ['event', 'authority'], 'skills': {'tech': {'python': 4, 'excel': 2, 'sql': 3}, 'soft': ['speech', 'environment']}, 'family': {'siblings': 3, 'income': {'father': 381, 'mother': 811}}, 'devices': [{'type': 'laptop', 'brand': 'Dell', 'year': 2021}, {'type': 'phone', 'brand': 'Xiaomi', 'year': 2022}]}","['event', 'authority']","[{'type': 'laptop', 'brand': 'Dell', 'year': 2021}, {'type': 'phone', 'brand': 'Xiaomi', 'year': 2022}]",4.0,2.0,3.0,"['speech', 'environment']",3.0,381.0,811.0,Tashkent,,
440,Scott Bailey,20.0,Female,100.0,,South Cynthiamouth,,1998-01-08 00:00:00,Data Science,,inactive,,average,157.0,1993-01-07 19:37:00,"East Melissa 19-kv, dom 44, Tashkent","{""hobbies"": [""wrong"", ""central""], ""skills"": {""tech"": {""python"": 2, ""excel"": 3, ""sql"": 5}, ""soft"": [""anyone"", ""space""]}, ""family"": {""siblings"": 4, ""income"": {""father"": 513, ""mother"": 1090}}, ""devices"": [{""type"": ""laptop"", ""brand"": ""HP"", ""year"": 2022}, {""type"": ""phone"", ""brand"": ""Samsung"", ""year"": 2024}]}","['wrong', 'central']","[{'type': 'laptop', 'brand': 'HP', 'year': 2022}, {'type': 'phone', 'brand': 'Samsung', 'year': 2024}]",2.0,3.0,5.0,"['anyone', 'space']",4.0,513.0,1090.0,Tashkent,,
441,Christopher Stevenson,18.0,Female,95.0,,Lake Marilyn,,2023-06-07 00:00:00,Other,70.0,inactive,4.5,good,299.0,1973-11-19 00:00:00,"Kathleenchester 19-kv, dom 10, Tashkent","{'hobbies': ['full', 'for'], 'skills': {'tech': {'python': 1, 'excel': 3, 'sql': 3}, 'soft': ['present', 'standard']}, 'family': {'siblings': 1, 'income': {'father': 438, 'mother': 1473}}, 'devices': [{'type': 'laptop', 'brand': 'Dell', 'year': 2018}, {'type': 'phone', 'brand': 'Samsung', 'year': 2020}]}","['full', 'for']","[{'type': 'laptop', 'brand': 'Dell', 'year': 2018}, {'type': 'phone', 'brand': 'Samsung', 'year': 2020}]",1.0,3.0,3.0,"['present', 'standard']",1.0,438.0,1473.0,Tashkent,,
442,Chris Hernandez,19.0,Unknown,90.0,+998498991644,Taylorview,,2005-10-11 00:00:00,Other,65.0,pending,,excellent,236.0,1998-06-14 16:34:54,"Apartment 32, Tammychester district, Tashkent, UZ, 100928","{""hobbies"": [""matter"", ""test""], ""skills"": {""tech"": {""python"": 1, ""excel"": 1, ""sql"": 5}, ""soft"": [""as"", ""work""]}, ""family"": {""siblings"": 3, ""income"": {""father"": 956, ""mother"": 612}}, ""devices"": [{""type"": ""laptop"", ""brand"": ""HP"", ""year"": 2019}, {""type"": ""phone"", ""brand"": ""Samsung"", ""year"": 2020}]}","['matter', 'test']","[{'type': 'laptop', 'brand': 'HP', 'year': 2019}, {'type': 'phone', 'brand': 'Samsung', 'year': 2020}]",1.0,1.0,5.0,"['as', 'work']",3.0,956.0,612.0,Tashkent,Tammychester,100928
443,,18.0,Female,69.0,+998269766613,Meyershire,,1995-12-07 14:03:00,Other,,active,3.7,excellent,297.0,,"721 Ball Camp Suite 246, Hernandeztown","{'hobbies': ['official', 'choice'], 'skills': {'tech': {'python': 1, 'excel': 3, 'sql': 3}, 'soft': ['green', 'again']}, 'family': {'siblings': 0, 'income': {'father': 883, 'mother': 1290}}, 'devices': [{'type': 'laptop', 'brand': 'Dell', 'year': 2024}, {'type': 'phone', 'brand': 'Xiaomi', 'year': 2021}]}","['official', 'choice']","[{'type': 'laptop', 'brand': 'Dell', 'year': 2024}, {'type': 'phone', 'brand': 'Xiaomi', 'year': 2021}]",1.0,3.0,3.0,"['green', 'again']",0.0,883.0,1290.0,Other,,
444,,19.0,Unknown,90.0,+998399097439,East Brianport,,,Other,,active,3.07,,213.0,,"Apartment 44, East Michele district, Tashkent, UZ, 100459","{""hobbies"": [""leader"", ""everything""], ""skills"": {""tech"": {""python"": 5, ""excel"": 4, ""sql"": 5}, ""soft"": [""public"", ""level""]}, ""family"": {""siblings"": 4, ""income"": {""father"": 1489, ""mother"": 423}}, ""devices"": [{""type"": ""laptop"", ""brand"": ""HP"", ""year"": 2024}, {""type"": ""phone"", ""brand"": ""Apple"", ""year"": 2019}]}","['leader', 'everything']","[{'type': 'laptop', 'brand': 'HP', 'year': 2024}, {'type': 'phone', 'brand': 'Apple', 'year': 2019}]",5.0,4.0,5.0,"['public', 'level']",4.0,1489.0,423.0,Tashkent,East Michele,100459
445,Nathan Bell,20.0,Unknown,,+998418009796,West Tylerport,,2008-05-23 21:21:36,Python,110.0,active,15.5,average,192.0,2017-12-05 00:00:00,"5951 Richard Common, Wilsonview","{'hobbies': ['what', 'sometimes'], 'skills': {'tech': {'python': 2, 'excel': 4, 'sql': 2}, 'soft': ['dinner', 'where']}, 'family': {'siblings': 4, 'income': {'father': 720, 'mother': 814}}, 'devices': [{'type': 'laptop', 'brand': 'HP', 'year': 2019}, {'type': 'phone', 'brand': 'Apple', 'year': 2024}]}","['what', 'sometimes']","[{'type': 'laptop', 'brand': 'HP', 'year': 2019}, {'type': 'phone', 'brand': 'Apple', 'year': 2024}]",2.0,4.0,2.0,"['dinner', 'where']",4.0,720.0,814.0,Other,,
446,Michael Delgado,18.0,Female,92.0,+998570816072,East Michelle,lbailey@gmail.com,2024-01-17 11:00:00,Other,95.0,pending,3.7,excellent,215.0,,"BROKEN,ADDRESS,DATA,,,","{'hobbies': ['article', 'west'], 'skills': {'tech': {'python': 3, 'excel': 1, 'sql': 1}, 'soft': ['call', 'edge']}, 'family': {'siblings': 3, 'income': {'father': 1085, 'mother': 1135}}, 'devices': [{'type': 'laptop', 'brand': 'HP', 'year': 2015}, {'type': 'phone', 'brand': 'Xiaomi', 'year': 2024}]}","['article', 'west']","[{'type': 'laptop', 'brand': 'HP', 'year': 2015}, {'type': 'phone', 'brand': 'Xiaomi', 'year': 2024}]",3.0,1.0,1.0,"['call', 'edge']",3.0,1085.0,1135.0,,,
447,Brandy King,20.0,Unknown,81.0,,East Mark,,1997-07-11 00:00:00,Other,,active,0.0,excellent,117.0,1983-12-01 00:00:00,"39753 Emily Harbors, North Danielleview","{""hobbies"": [""center"", ""benefit""], ""skills"": {""tech"": {""python"": 3, ""excel"": 4, ""sql"": 4}, ""soft"": [""still"", ""piece""]}, ""family"": {""siblings"": 4, ""income"": {""father"": 669, ""mother"": 732}}, ""devices"": [{""type"": ""laptop"", ""brand"": ""Dell"", ""year"": 2023}, {""type"": ""phone"", ""brand"": ""Apple"", ""year"": 2018}]}","['center', 'benefit']","[{'type': 'laptop', 'brand': 'Dell', 'year': 2023}, {'type': 'phone', 'brand': 'Apple', 'year': 2018}]",3.0,4.0,4.0,"['still', 'piece']",4.0,669.0,732.0,Other,,
448,Karen Martinez,20.0,Unknown,70.0,,Owenfort,,1976-05-18 00:00:00,Python,60.0,pending,4.5,,252.0,,UZ 100447 Tashkent New Kevin,"{hobbies:['white', 'think']}",,,,,,,,,,Tashkent,,100447
449,Jeffery Miller,20.0,Female,71.0,+998623717152,Thomasstad,,,Data Science,109.0,pending,,,251.0,1980-12-01 20:14:00,"BROKEN,ADDRESS,DATA,,,","{""hobbies"": [""assume"", ""assume""], ""skills"": {""tech"": {""python"": 5, ""excel"": 5, ""sql"": 5}, ""soft"": [""the"", ""front""]}, ""family"": {""siblings"": 0, ""income"": {""father"": 976, ""mother"": 689}}, ""devices"": [{""type"": ""laptop"", ""brand"": ""Dell"", ""year"": 2024}, {""type"": ""phone"", ""brand"": ""Apple"", ""year"": 2018}]}","['assume', 'assume']","[{'type': 'laptop', 'brand': 'Dell', 'year': 2024}, {'type': 'phone', 'brand': 'Apple', 'year': 2018}]",5.0,5.0,5.0,"['the', 'front']",0.0,976.0,689.0,,,
450,Daniel Murphy,19.0,Unknown,70.0,,Lake Nathan,joseph15@may-martinez.info,2025-11-12 00:00:00,Other,97.0,pending,0.0,excellent,243.0,2019-04-05 00:00:00,"BROKEN,ADDRESS,DATA,,,","{'hobbies': ['raise', 'skill'], 'skills': {'tech': {'python': 5, 'excel': 3, 'sql': 2}, 'soft': ['personal', 'long']}, 'family': {'siblings': 1, 'income': {'father': 491, 'mother': 799}}, 'devices': [{'type': 'laptop', 'brand': 'Lenovo', 'year': 2017}, {'type': 'phone', 'brand': 'Samsung', 'year': 2024}]}","['raise', 'skill']","[{'type': 'laptop', 'brand': 'Lenovo', 'year': 2017}, {'type': 'phone', 'brand': 'Samsung', 'year': 2024}]",5.0,3.0,2.0,"['personal', 'long']",1.0,491.0,799.0,,,
451,Amber Brooks,21.0,Female,69.0,+998307417549,East Don,richard36@gmail.com,1991-11-09 00:00:00,Data Science,,pending,0.0,excellent,193.0,2018-02-06 00:00:00,"Lake David 11-kv, dom 11, Tashkent","{'hobbies': ['hour', 'ready'], 'skills': {'tech': {'python': 1, 'excel': 5, 'sql': 1}, 'soft': ['once', 'general']}, 'family': {'siblings': 4, 'income': {'father': 693, 'mother': 444}}, 'devices': [{'type': 'laptop', 'brand': 'Lenovo', 'year': 2021}, {'type': 'phone', 'brand': 'Xiaomi', 'year': 2023}]}","['hour', 'ready']","[{'type': 'laptop', 'brand': 'Lenovo', 'year': 2021}, {'type': 'phone', 'brand': 'Xiaomi', 'year': 2023}]",1.0,5.0,1.0,"['once', 'general']",4.0,693.0,444.0,Tashkent,,
452,Anna Ayers,22.0,Unknown,63.0,+998012705764,Lake Kim,,1974-12-02 00:00:00,Data Science,,inactive,-2.0,excellent,235.0,2001-12-26 00:00:00,"BROKEN,ADDRESS,DATA,,,","{hobbies:['five', 'animal']}",,,,,,,,,,,,
453,Julie Flores,18.0,Female,,+998720111733,North Josephchester,,2007-02-14 00:00:00,Data Science,110.0,active,15.5,excellent,122.0,2014-10-09 12:03:00,UZ 100779 Tashkent Sophiashire,INVALID_JSON_DATA,,,,,,,,,,Tashkent,,100779
454,Michael Riley,,Unknown,,+998082963715,Jamesside,bnewman@edwards.net,1985-02-12 00:00:00,Python,,active,-2.0,average,198.0,,"South Jonathanview 11-kv, dom 15, Tashkent","{hobbies:['debate', 'whether']}",,,,,,,,,,Tashkent,,
455,Emily Ray,22.0,Female,,+998479145964,North Christopherton,,1997-05-10 12:19:37,Data Science,,active,15.5,excellent,184.0,1998-03-18 21:57:58,UZ 100680 Tashkent Cartermouth,"{""hobbies"": [""may"", ""challenge""], ""skills"": {""tech"": {""python"": 5, ""excel"": 2, ""sql"": 4}, ""soft"": [""wife"", ""mouth""]}, ""family"": {""siblings"": 0, ""income"": {""father"": 1386, ""mother"": 1411}}, ""devices"": [{""type"": ""laptop"", ""brand"": ""Lenovo"", ""year"": 2015}, {""type"": ""phone"", ""brand"": ""Xiaomi"", ""year"": 2019}]}","['may', 'challenge']","[{'type': 'laptop', 'brand': 'Lenovo', 'year': 2015}, {'type': 'phone', 'brand': 'Xiaomi', 'year': 2019}]",5.0,2.0,4.0,"['wife', 'mouth']",0.0,1386.0,1411.0,Tashkent,,100680
456,,,Female,63.0,,Perezmouth,,2004-12-05 00:00:00,Other,84.0,active,4.5,good,189.0,2019-07-22 17:48:42,"11041 Kristen Mountain, Stewartshire",INVALID_JSON_DATA,,,,,,,,,,Other,,
457,Wendy Williams,20.0,Female,54.0,+998544662154,Port Luisstad,rogershannah@calderon-romero.com,2010-09-17 20:25:00,Other,72.0,pending,3.7,,279.0,2003-06-22 09:06:00,"New Katherine 17-kv, dom 14, Tashkent","{hobbies:['program', 'employee']}",,,,,,,,,,Tashkent,,
458,Steven Gray,18.0,Male,93.0,+998527641564,Rogerville,,1993-09-08 11:26:29,Python,84.0,inactive,3.7,excellent,214.0,2020-02-16 00:00:00,"BROKEN,ADDRESS,DATA,,,","{'hobbies': ['garden', 'Mrs'], 'skills': {'tech': {'python': 4, 'excel': 2, 'sql': 5}, 'soft': ['ten', 'safe']}, 'family': {'siblings': 1, 'income': {'father': 819, 'mother': 1374}}, 'devices': [{'type': 'laptop', 'brand': 'Lenovo', 'year': 2022}, {'type': 'phone', 'brand': 'Samsung', 'year': 2023}]}","['garden', 'Mrs']","[{'type': 'laptop', 'brand': 'Lenovo', 'year': 2022}, {'type': 'phone', 'brand': 'Samsung', 'year': 2023}]",4.0,2.0,5.0,"['ten', 'safe']",1.0,819.0,1374.0,,,
459,Melanie Kline,,Female,91.0,+998961195797,Rodriguezborough,,1972-10-28 00:00:00,Other,,pending,,excellent,290.0,2025-08-15 00:00:00,UZ 100349 Tashkent Bryantmouth,"{'hobbies': ['throw', 'free'], 'skills': {'tech': {'python': 2, 'excel': 2, 'sql': 4}, 'soft': ['identify', 'network']}, 'family': {'siblings': 5, 'income': {'father': 1179, 'mother': 918}}, 'devices': [{'type': 'laptop', 'brand': 'HP', 'year': 2016}, {'type': 'phone', 'brand': 'Xiaomi', 'year': 2022}]}","['throw', 'free']","[{'type': 'laptop', 'brand': 'HP', 'year': 2016}, {'type': 'phone', 'brand': 'Xiaomi', 'year': 2022}]",2.0,2.0,4.0,"['identify', 'network']",5.0,1179.0,918.0,Tashkent,,100349
460,,20.0,Unknown,66.0,+998965194828,West Frankfurt,krystal72@hotmail.com,1981-04-29 17:52:19,Data Science,,inactive,3.7,excellent,124.0,1970-10-13 21:54:00,"4044 Ashley Canyon Suite 093, Eugenebury","{""hobbies"": [""Democrat"", ""ago""], ""skills"": {""tech"": {""python"": 1, ""excel"": 2, ""sql"": 3}, ""soft"": [""fall"", ""nor""]}, ""family"": {""siblings"": 4, ""income"": {""father"": 769, ""mother"": 1087}}, ""devices"": [{""type"": ""laptop"", ""brand"": ""Lenovo"", ""year"": 2016}, {""type"": ""phone"", ""brand"": ""Samsung"", ""year"": 2023}]}","['Democrat', 'ago']","[{'type': 'laptop', 'brand': 'Lenovo', 'year': 2016}, {'type': 'phone', 'brand': 'Samsung', 'year': 2023}]",1.0,2.0,3.0,"['fall', 'nor']",4.0,769.0,1087.0,Other,,
461,,20.0,Male,77.0,,East Morgan,christine49@hoffman-edwards.org,1998-01-08 00:00:00,Data Science,110.0,pending,3.7,,173.0,,"Apartment 31, New Tristanstad district, Tashkent, UZ, 100639","{'hobbies': ['defense', 'on'], 'skills': {'tech': {'python': 5, 'excel': 1, 'sql': 3}, 'soft': ['argue', 'establish']}, 'family': {'siblings': 3, 'income': {'father': 1233, 'mother': 1205}}, 'devices': [{'type': 'laptop', 'brand': 'HP', 'year': 2022}, {'type': 'phone', 'brand': 'Samsung', 'year': 2022}]}","['defense', 'on']","[{'type': 'laptop', 'brand': 'HP', 'year': 2022}, {'type': 'phone', 'brand': 'Samsung', 'year': 2022}]",5.0,1.0,3.0,"['argue', 'establish']",3.0,1233.0,1205.0,Tashkent,New Tristanstad,100639
462,Andrea Clark,22.0,Unknown,90.0,+998341280249,Santosborough,alisha02@fisher-frye.net,,Other,110.0,pending,15.5,excellent,201.0,1999-03-21 00:00:00,"37125 Harris Ridges, Feliciahaven","{hobbies:['cultural', 'miss']}",,,,,,,,,,Other,,
463,,,Male,90.0,+998186806509,Teresaton,,,Data Science,110.0,active,15.5,excellent,151.0,2025-11-01 07:48:18,"Apartment 17, East Melanieton district, Tashkent, UZ, 100892","{'hobbies': ['for', 'program'], 'skills': {'tech': {'python': 5, 'excel': 2, 'sql': 3}, 'soft': ['front', 'get']}, 'family': {'siblings': 3, 'income': {'father': 844, 'mother': 1300}}, 'devices': [{'type': 'laptop', 'brand': 'Dell', 'year': 2019}, {'type': 'phone', 'brand': 'Samsung', 'year': 2018}]}","['for', 'program']","[{'type': 'laptop', 'brand': 'Dell', 'year': 2019}, {'type': 'phone', 'brand': 'Samsung', 'year': 2018}]",5.0,2.0,3.0,"['front', 'get']",3.0,844.0,1300.0,Tashkent,East Melanieton,100892
464,,18.0,Female,62.0,+998003472929,New Jessica,,2023-09-19 00:00:00,Data Science,110.0,active,0.0,excellent,121.0,1988-10-09 19:54:50,"6619 Mills Island Suite 519, East Richard","{'hobbies': ['garden', 'language'], 'skills': {'tech': {'python': 2, 'excel': 1, 'sql': 2}, 'soft': ['gas', 'eye']}, 'family': {'siblings': 5, 'income': {'father': 335, 'mother': 260}}, 'devices': [{'type': 'laptop', 'brand': 'Dell', 'year': 2024}, {'type': 'phone', 'brand': 'Samsung', 'year': 2022}]}","['garden', 'language']","[{'type': 'laptop', 'brand': 'Dell', 'year': 2024}, {'type': 'phone', 'brand': 'Samsung', 'year': 2022}]",2.0,1.0,2.0,"['gas', 'eye']",5.0,335.0,260.0,Other,,
465,Katelyn Houston,20.0,Female,90.0,,Lauramouth,,1972-08-21 00:00:00,Data Science,,active,15.5,,279.0,2010-10-15 11:08:44,"82258 Ward Vista, Trevorport","{'hobbies': ['sport', 'others'], 'skills': {'tech': {'python': 3, 'excel': 2, 'sql': 1}, 'soft': ['the', 'appear']}, 'family': {'siblings': 2, 'income': {'father': 1376, 'mother': 1310}}, 'devices': [{'type': 'laptop', 'brand': 'Lenovo', 'year': 2016}, {'type': 'phone', 'brand': 'Apple', 'year': 2021}]}","['sport', 'others']","[{'type': 'laptop', 'brand': 'Lenovo', 'year': 2016}, {'type': 'phone', 'brand': 'Apple', 'year': 2021}]",3.0,2.0,1.0,"['the', 'appear']",2.0,1376.0,1310.0,Other,,
466,Cody Russell,20.0,Male,73.0,+998897511018,Powellfurt,,2000-09-17 00:00:00,Other,110.0,pending,15.5,good,138.0,1998-04-01 00:00:00,"Apartment 17, Davidview district, Tashkent, UZ, 100309",INVALID_JSON_DATA,,,,,,,,,,Tashkent,Davidview,100309
467,Maria Glass,20.0,Male,74.0,+998016719931,Port Katieville,,1976-12-16 01:17:00,Other,,inactive,4.5,,202.0,,"59092 Strickland Road Apt. 407, Torresville","{'hobbies': ['picture', 'election'], 'skills': {'tech': {'python': 4, 'excel': 4, 'sql': 4}, 'soft': ['difficult', 'gas']}, 'family': {'siblings': 4, 'income': {'father': 1262, 'mother': 379}}, 'devices': [{'type': 'laptop', 'brand': 'HP', 'year': 2024}, {'type': 'phone', 'brand': 'Samsung', 'year': 2021}]}","['picture', 'election']","[{'type': 'laptop', 'brand': 'HP', 'year': 2024}, {'type': 'phone', 'brand': 'Samsung', 'year': 2021}]",4.0,4.0,4.0,"['difficult', 'gas']",4.0,1262.0,379.0,Other,,
468,,,Male,93.0,+998466400420,Christopherport,,,Data Science,,active,15.5,excellent,107.0,,"49187 Holland Crossing Apt. 560, Valenzuelachester","{""hobbies"": [""take"", ""approach""], ""skills"": {""tech"": {""python"": 4, ""excel"": 4, ""sql"": 2}, ""soft"": [""increase"", ""where""]}, ""family"": {""siblings"": 1, ""income"": {""father"": 508, ""mother"": 811}}, ""devices"": [{""type"": ""laptop"", ""brand"": ""Lenovo"", ""year"": 2017}, {""type"": ""phone"", ""brand"": ""Samsung"", ""year"": 2024}]}","['take', 'approach']","[{'type': 'laptop', 'brand': 'Lenovo', 'year': 2017}, {'type': 'phone', 'brand': 'Samsung', 'year': 2024}]",4.0,4.0,2.0,"['increase', 'where']",1.0,508.0,811.0,Other,,
469,Aaron Lee,19.0,Male,,+998723615837,West Charlesville,,1996-02-05 00:00:00,Data Science,110.0,inactive,4.5,good,120.0,,"BROKEN,ADDRESS,DATA,,,","{'hobbies': ['last', 'them'], 'skills': {'tech': {'python': 4, 'excel': 5, 'sql': 5}, 'soft': ['economy', 'life']}, 'family': {'siblings': 1, 'income': {'father': 815, 'mother': 517}}, 'devices': [{'type': 'laptop', 'brand': 'Lenovo', 'year': 2021}, {'type': 'phone', 'brand': 'Xiaomi', 'year': 2023}]}","['last', 'them']","[{'type': 'laptop', 'brand': 'Lenovo', 'year': 2021}, {'type': 'phone', 'brand': 'Xiaomi', 'year': 2023}]",4.0,5.0,5.0,"['economy', 'life']",1.0,815.0,517.0,,,
470,Nichole Woods,21.0,Male,,+998437084973,Fosterburgh,rmartin@gmail.com,,Data Science,76.0,active,-2.0,excellent,166.0,1973-09-29 03:55:32,"Apartment 42, South Robertchester district, Tashkent, UZ, 100965","{'hobbies': ['buy', 'word'], 'skills': {'tech': {'python': 2, 'excel': 2, 'sql': 5}, 'soft': ['listen', 'news']}, 'family': {'siblings': 0, 'income': {'father': 614, 'mother': 506}}, 'devices': [{'type': 'laptop', 'brand': 'Lenovo', 'year': 2022}, {'type': 'phone', 'brand': 'Apple', 'year': 2024}]}","['buy', 'word']","[{'type': 'laptop', 'brand': 'Lenovo', 'year': 2022}, {'type': 'phone', 'brand': 'Apple', 'year': 2024}]",2.0,2.0,5.0,"['listen', 'news']",0.0,614.0,506.0,Tashkent,South Robertchester,100965
471,Edward Morse,20.0,Unknown,90.0,+998805358205,Lake Johnborough,,2013-06-08 00:00:00,Python,110.0,active,15.5,average,159.0,2008-01-29 04:02:00,"Apartment 18, West Javierborough district, Tashkent, UZ, 100982","{""hobbies"": [""cover"", ""night""], ""skills"": {""tech"": {""python"": 1, ""excel"": 2, ""sql"": 5}, ""soft"": [""know"", ""himself""]}, ""family"": {""siblings"": 1, ""income"": {""father"": 901, ""mother"": 1349}}, ""devices"": [{""type"": ""laptop"", ""brand"": ""HP"", ""year"": 2024}, {""type"": ""phone"", ""brand"": ""Xiaomi"", ""year"": 2021}]}","['cover', 'night']","[{'type': 'laptop', 'brand': 'HP', 'year': 2024}, {'type': 'phone', 'brand': 'Xiaomi', 'year': 2021}]",1.0,2.0,5.0,"['know', 'himself']",1.0,901.0,1349.0,Tashkent,West Javierborough,100982
472,,18.0,Unknown,82.0,,Thompsonburgh,,2002-03-09 00:00:00,Data Science,,inactive,,average,127.0,1979-06-06 00:00:00,"Apartment 8, Brownberg district, Tashkent, UZ, 100457",INVALID_JSON_DATA,,,,,,,,,,Tashkent,Brownberg,100457
473,,18.0,Male,61.0,+998958777757,Lake Michael,,1974-12-02 00:00:00,Data Science,113.0,pending,0.0,,289.0,2000-02-28 10:55:00,"New Chris 4-kv, dom 21, Tashkent","{'hobbies': ['data', 'style'], 'skills': {'tech': {'python': 5, 'excel': 2, 'sql': 3}, 'soft': ['the', 'house']}, 'family': {'siblings': 0, 'income': {'father': 1484, 'mother': 354}}, 'devices': [{'type': 'laptop', 'brand': 'Dell', 'year': 2022}, {'type': 'phone', 'brand': 'Apple', 'year': 2021}]}","['data', 'style']","[{'type': 'laptop', 'brand': 'Dell', 'year': 2022}, {'type': 'phone', 'brand': 'Apple', 'year': 2021}]",5.0,2.0,3.0,"['the', 'house']",0.0,1484.0,354.0,Tashkent,,
474,Alexandra Pena,20.0,Male,,,Port Martin,,,Data Science,111.0,pending,0.0,good,204.0,2003-04-23 00:00:00,"South Vickieport 14-kv, dom 38, Tashkent","{'hobbies': ['already', 'your'], 'skills': {'tech': {'python': 5, 'excel': 4, 'sql': 1}, 'soft': ['hit', 'ok']}, 'family': {'siblings': 0, 'income': {'father': 391, 'mother': 1386}}, 'devices': [{'type': 'laptop', 'brand': 'Dell', 'year': 2016}, {'type': 'phone', 'brand': 'Xiaomi', 'year': 2018}]}","['already', 'your']","[{'type': 'laptop', 'brand': 'Dell', 'year': 2016}, {'type': 'phone', 'brand': 'Xiaomi', 'year': 2018}]",5.0,4.0,1.0,"['hit', 'ok']",0.0,391.0,1386.0,Tashkent,,
475,Susan Evans,19.0,Female,,+998322064975,West Zacharyview,,1983-01-31 00:00:00,Python,110.0,active,,good,287.0,1979-12-25 00:00:00,"Port Christineton 29-kv, dom 1, Tashkent",INVALID_JSON_DATA,,,,,,,,,,Tashkent,,
476,,20.0,Unknown,68.0,,Lowehaven,annafields@rivera-erickson.com,2023-03-17 00:00:00,Data Science,110.0,pending,15.5,excellent,159.0,1984-07-05 00:00:00,"BROKEN,ADDRESS,DATA,,,",INVALID_JSON_DATA,,,,,,,,,,,,
477,Amanda Evans,20.0,Unknown,60.0,+998017306396,Colleenburgh,,1970-08-01 00:00:00,Data Science,,inactive,-2.0,excellent,209.0,2020-09-07 00:00:00,"BROKEN,ADDRESS,DATA,,,","{'hobbies': ['medical', 'him'], 'skills': {'tech': {'python': 2, 'excel': 4, 'sql': 3}, 'soft': ['subject', 'kind']}, 'family': {'siblings': 0, 'income': {'father': 1007, 'mother': 1042}}, 'devices': [{'type': 'laptop', 'brand': 'Dell', 'year': 2017}, {'type': 'phone', 'brand': 'Xiaomi', 'year': 2023}]}","['medical', 'him']","[{'type': 'laptop', 'brand': 'Dell', 'year': 2017}, {'type': 'phone', 'brand': 'Xiaomi', 'year': 2023}]",2.0,4.0,3.0,"['subject', 'kind']",0.0,1007.0,1042.0,,,
478,Jason Michael,20.0,Male,83.0,+998119133615,West Jessefurt,vmurphy@baker.com,1979-02-06 00:00:00,Data Science,,active,4.5,excellent,169.0,2003-12-10 00:00:00,"Apartment 45, Wilsonmouth district, Tashkent, UZ, 100904","{'hobbies': ['they', 'ball'], 'skills': {'tech': {'python': 1, 'excel': 1, 'sql': 1}, 'soft': ['if', 'eye']}, 'family': {'siblings': 1, 'income': {'father': 213, 'mother': 255}}, 'devices': [{'type': 'laptop', 'brand': 'HP', 'year': 2024}, {'type': 'phone', 'brand': 'Xiaomi', 'year': 2021}]}","['they', 'ball']","[{'type': 'laptop', 'brand': 'HP', 'year': 2024}, {'type': 'phone', 'brand': 'Xiaomi', 'year': 2021}]",1.0,1.0,1.0,"['if', 'eye']",1.0,213.0,255.0,Tashkent,Wilsonmouth,100904
479,Brian Weiss,21.0,Male,90.0,+998256983868,East Stephanie,,1995-03-12 07:15:00,Data Science,110.0,active,-2.0,average,290.0,1978-02-06 06:25:00,"386 Stanley Club Suite 051, West Dawn","{""hobbies"": [""Democrat"", ""property""], ""skills"": {""tech"": {""python"": 2, ""excel"": 1, ""sql"": 1}, ""soft"": [""growth"", ""member""]}, ""family"": {""siblings"": 1, ""income"": {""father"": 226, ""mother"": 559}}, ""devices"": [{""type"": ""laptop"", ""brand"": ""Dell"", ""year"": 2016}, {""type"": ""phone"", ""brand"": ""Samsung"", ""year"": 2019}]}","['Democrat', 'property']","[{'type': 'laptop', 'brand': 'Dell', 'year': 2016}, {'type': 'phone', 'brand': 'Samsung', 'year': 2019}]",2.0,1.0,1.0,"['growth', 'member']",1.0,226.0,559.0,Other,,
480,,18.0,Female,,+998397282149,East Thomasview,christopher88@hotmail.com,2015-02-19 19:05:00,Data Science,,active,0.0,excellent,80.0,1986-05-20 00:00:00,"BROKEN,ADDRESS,DATA,,,",INVALID_JSON_DATA,,,,,,,,,,,,
481,Michael Horn,18.0,Male,93.0,+998710815859,East Rodney,,1970-05-10 00:00:00,Data Science,71.0,pending,0.0,excellent,259.0,,UZ 100575 Tashkent Peterland,"{""hobbies"": [""south"", ""positive""], ""skills"": {""tech"": {""python"": 3, ""excel"": 1, ""sql"": 1}, ""soft"": [""effort"", ""condition""]}, ""family"": {""siblings"": 3, ""income"": {""father"": 1277, ""mother"": 466}}, ""devices"": [{""type"": ""laptop"", ""brand"": ""Lenovo"", ""year"": 2021}, {""type"": ""phone"", ""brand"": ""Samsung"", ""year"": 2019}]}","['south', 'positive']","[{'type': 'laptop', 'brand': 'Lenovo', 'year': 2021}, {'type': 'phone', 'brand': 'Samsung', 'year': 2019}]",3.0,1.0,1.0,"['effort', 'condition']",3.0,1277.0,466.0,Tashkent,,100575
482,Kimberly Douglas,20.0,Male,90.0,+998360444923,Gregoryton,,2023-04-01 20:43:00,Python,78.0,pending,3.64,excellent,98.0,1972-10-18 23:00:00,UZ 100278 Tashkent New Calvinstad,"{'hobbies': ['its', 'cultural'], 'skills': {'tech': {'python': 3, 'excel': 3, 'sql': 2}, 'soft': ['east', 'while']}, 'family': {'siblings': 0, 'income': {'father': 463, 'mother': 839}}, 'devices': [{'type': 'laptop', 'brand': 'Lenovo', 'year': 2018}, {'type': 'phone', 'brand': 'Samsung', 'year': 2020}]}","['its', 'cultural']","[{'type': 'laptop', 'brand': 'Lenovo', 'year': 2018}, {'type': 'phone', 'brand': 'Samsung', 'year': 2020}]",3.0,3.0,2.0,"['east', 'while']",0.0,463.0,839.0,Tashkent,,100278
483,Matthew Moore,22.0,Unknown,76.0,+998757357049,Cooperland,,1985-06-07 23:50:00,Data Science,89.0,active,3.62,excellent,231.0,1984-06-26 00:00:00,"Apartment 30, Lake Johnland district, Tashkent, UZ, 100801","{'hobbies': ['same', 'through'], 'skills': {'tech': {'python': 3, 'excel': 1, 'sql': 1}, 'soft': ['fall', 'inside']}, 'family': {'siblings': 1, 'income': {'father': 685, 'mother': 1114}}, 'devices': [{'type': 'laptop', 'brand': 'Dell', 'year': 2018}, {'type': 'phone', 'brand': 'Xiaomi', 'year': 2024}]}","['same', 'through']","[{'type': 'laptop', 'brand': 'Dell', 'year': 2018}, {'type': 'phone', 'brand': 'Xiaomi', 'year': 2024}]",3.0,1.0,1.0,"['fall', 'inside']",1.0,685.0,1114.0,Tashkent,Lake Johnland,100801
484,,,Male,85.0,+998247493355,Snowside,hnorton@gmail.com,2011-11-05 00:00:00,Data Science,94.0,active,-2.0,,258.0,1990-02-11 00:00:00,"72389 Schmidt Place Apt. 885, South Patrickshire","{hobbies:['hold', 'reality']}",,,,,,,,,,Other,,
485,Scott Alexander,18.0,Female,,+998981815165,South Anthonytown,chenderson@johnson.com,2003-07-03 00:00:00,Data Science,110.0,active,15.5,good,256.0,2008-08-19 00:00:00,"495 Ochoa Extensions, East Alexander","{'hobbies': ['skill', 'effect'], 'skills': {'tech': {'python': 1, 'excel': 1, 'sql': 3}, 'soft': ['main', 'serve']}, 'family': {'siblings': 1, 'income': {'father': 432, 'mother': 1046}}, 'devices': [{'type': 'laptop', 'brand': 'Dell', 'year': 2015}, {'type': 'phone', 'brand': 'Samsung', 'year': 2020}]}","['skill', 'effect']","[{'type': 'laptop', 'brand': 'Dell', 'year': 2015}, {'type': 'phone', 'brand': 'Samsung', 'year': 2020}]",1.0,1.0,3.0,"['main', 'serve']",1.0,432.0,1046.0,Other,,
486,,,Female,90.0,,Shortbury,,2000-08-12 00:00:00,Data Science,110.0,pending,3.07,average,260.0,1990-11-26 00:00:00,"127 Wong Locks, South Sarah",INVALID_JSON_DATA,,,,,,,,,,Other,,
487,Linda French,18.0,Female,90.0,+998580899604,New Robert,,1992-01-27 00:00:00,Data Science,110.0,pending,15.5,,154.0,2015-03-06 00:00:00,"Apartment 9, Cochranland district, Tashkent, UZ, 100971",INVALID_JSON_DATA,,,,,,,,,,Tashkent,Cochranland,100971
488,Darin Butler,22.0,Female,54.0,,Hunterview,,1999-12-30 00:00:00,Data Science,,inactive,-2.0,average,253.0,2018-08-07 09:23:00,"BROKEN,ADDRESS,DATA,,,","{'hobbies': ['send', 'space'], 'skills': {'tech': {'python': 4, 'excel': 5, 'sql': 2}, 'soft': ['concern', 'unit']}, 'family': {'siblings': 5, 'income': {'father': 1457, 'mother': 1225}}, 'devices': [{'type': 'laptop', 'brand': 'Dell', 'year': 2020}, {'type': 'phone', 'brand': 'Samsung', 'year': 2023}]}","['send', 'space']","[{'type': 'laptop', 'brand': 'Dell', 'year': 2020}, {'type': 'phone', 'brand': 'Samsung', 'year': 2023}]",4.0,5.0,2.0,"['concern', 'unit']",5.0,1457.0,1225.0,,,
489,,19.0,Male,,,South Zachary,yolandarodriguez@hall-baird.com,2010-04-24 01:56:00,Data Science,110.0,active,15.5,excellent,230.0,1976-12-13 00:00:00,"Port Jayton 7-kv, dom 3, Tashkent",INVALID_JSON_DATA,,,,,,,,,,Tashkent,,
490,,21.0,Female,59.0,+998924951232,Batesside,kevin16@gmail.com,,Other,114.0,inactive,15.5,excellent,198.0,1983-08-29 00:00:00,"80592 Wiley Views Suite 243, East Thomasville","{'hobbies': ['each', 'team'], 'skills': {'tech': {'python': 2, 'excel': 4, 'sql': 1}, 'soft': ['data', 'question']}, 'family': {'siblings': 4, 'income': {'father': 1122, 'mother': 940}}, 'devices': [{'type': 'laptop', 'brand': 'HP', 'year': 2024}, {'type': 'phone', 'brand': 'Apple', 'year': 2023}]}","['each', 'team']","[{'type': 'laptop', 'brand': 'HP', 'year': 2024}, {'type': 'phone', 'brand': 'Apple', 'year': 2023}]",2.0,4.0,1.0,"['data', 'question']",4.0,1122.0,940.0,Other,,
491,Richard Sandoval,20.0,Male,90.0,+998289149743,West Matthew,frankmcguire@galloway.com,1979-02-13 00:00:00,Data Science,92.0,inactive,4.46,good,70.0,1989-11-16 00:00:00,"North James 7-kv, dom 5, Tashkent","{'hobbies': ['article', 'drug'], 'skills': {'tech': {'python': 1, 'excel': 5, 'sql': 5}, 'soft': ['firm', 'reflect']}, 'family': {'siblings': 2, 'income': {'father': 250, 'mother': 889}}, 'devices': [{'type': 'laptop', 'brand': 'HP', 'year': 2019}, {'type': 'phone', 'brand': 'Xiaomi', 'year': 2019}]}","['article', 'drug']","[{'type': 'laptop', 'brand': 'HP', 'year': 2019}, {'type': 'phone', 'brand': 'Xiaomi', 'year': 2019}]",1.0,5.0,5.0,"['firm', 'reflect']",2.0,250.0,889.0,Tashkent,,
492,,18.0,Unknown,90.0,+998170755970,Rivasstad,,2000-07-13 00:00:00,Data Science,84.0,active,3.7,,96.0,1976-05-09 04:44:25,"Apartment 30, North Kimberlymouth district, Tashkent, UZ, 100183",INVALID_JSON_DATA,,,,,,,,,,Tashkent,North Kimberlymouth,100183
493,Raymond Schultz,19.0,Male,95.0,+998429639345,North Jordanton,,2003-01-04 00:00:00,Data Science,,pending,1.1,excellent,163.0,2001-05-06 00:00:00,"38022 Theresa Highway Suite 457, East Markbury",INVALID_JSON_DATA,,,,,,,,,,Other,,
494,,20.0,Male,90.0,+998353142098,West Josephburgh,,1999-02-28 00:00:00,Other,110.0,active,,good,180.0,1995-10-30 02:37:49,UZ 100134 Tashkent Fitzgeraldside,INVALID_JSON_DATA,,,,,,,,,,Tashkent,,100134
495,,20.0,Unknown,93.0,+998403613345,New Carolyn,,2012-11-11 00:00:00,Data Science,116.0,active,15.5,average,268.0,1982-11-22 18:35:00,UZ 100401 Tashkent Port Christopher,INVALID_JSON_DATA,,,,,,,,,,Tashkent,,100401
496,Ruth Pierce,20.0,Unknown,72.0,+998629458358,West Joelstad,,1977-07-29 00:00:00,Other,110.0,pending,,good,221.0,2003-02-07 00:00:00,"655 Hughes Rapid Suite 623, New Kevin","{'hobbies': ['consumer', 'operation'], 'skills': {'tech': {'python': 4, 'excel': 2, 'sql': 3}, 'soft': ['about', 'this']}, 'family': {'siblings': 2, 'income': {'father': 1109, 'mother': 913}}, 'devices': [{'type': 'laptop', 'brand': 'Dell', 'year': 2023}, {'type': 'phone', 'brand': 'Samsung', 'year': 2021}]}","['consumer', 'operation']","[{'type': 'laptop', 'brand': 'Dell', 'year': 2023}, {'type': 'phone', 'brand': 'Samsung', 'year': 2021}]",4.0,2.0,3.0,"['about', 'this']",2.0,1109.0,913.0,Other,,
497,,20.0,Male,74.0,+998644863509,Destinybury,,,Python,92.0,pending,,excellent,188.0,1979-11-28 00:00:00,"Apartment 2, Bakerhaven district, Tashkent, UZ, 100284","{""hobbies"": [""hotel"", ""serve""], ""skills"": {""tech"": {""python"": 3, ""excel"": 5, ""sql"": 5}, ""soft"": [""realize"", ""company""]}, ""family"": {""siblings"": 3, ""income"": {""father"": 818, ""mother"": 495}}, ""devices"": [{""type"": ""laptop"", ""brand"": ""Lenovo"", ""year"": 2016}, {""type"": ""phone"", ""brand"": ""Xiaomi"", ""year"": 2019}]}","['hotel', 'serve']","[{'type': 'laptop', 'brand': 'Lenovo', 'year': 2016}, {'type': 'phone', 'brand': 'Xiaomi', 'year': 2019}]",3.0,5.0,5.0,"['realize', 'company']",3.0,818.0,495.0,Tashkent,Bakerhaven,100284
498,,21.0,Male,90.0,,Angelafurt,ahouston@gmail.com,2021-06-27 00:00:00,Data Science,,inactive,,excellent,151.0,1972-05-26 00:00:00,"27108 Mark Ranch, Jenniferchester","{'hobbies': ['close', 'class'], 'skills': {'tech': {'python': 5, 'excel': 5, 'sql': 5}, 'soft': ['nice', 'line']}, 'family': {'siblings': 3, 'income': {'father': 530, 'mother': 583}}, 'devices': [{'type': 'laptop', 'brand': 'Lenovo', 'year': 2015}, {'type': 'phone', 'brand': 'Xiaomi', 'year': 2021}]}","['close', 'class']","[{'type': 'laptop', 'brand': 'Lenovo', 'year': 2015}, {'type': 'phone', 'brand': 'Xiaomi', 'year': 2021}]",5.0,5.0,5.0,"['nice', 'line']",3.0,530.0,583.0,Other,,
499,,20.0,Male,77.0,+998359984435,Carolshire,taylorwilliam@knapp.com,,Data Science,,inactive,1.17,average,85.0,,"89583 Crawford Crescent, Port William","{'hobbies': ['during', 'similar'], 'skills': {'tech': {'python': 2, 'excel': 1, 'sql': 4}, 'soft': ['according', 'race']}, 'family': {'siblings': 5, 'income': {'father': 463, 'mother': 998}}, 'devices': [{'type': 'laptop', 'brand': 'HP', 'year': 2019}, {'type': 'phone', 'brand': 'Samsung', 'year': 2023}]}","['during', 'similar']","[{'type': 'laptop', 'brand': 'HP', 'year': 2019}, {'type': 'phone', 'brand': 'Samsung', 'year': 2023}]",2.0,1.0,4.0,"['according', 'race']",5.0,463.0,998.0,Other,,
500,Jason Johnson,19.0,Female,61.0,+998289554988,Mariachester,,1979-03-22 07:15:00,Data Science,,active,15.5,excellent,162.0,1971-02-03 14:15:08,"47640 Lambert Camp Apt. 309, Port Keithport","{hobbies:['leg', 'kid']}",,,,,,,,,,Other,,
501,Dominique Steele,22.0,Male,77.0,,Natalieland,,1971-08-04 00:00:00,Data Science,,inactive,15.5,good,66.0,1988-09-09 00:00:00,"847 Thompson Fall Suite 006, Pooleburgh","{'hobbies': ['and', 'have'], 'skills': {'tech': {'python': 4, 'excel': 1, 'sql': 1}, 'soft': ['hope', 'cut']}, 'family': {'siblings': 2, 'income': {'father': 983, 'mother': 1182}}, 'devices': [{'type': 'laptop', 'brand': 'HP', 'year': 2024}, {'type': 'phone', 'brand': 'Samsung', 'year': 2024}]}","['and', 'have']","[{'type': 'laptop', 'brand': 'HP', 'year': 2024}, {'type': 'phone', 'brand': 'Samsung', 'year': 2024}]",4.0,1.0,1.0,"['hope', 'cut']",2.0,983.0,1182.0,Other,,
502,Erica Fisher,21.0,Unknown,91.0,+998171835410,North Jeffreytown,,2012-01-07 04:36:30,Data Science,64.0,inactive,-2.0,average,277.0,2009-12-12 06:45:00,UZ 100612 Tashkent New Catherinemouth,INVALID_JSON_DATA,,,,,,,,,,Tashkent,,100612
503,Bonnie Fitzpatrick,20.0,Female,76.0,,Lake Allison,goldengregory@garcia.net,2003-02-25 00:00:00,Data Science,109.0,active,4.5,,165.0,,"Apartment 8, Lake Gregory district, Tashkent, UZ, 100234","{'hobbies': ['nation', 'great'], 'skills': {'tech': {'python': 3, 'excel': 2, 'sql': 4}, 'soft': ['collection', 'difference']}, 'family': {'siblings': 0, 'income': {'father': 531, 'mother': 391}}, 'devices': [{'type': 'laptop', 'brand': 'Lenovo', 'year': 2019}, {'type': 'phone', 'brand': 'Apple', 'year': 2018}]}","['nation', 'great']","[{'type': 'laptop', 'brand': 'Lenovo', 'year': 2019}, {'type': 'phone', 'brand': 'Apple', 'year': 2018}]",3.0,2.0,4.0,"['collection', 'difference']",0.0,531.0,391.0,Tashkent,Lake Gregory,100234
504,Tara Wood,21.0,Female,92.0,+998213543716,Sethtown,troywalters@thornton-obrien.info,2006-02-20 00:00:00,Data Science,,active,,,93.0,1975-04-12 11:14:27,"Carrieside 11-kv, dom 25, Tashkent","{hobbies:['nothing', 'concern']}",,,,,,,,,,Tashkent,,
505,Cody Smith,20.0,Male,90.0,+998757215948,East Michealstad,reginald97@bell.com,2009-04-27 00:00:00,Data Science,110.0,inactive,0.0,good,190.0,1990-09-28 00:00:00,"West Lindaburgh 28-kv, dom 1, Tashkent","{""hobbies"": [""really"", ""coach""], ""skills"": {""tech"": {""python"": 3, ""excel"": 2, ""sql"": 1}, ""soft"": [""opportunity"", ""maintain""]}, ""family"": {""siblings"": 1, ""income"": {""father"": 870, ""mother"": 934}}, ""devices"": [{""type"": ""laptop"", ""brand"": ""HP"", ""year"": 2017}, {""type"": ""phone"", ""brand"": ""Xiaomi"", ""year"": 2022}]}","['really', 'coach']","[{'type': 'laptop', 'brand': 'HP', 'year': 2017}, {'type': 'phone', 'brand': 'Xiaomi', 'year': 2022}]",3.0,2.0,1.0,"['opportunity', 'maintain']",1.0,870.0,934.0,Tashkent,,
506,Philip Johnson,18.0,Female,53.0,+998977232267,West Morganton,,1990-01-30 03:14:00,Data Science,90.0,active,0.0,good,221.0,1986-09-02 00:00:00,UZ 100704 Tashkent South Breannaview,"{hobbies:['option', 'history']}",,,,,,,,,,Tashkent,,100704
507,Jeremy Gonzales,22.0,Male,90.0,,Savagefort,,,Data Science,,inactive,1.55,,172.0,1978-05-11 00:00:00,"Port Jose 5-kv, dom 24, Tashkent","{hobbies:['data', 'level']}",,,,,,,,,,Tashkent,,
508,Patrick Morris,20.0,Unknown,90.0,+998131237304,Port Erinfort,arianawashington@yahoo.com,2011-11-04 00:00:00,Other,,inactive,,excellent,171.0,1998-04-19 03:54:23,"Apartment 46, Rickyport district, Tashkent, UZ, 100191","{""hobbies"": [""pull"", ""young""], ""skills"": {""tech"": {""python"": 2, ""excel"": 2, ""sql"": 1}, ""soft"": [""it"", ""listen""]}, ""family"": {""siblings"": 5, ""income"": {""father"": 1343, ""mother"": 1340}}, ""devices"": [{""type"": ""laptop"", ""brand"": ""HP"", ""year"": 2020}, {""type"": ""phone"", ""brand"": ""Apple"", ""year"": 2020}]}","['pull', 'young']","[{'type': 'laptop', 'brand': 'HP', 'year': 2020}, {'type': 'phone', 'brand': 'Apple', 'year': 2020}]",2.0,2.0,1.0,"['it', 'listen']",5.0,1343.0,1340.0,Tashkent,Rickyport,100191
509,,20.0,Male,,+998321072376,Lake Paul,ywatkins@hotmail.com,1996-02-01 02:27:00,Data Science,110.0,active,4.5,average,204.0,1993-10-27 00:00:00,UZ 100167 Tashkent New Aaron,"{'hobbies': ['reflect', 'anything'], 'skills': {'tech': {'python': 1, 'excel': 2, 'sql': 1}, 'soft': ['writer', 'huge']}, 'family': {'siblings': 3, 'income': {'father': 363, 'mother': 751}}, 'devices': [{'type': 'laptop', 'brand': 'Dell', 'year': 2015}, {'type': 'phone', 'brand': 'Samsung', 'year': 2023}]}","['reflect', 'anything']","[{'type': 'laptop', 'brand': 'Dell', 'year': 2015}, {'type': 'phone', 'brand': 'Samsung', 'year': 2023}]",1.0,2.0,1.0,"['writer', 'huge']",3.0,363.0,751.0,Tashkent,,100167
510,Jodi Collins,18.0,Female,95.0,+998521256562,Gabrielhaven,kylerivera@hotmail.com,1981-09-17 20:59:04,Data Science,98.0,inactive,,,78.0,,"Reyesfurt 8-kv, dom 19, Tashkent",INVALID_JSON_DATA,,,,,,,,,,Tashkent,,
511,,19.0,Female,,+998212434892,Smithshire,rachel94@yahoo.com,1995-05-17 00:00:00,Other,85.0,inactive,3.7,excellent,105.0,1990-01-07 00:00:00,"Davisville 14-kv, dom 40, Tashkent",INVALID_JSON_DATA,,,,,,,,,,Tashkent,,
512,Richard Black,20.0,Male,63.0,+998322350872,West Donaldfort,,1989-03-04 00:00:00,Data Science,110.0,active,3.59,excellent,254.0,1970-01-29 11:05:00,"4538 Frost Mill, North Lisa","{'hobbies': ['yourself', 'anyone'], 'skills': {'tech': {'python': 2, 'excel': 3, 'sql': 4}, 'soft': ['east', 'opportunity']}, 'family': {'siblings': 2, 'income': {'father': 392, 'mother': 1135}}, 'devices': [{'type': 'laptop', 'brand': 'Dell', 'year': 2017}, {'type': 'phone', 'brand': 'Samsung', 'year': 2024}]}","['yourself', 'anyone']","[{'type': 'laptop', 'brand': 'Dell', 'year': 2017}, {'type': 'phone', 'brand': 'Samsung', 'year': 2024}]",2.0,3.0,4.0,"['east', 'opportunity']",2.0,392.0,1135.0,Other,,
513,Donald Barker,20.0,Unknown,,,West Shawnview,,2022-12-30 04:24:00,Other,94.0,inactive,,average,267.0,2012-03-14 15:23:57,"54212 Kyle Club Apt. 536, Fletcherfurt","{hobbies:['discover', 'hour']}",,,,,,,,,,Other,,
514,Logan Molina,21.0,Male,90.0,+998075452962,Micheleport,nathan37@howard-parsons.com,1986-05-25 00:00:00,Other,110.0,inactive,3.77,average,57.0,2008-11-05 00:00:00,"Debraville 14-kv, dom 26, Tashkent","{'hobbies': ['body', 'occur'], 'skills': {'tech': {'python': 2, 'excel': 3, 'sql': 5}, 'soft': ['wide', 'month']}, 'family': {'siblings': 3, 'income': {'father': 475, 'mother': 947}}, 'devices': [{'type': 'laptop', 'brand': 'HP', 'year': 2024}, {'type': 'phone', 'brand': 'Apple', 'year': 2018}]}","['body', 'occur']","[{'type': 'laptop', 'brand': 'HP', 'year': 2024}, {'type': 'phone', 'brand': 'Apple', 'year': 2018}]",2.0,3.0,5.0,"['wide', 'month']",3.0,475.0,947.0,Tashkent,,
515,,22.0,Female,90.0,,Steeleshire,rangelmichelle@gmail.com,1970-10-06 00:00:00,Other,86.0,inactive,1.33,good,183.0,1970-03-15 00:00:00,"8384 Michael Knoll Suite 400, Jamesview","{""hobbies"": [""get"", ""like""], ""skills"": {""tech"": {""python"": 5, ""excel"": 3, ""sql"": 1}, ""soft"": [""international"", ""some""]}, ""family"": {""siblings"": 5, ""income"": {""father"": 352, ""mother"": 1182}}, ""devices"": [{""type"": ""laptop"", ""brand"": ""HP"", ""year"": 2019}, {""type"": ""phone"", ""brand"": ""Xiaomi"", ""year"": 2018}]}","['get', 'like']","[{'type': 'laptop', 'brand': 'HP', 'year': 2019}, {'type': 'phone', 'brand': 'Xiaomi', 'year': 2018}]",5.0,3.0,1.0,"['international', 'some']",5.0,352.0,1182.0,Other,,
516,Sherry Rivera,19.0,Male,93.0,+998096717449,North Tylerhaven,,2018-08-10 00:00:00,Data Science,65.0,pending,0.0,excellent,281.0,,"Apartment 20, West Briana district, Tashkent, UZ, 100038","{hobbies:['back', 'though']}",,,,,,,,,,Tashkent,West Briana,100038
517,,20.0,Male,90.0,,Port Benjamin,,1975-10-04 00:00:00,Data Science,110.0,pending,-2.0,excellent,103.0,1986-04-10 01:29:00,"Apartment 3, North David district, Tashkent, UZ, 100437","{""hobbies"": [""current"", ""truth""], ""skills"": {""tech"": {""python"": 3, ""excel"": 4, ""sql"": 2}, ""soft"": [""know"", ""how""]}, ""family"": {""siblings"": 3, ""income"": {""father"": 807, ""mother"": 408}}, ""devices"": [{""type"": ""laptop"", ""brand"": ""HP"", ""year"": 2021}, {""type"": ""phone"", ""brand"": ""Samsung"", ""year"": 2019}]}","['current', 'truth']","[{'type': 'laptop', 'brand': 'HP', 'year': 2021}, {'type': 'phone', 'brand': 'Samsung', 'year': 2019}]",3.0,4.0,2.0,"['know', 'how']",3.0,807.0,408.0,Tashkent,North David,100437
518,,18.0,Unknown,90.0,+998081511642,South Steven,brianna72@yahoo.com,1973-01-15 00:00:00,Data Science,71.0,active,3.7,excellent,53.0,2016-02-23 00:00:00,"Apartment 41, North Eric district, Tashkent, UZ, 100515","{'hobbies': ['rule', 'specific'], 'skills': {'tech': {'python': 3, 'excel': 2, 'sql': 1}, 'soft': ['then', 'but']}, 'family': {'siblings': 0, 'income': {'father': 1006, 'mother': 1059}}, 'devices': [{'type': 'laptop', 'brand': 'HP', 'year': 2020}, {'type': 'phone', 'brand': 'Xiaomi', 'year': 2020}]}","['rule', 'specific']","[{'type': 'laptop', 'brand': 'HP', 'year': 2020}, {'type': 'phone', 'brand': 'Xiaomi', 'year': 2020}]",3.0,2.0,1.0,"['then', 'but']",0.0,1006.0,1059.0,Tashkent,North Eric,100515
519,Debra Hanson,19.0,Male,,,Sarahton,,2000-09-09 09:27:00,Data Science,,active,15.5,average,136.0,1996-11-08 00:00:00,"Apartment 10, Michaelhaven district, Tashkent, UZ, 100000","{'hobbies': ['field', 'well'], 'skills': {'tech': {'python': 4, 'excel': 5, 'sql': 4}, 'soft': ['go', 'age']}, 'family': {'siblings': 3, 'income': {'father': 742, 'mother': 455}}, 'devices': [{'type': 'laptop', 'brand': 'Dell', 'year': 2017}, {'type': 'phone', 'brand': 'Xiaomi', 'year': 2022}]}","['field', 'well']","[{'type': 'laptop', 'brand': 'Dell', 'year': 2017}, {'type': 'phone', 'brand': 'Xiaomi', 'year': 2022}]",4.0,5.0,4.0,"['go', 'age']",3.0,742.0,455.0,Tashkent,Michaelhaven,100000
520,,19.0,Male,63.0,,Danielfurt,beckjoseph@yates-green.info,,Data Science,110.0,pending,4.5,average,174.0,1987-11-02 00:00:00,"0127 Salazar Hollow, Kimberlyfurt","{'hobbies': ['mouth', 'perhaps'], 'skills': {'tech': {'python': 4, 'excel': 5, 'sql': 2}, 'soft': ['agent', 'history']}, 'family': {'siblings': 4, 'income': {'father': 236, 'mother': 1113}}, 'devices': [{'type': 'laptop', 'brand': 'Lenovo', 'year': 2019}, {'type': 'phone', 'brand': 'Apple', 'year': 2019}]}","['mouth', 'perhaps']","[{'type': 'laptop', 'brand': 'Lenovo', 'year': 2019}, {'type': 'phone', 'brand': 'Apple', 'year': 2019}]",4.0,5.0,2.0,"['agent', 'history']",4.0,236.0,1113.0,Other,,
521,Maxwell Smith,18.0,Male,,+998925460992,New Laura,,1977-05-23 00:00:00,Data Science,62.0,active,3.7,excellent,245.0,1975-06-18 21:28:17,"Taylorstad 17-kv, dom 5, Tashkent","{'hobbies': ['consumer', 'there'], 'skills': {'tech': {'python': 5, 'excel': 1, 'sql': 5}, 'soft': ['black', 'step']}, 'family': {'siblings': 3, 'income': {'father': 438, 'mother': 1056}}, 'devices': [{'type': 'laptop', 'brand': 'HP', 'year': 2019}, {'type': 'phone', 'brand': 'Samsung', 'year': 2021}]}","['consumer', 'there']","[{'type': 'laptop', 'brand': 'HP', 'year': 2019}, {'type': 'phone', 'brand': 'Samsung', 'year': 2021}]",5.0,1.0,5.0,"['black', 'step']",3.0,438.0,1056.0,Tashkent,,
522,,20.0,Male,67.0,+998919712973,Leachberg,,1983-06-11 00:00:00,Other,105.0,active,4.5,excellent,83.0,,"BROKEN,ADDRESS,DATA,,,","{""hobbies"": [""back"", ""tell""], ""skills"": {""tech"": {""python"": 4, ""excel"": 3, ""sql"": 4}, ""soft"": [""if"", ""boy""]}, ""family"": {""siblings"": 4, ""income"": {""father"": 339, ""mother"": 655}}, ""devices"": [{""type"": ""laptop"", ""brand"": ""Lenovo"", ""year"": 2020}, {""type"": ""phone"", ""brand"": ""Apple"", ""year"": 2022}]}","['back', 'tell']","[{'type': 'laptop', 'brand': 'Lenovo', 'year': 2020}, {'type': 'phone', 'brand': 'Apple', 'year': 2022}]",4.0,3.0,4.0,"['if', 'boy']",4.0,339.0,655.0,,,
523,Matthew Madden,20.0,Unknown,81.0,+998457350622,Port Samanthaport,,1996-02-09 00:00:00,Data Science,110.0,active,15.5,good,70.0,,"Ashleyfurt 26-kv, dom 22, Tashkent","{""hobbies"": [""could"", ""if""], ""skills"": {""tech"": {""python"": 1, ""excel"": 5, ""sql"": 5}, ""soft"": [""crime"", ""common""]}, ""family"": {""siblings"": 0, ""income"": {""father"": 423, ""mother"": 622}}, ""devices"": [{""type"": ""laptop"", ""brand"": ""Dell"", ""year"": 2024}, {""type"": ""phone"", ""brand"": ""Samsung"", ""year"": 2020}]}","['could', 'if']","[{'type': 'laptop', 'brand': 'Dell', 'year': 2024}, {'type': 'phone', 'brand': 'Samsung', 'year': 2020}]",1.0,5.0,5.0,"['crime', 'common']",0.0,423.0,622.0,Tashkent,,
524,David Sanchez,18.0,Female,72.0,+998273755152,Elizabethside,,2015-10-29 00:00:00,Data Science,110.0,inactive,4.5,excellent,292.0,,"98293 April Keys, New Timothyfurt","{hobbies:['around', 'may']}",,,,,,,,,,Other,,
525,Kayla Walker,18.0,Unknown,50.0,,South Maria,ethanwilliams@hotmail.com,1994-06-04 00:00:00,Other,110.0,inactive,15.5,excellent,188.0,2020-09-28 00:00:00,"8564 Sara Plaza, Lake Davidbury","{'hobbies': ['wear', 'challenge'], 'skills': {'tech': {'python': 4, 'excel': 5, 'sql': 1}, 'soft': ['black', 'approach']}, 'family': {'siblings': 2, 'income': {'father': 277, 'mother': 707}}, 'devices': [{'type': 'laptop', 'brand': 'HP', 'year': 2016}, {'type': 'phone', 'brand': 'Xiaomi', 'year': 2022}]}","['wear', 'challenge']","[{'type': 'laptop', 'brand': 'HP', 'year': 2016}, {'type': 'phone', 'brand': 'Xiaomi', 'year': 2022}]",4.0,5.0,1.0,"['black', 'approach']",2.0,277.0,707.0,Other,,
526,Angela Stark,20.0,Female,,+998713767079,North Johnville,,2010-04-02 02:49:27,Data Science,110.0,inactive,4.5,good,206.0,2008-03-22 00:00:00,"BROKEN,ADDRESS,DATA,,,","{hobbies:['admit', 'girl']}",,,,,,,,,,,,
527,Anthony Grant,18.0,Female,,+998018055460,North Ashley,,2001-07-25 18:51:00,Data Science,110.0,inactive,0.0,average,115.0,2017-01-27 04:18:00,"Apartment 16, Allisonville district, Tashkent, UZ, 100171","{hobbies:['investment', 'learn']}",,,,,,,,,,Tashkent,Allisonville,100171
528,Austin Christian,21.0,Unknown,,+998841577062,Morenoshire,,,Data Science,110.0,pending,4.5,average,232.0,2018-10-09 00:00:00,"BROKEN,ADDRESS,DATA,,,",INVALID_JSON_DATA,,,,,,,,,,,,
529,Jonathan Hendricks,18.0,Female,,+998831519956,New Ashley,jeremiahwiggins@simmons.biz,,Other,,active,,,138.0,,"85228 Yoder Fields Suite 360, Davidside","{hobbies:['analysis', 'continue']}",,,,,,,,,,Other,,
530,Leslie Cox,22.0,Female,,,Rickyside,,2022-08-27 00:00:00,Python,62.0,active,2.04,,277.0,1994-10-04 00:00:00,"East Ryan 7-kv, dom 2, Tashkent","{""hobbies"": [""animal"", ""by""], ""skills"": {""tech"": {""python"": 4, ""excel"": 1, ""sql"": 2}, ""soft"": [""full"", ""know""]}, ""family"": {""siblings"": 4, ""income"": {""father"": 979, ""mother"": 572}}, ""devices"": [{""type"": ""laptop"", ""brand"": ""HP"", ""year"": 2017}, {""type"": ""phone"", ""brand"": ""Samsung"", ""year"": 2021}]}","['animal', 'by']","[{'type': 'laptop', 'brand': 'HP', 'year': 2017}, {'type': 'phone', 'brand': 'Samsung', 'year': 2021}]",4.0,1.0,2.0,"['full', 'know']",4.0,979.0,572.0,Tashkent,,
531,William Powell,21.0,Female,77.0,+998974598801,West Christopherhaven,,2016-03-19 00:00:00,Data Science,95.0,inactive,,excellent,276.0,1999-06-30 00:00:00,"911 Shields Via, Debbiehaven",INVALID_JSON_DATA,,,,,,,,,,Other,,
532,,18.0,Female,92.0,,Robertside,xpeters@osborn.com,1976-02-23 00:00:00,Data Science,71.0,pending,-2.0,average,141.0,,"BROKEN,ADDRESS,DATA,,,","{'hobbies': ['bring', 'relate'], 'skills': {'tech': {'python': 5, 'excel': 2, 'sql': 1}, 'soft': ['light', 'good']}, 'family': {'siblings': 1, 'income': {'father': 752, 'mother': 1262}}, 'devices': [{'type': 'laptop', 'brand': 'HP', 'year': 2016}, {'type': 'phone', 'brand': 'Samsung', 'year': 2020}]}","['bring', 'relate']","[{'type': 'laptop', 'brand': 'HP', 'year': 2016}, {'type': 'phone', 'brand': 'Samsung', 'year': 2020}]",5.0,2.0,1.0,"['light', 'good']",1.0,752.0,1262.0,,,
533,,20.0,Female,81.0,+998827436299,Josephberg,,2003-07-06 00:00:00,Data Science,110.0,inactive,,excellent,181.0,2010-02-13 00:00:00,"9400 Richard Way, Dennisport",INVALID_JSON_DATA,,,,,,,,,,Other,,
534,David Young,19.0,Male,70.0,+998636614738,Julianshire,,,Data Science,64.0,pending,,,169.0,1985-07-06 00:00:00,"BROKEN,ADDRESS,DATA,,,",INVALID_JSON_DATA,,,,,,,,,,,,
535,Brianna Howell,,Female,73.0,,Ortegaview,,1975-03-26 00:00:00,Data Science,110.0,inactive,2.97,average,144.0,1987-10-25 09:29:00,"4072 Martinez Inlet, West Douglasville",INVALID_JSON_DATA,,,,,,,,,,Other,,
536,Maria Harvey,,Female,90.0,,Port Emilyburgh,,2023-02-28 09:06:00,Data Science,94.0,active,4.5,,60.0,1998-06-29 02:48:00,UZ 100658 Tashkent South Elizabethfurt,"{""hobbies"": [""decade"", ""police""], ""skills"": {""tech"": {""python"": 5, ""excel"": 2, ""sql"": 4}, ""soft"": [""also"", ""true""]}, ""family"": {""siblings"": 1, ""income"": {""father"": 1300, ""mother"": 1360}}, ""devices"": [{""type"": ""laptop"", ""brand"": ""Lenovo"", ""year"": 2023}, {""type"": ""phone"", ""brand"": ""Samsung"", ""year"": 2019}]}","['decade', 'police']","[{'type': 'laptop', 'brand': 'Lenovo', 'year': 2023}, {'type': 'phone', 'brand': 'Samsung', 'year': 2019}]",5.0,2.0,4.0,"['also', 'true']",1.0,1300.0,1360.0,Tashkent,,100658
537,Bobby Lee,20.0,Female,,,Lake Frank,,1986-07-27 00:00:00,Other,102.0,inactive,4.5,average,90.0,,UZ 100636 Tashkent Port Bryan,"{hobbies:['forget', 'community']}",,,,,,,,,,Tashkent,,100636
538,,20.0,Female,93.0,+998492221022,South Christopherborough,,1988-01-08 13:27:06,Data Science,69.0,inactive,4.5,average,221.0,2002-01-16 00:00:00,"53120 Logan Overpass Apt. 207, East Ryan","{""hobbies"": [""hundred"", ""between""], ""skills"": {""tech"": {""python"": 5, ""excel"": 1, ""sql"": 4}, ""soft"": [""paper"", ""go""]}, ""family"": {""siblings"": 5, ""income"": {""father"": 1410, ""mother"": 930}}, ""devices"": [{""type"": ""laptop"", ""brand"": ""Lenovo"", ""year"": 2022}, {""type"": ""phone"", ""brand"": ""Apple"", ""year"": 2020}]}","['hundred', 'between']","[{'type': 'laptop', 'brand': 'Lenovo', 'year': 2022}, {'type': 'phone', 'brand': 'Apple', 'year': 2020}]",5.0,1.0,4.0,"['paper', 'go']",5.0,1410.0,930.0,Other,,
539,Kimberly Greer,19.0,Male,,,Lewischester,,2007-07-05 00:00:00,Data Science,110.0,inactive,,average,142.0,1987-08-30 00:00:00,"Apartment 47, Thompsonbury district, Tashkent, UZ, 100192","{hobbies:['instead', 'whose']}",,,,,,,,,,Tashkent,Thompsonbury,100192
540,Christopher Glenn,19.0,Male,88.0,,West Sandra,,1985-11-20 00:00:00,Other,106.0,active,,good,119.0,1973-01-22 00:00:00,"49187 Samantha Forges, East Cindy","{'hobbies': ['Congress', 'member'], 'skills': {'tech': {'python': 5, 'excel': 2, 'sql': 1}, 'soft': ['himself', 'send']}, 'family': {'siblings': 1, 'income': {'father': 292, 'mother': 960}}, 'devices': [{'type': 'laptop', 'brand': 'HP', 'year': 2024}, {'type': 'phone', 'brand': 'Samsung', 'year': 2023}]}","['Congress', 'member']","[{'type': 'laptop', 'brand': 'HP', 'year': 2024}, {'type': 'phone', 'brand': 'Samsung', 'year': 2023}]",5.0,2.0,1.0,"['himself', 'send']",1.0,292.0,960.0,Other,,
541,,18.0,Unknown,50.0,+998706286626,Joshuaton,,,Data Science,,pending,2.99,good,92.0,2011-11-08 00:00:00,"88512 Harris Path Suite 804, Lake Sarahport","{hobbies:['across', 'style']}",,,,,,,,,,Other,,
542,Christopher Bradford,,Unknown,,+998002815775,Banksview,,2005-11-15 00:00:00,Other,,active,4.5,excellent,272.0,,UZ 100996 Tashkent New Jessicastad,"{hobbies:['picture', 'peace']}",,,,,,,,,,Tashkent,,100996
543,Connor Gonzales,18.0,Male,90.0,+998273610568,West Hunter,,1997-04-28 15:42:00,Other,70.0,pending,,good,81.0,1977-07-14 00:00:00,"903 Sanchez Fall, West Yvonneside","{'hobbies': ['them', 'suffer'], 'skills': {'tech': {'python': 2, 'excel': 3, 'sql': 4}, 'soft': ['tree', 'service']}, 'family': {'siblings': 1, 'income': {'father': 1159, 'mother': 1416}}, 'devices': [{'type': 'laptop', 'brand': 'HP', 'year': 2020}, {'type': 'phone', 'brand': 'Xiaomi', 'year': 2024}]}","['them', 'suffer']","[{'type': 'laptop', 'brand': 'HP', 'year': 2020}, {'type': 'phone', 'brand': 'Xiaomi', 'year': 2024}]",2.0,3.0,4.0,"['tree', 'service']",1.0,1159.0,1416.0,Other,,
544,Samantha Howard,20.0,Unknown,,+998921895672,Williamview,,1979-09-22 06:28:00,Data Science,61.0,active,15.5,excellent,52.0,1980-08-17 10:24:00,UZ 100303 Tashkent Elizabethstad,"{hobbies:['plan', 'east']}",,,,,,,,,,Tashkent,,100303
545,John Lynn,22.0,Unknown,,+998199795395,Port Susanfort,,2014-01-19 00:39:00,Other,80.0,pending,4.5,excellent,163.0,,UZ 100562 Tashkent Hernandezchester,"{'hobbies': ['whose', 'go'], 'skills': {'tech': {'python': 1, 'excel': 3, 'sql': 2}, 'soft': ['future', 'green']}, 'family': {'siblings': 2, 'income': {'father': 447, 'mother': 427}}, 'devices': [{'type': 'laptop', 'brand': 'Dell', 'year': 2015}, {'type': 'phone', 'brand': 'Apple', 'year': 2022}]}","['whose', 'go']","[{'type': 'laptop', 'brand': 'Dell', 'year': 2015}, {'type': 'phone', 'brand': 'Apple', 'year': 2022}]",1.0,3.0,2.0,"['future', 'green']",2.0,447.0,427.0,Tashkent,,100562
546,Amber Small,20.0,Unknown,87.0,,Georgeborough,,1970-02-05 00:00:00,Other,110.0,inactive,-2.0,good,56.0,2018-10-28 00:00:00,"BROKEN,ADDRESS,DATA,,,","{hobbies:['society', 'lot']}",,,,,,,,,,,,
547,Jesse Stafford,,Male,57.0,,Kleinchester,,1998-04-17 07:10:00,Data Science,110.0,pending,15.5,excellent,246.0,1999-06-18 14:24:24,"Apartment 17, Port Danielville district, Tashkent, UZ, 100121","{""hobbies"": [""any"", ""those""], ""skills"": {""tech"": {""python"": 3, ""excel"": 5, ""sql"": 4}, ""soft"": [""challenge"", ""less""]}, ""family"": {""siblings"": 2, ""income"": {""father"": 541, ""mother"": 1233}}, ""devices"": [{""type"": ""laptop"", ""brand"": ""Dell"", ""year"": 2024}, {""type"": ""phone"", ""brand"": ""Samsung"", ""year"": 2023}]}","['any', 'those']","[{'type': 'laptop', 'brand': 'Dell', 'year': 2024}, {'type': 'phone', 'brand': 'Samsung', 'year': 2023}]",3.0,5.0,4.0,"['challenge', 'less']",2.0,541.0,1233.0,Tashkent,Port Danielville,100121
548,Donna Lewis MD,19.0,Male,66.0,,Jensenton,,1999-12-11 00:00:00,Python,110.0,active,-2.0,excellent,124.0,1997-01-15 00:00:00,"05309 Mullins Centers Suite 435, Dorothytown","{""hobbies"": [""mother"", ""before""], ""skills"": {""tech"": {""python"": 1, ""excel"": 5, ""sql"": 2}, ""soft"": [""and"", ""various""]}, ""family"": {""siblings"": 4, ""income"": {""father"": 1030, ""mother"": 785}}, ""devices"": [{""type"": ""laptop"", ""brand"": ""HP"", ""year"": 2022}, {""type"": ""phone"", ""brand"": ""Xiaomi"", ""year"": 2021}]}","['mother', 'before']","[{'type': 'laptop', 'brand': 'HP', 'year': 2022}, {'type': 'phone', 'brand': 'Xiaomi', 'year': 2021}]",1.0,5.0,2.0,"['and', 'various']",4.0,1030.0,785.0,Other,,
549,Shannon Kelly,19.0,Female,90.0,+998292180076,South Brittanyfurt,alison82@hotmail.com,,Data Science,109.0,active,,excellent,94.0,1999-09-05 00:00:00,"Dillonton 30-kv, dom 35, Tashkent","{hobbies:['include', 'face']}",,,,,,,,,,Tashkent,,
550,Ashley Reyes,21.0,Female,58.0,,West Hayleystad,,2020-05-26 00:00:00,Data Science,69.0,active,,average,140.0,1982-03-20 06:07:00,"BROKEN,ADDRESS,DATA,,,","{""hobbies"": [""first"", ""cost""], ""skills"": {""tech"": {""python"": 5, ""excel"": 5, ""sql"": 5}, ""soft"": [""politics"", ""thought""]}, ""family"": {""siblings"": 0, ""income"": {""father"": 1237, ""mother"": 1340}}, ""devices"": [{""type"": ""laptop"", ""brand"": ""Lenovo"", ""year"": 2016}, {""type"": ""phone"", ""brand"": ""Apple"", ""year"": 2019}]}","['first', 'cost']","[{'type': 'laptop', 'brand': 'Lenovo', 'year': 2016}, {'type': 'phone', 'brand': 'Apple', 'year': 2019}]",5.0,5.0,5.0,"['politics', 'thought']",0.0,1237.0,1340.0,,,
551,Christopher Mclaughlin,20.0,Female,90.0,+998288819047,South Jennifer,moralesmargaret@hotmail.com,2004-01-07 00:00:00,Other,110.0,pending,3.7,excellent,121.0,1970-03-04 00:00:00,"New Shawnmouth 19-kv, dom 14, Tashkent","{'hobbies': ['listen', 'trial'], 'skills': {'tech': {'python': 2, 'excel': 4, 'sql': 3}, 'soft': ['world', 'all']}, 'family': {'siblings': 0, 'income': {'father': 1440, 'mother': 1192}}, 'devices': [{'type': 'laptop', 'brand': 'HP', 'year': 2019}, {'type': 'phone', 'brand': 'Samsung', 'year': 2020}]}","['listen', 'trial']","[{'type': 'laptop', 'brand': 'HP', 'year': 2019}, {'type': 'phone', 'brand': 'Samsung', 'year': 2020}]",2.0,4.0,3.0,"['world', 'all']",0.0,1440.0,1192.0,Tashkent,,
552,Judith Cortez,20.0,Female,84.0,+998646510977,Port Stephanie,,1987-01-21 00:00:00,Other,,active,-2.0,excellent,213.0,,UZ 100501 Tashkent North Elizabeth,"{""hobbies"": [""total"", ""have""], ""skills"": {""tech"": {""python"": 2, ""excel"": 3, ""sql"": 2}, ""soft"": [""lawyer"", ""several""]}, ""family"": {""siblings"": 0, ""income"": {""father"": 859, ""mother"": 997}}, ""devices"": [{""type"": ""laptop"", ""brand"": ""Dell"", ""year"": 2019}, {""type"": ""phone"", ""brand"": ""Samsung"", ""year"": 2022}]}","['total', 'have']","[{'type': 'laptop', 'brand': 'Dell', 'year': 2019}, {'type': 'phone', 'brand': 'Samsung', 'year': 2022}]",2.0,3.0,2.0,"['lawyer', 'several']",0.0,859.0,997.0,Tashkent,,100501
553,,20.0,Female,,,West Emma,douglasbecker@yahoo.com,1979-07-16 09:07:25,Data Science,110.0,pending,4.5,good,55.0,1994-08-22 00:00:00,"Vincentfurt 18-kv, dom 27, Tashkent","{""hobbies"": [""thought"", ""key""], ""skills"": {""tech"": {""python"": 5, ""excel"": 4, ""sql"": 3}, ""soft"": [""fill"", ""believe""]}, ""family"": {""siblings"": 2, ""income"": {""father"": 864, ""mother"": 1073}}, ""devices"": [{""type"": ""laptop"", ""brand"": ""Lenovo"", ""year"": 2022}, {""type"": ""phone"", ""brand"": ""Samsung"", ""year"": 2020}]}","['thought', 'key']","[{'type': 'laptop', 'brand': 'Lenovo', 'year': 2022}, {'type': 'phone', 'brand': 'Samsung', 'year': 2020}]",5.0,4.0,3.0,"['fill', 'believe']",2.0,864.0,1073.0,Tashkent,,
554,Michael James,,Female,66.0,+998145899501,Andreborough,victoria57@hotmail.com,1996-11-23 00:00:00,Python,,inactive,4.5,excellent,53.0,1987-06-01 00:00:00,"BROKEN,ADDRESS,DATA,,,","{hobbies:['after', 'speech']}",,,,,,,,,,,,
555,Cynthia Merritt,19.0,Unknown,50.0,+998666653449,Lake Sydney,,,Data Science,,pending,15.5,excellent,120.0,2006-06-25 19:23:33,"BROKEN,ADDRESS,DATA,,,","{'hobbies': ['here', 'out'], 'skills': {'tech': {'python': 3, 'excel': 1, 'sql': 5}, 'soft': ['move', 'thousand']}, 'family': {'siblings': 0, 'income': {'father': 1116, 'mother': 1230}}, 'devices': [{'type': 'laptop', 'brand': 'Dell', 'year': 2022}, {'type': 'phone', 'brand': 'Samsung', 'year': 2019}]}","['here', 'out']","[{'type': 'laptop', 'brand': 'Dell', 'year': 2022}, {'type': 'phone', 'brand': 'Samsung', 'year': 2019}]",3.0,1.0,5.0,"['move', 'thousand']",0.0,1116.0,1230.0,,,
556,,18.0,Female,,,Lake Cindy,,,Data Science,,inactive,0.0,excellent,300.0,,"BROKEN,ADDRESS,DATA,,,","{'hobbies': ['than', 'character'], 'skills': {'tech': {'python': 1, 'excel': 2, 'sql': 5}, 'soft': ['fire', 'street']}, 'family': {'siblings': 5, 'income': {'father': 972, 'mother': 1026}}, 'devices': [{'type': 'laptop', 'brand': 'Lenovo', 'year': 2022}, {'type': 'phone', 'brand': 'Xiaomi', 'year': 2019}]}","['than', 'character']","[{'type': 'laptop', 'brand': 'Lenovo', 'year': 2022}, {'type': 'phone', 'brand': 'Xiaomi', 'year': 2019}]",1.0,2.0,5.0,"['fire', 'street']",5.0,972.0,1026.0,,,
557,Lori Thompson,20.0,Female,90.0,+998722903710,New Jonathon,,2023-05-11 15:54:46,Data Science,,inactive,3.7,excellent,248.0,1987-04-29 00:00:00,"549 Cain Extensions, Jamesmouth",INVALID_JSON_DATA,,,,,,,,,,Other,,
558,David Smith,21.0,Unknown,,,West Morganberg,,,Data Science,110.0,active,3.7,,92.0,1979-03-06 09:50:32,"BROKEN,ADDRESS,DATA,,,","{""hobbies"": [""number"", ""similar""], ""skills"": {""tech"": {""python"": 4, ""excel"": 2, ""sql"": 3}, ""soft"": [""thought"", ""require""]}, ""family"": {""siblings"": 1, ""income"": {""father"": 1472, ""mother"": 774}}, ""devices"": [{""type"": ""laptop"", ""brand"": ""Lenovo"", ""year"": 2021}, {""type"": ""phone"", ""brand"": ""Xiaomi"", ""year"": 2019}]}","['number', 'similar']","[{'type': 'laptop', 'brand': 'Lenovo', 'year': 2021}, {'type': 'phone', 'brand': 'Xiaomi', 'year': 2019}]",4.0,2.0,3.0,"['thought', 'require']",1.0,1472.0,774.0,,,
559,Erin Thomas,20.0,Female,87.0,,Farmerborough,,2021-11-15 00:00:00,Other,110.0,pending,,excellent,280.0,2016-09-16 11:22:00,"BROKEN,ADDRESS,DATA,,,",INVALID_JSON_DATA,,,,,,,,,,,,
560,Stephanie Foley,20.0,Female,52.0,+998872562428,Allisonside,,1971-12-07 00:03:57,Data Science,110.0,inactive,15.5,good,295.0,2022-05-15 06:38:00,"Apartment 41, Port Joshuaport district, Tashkent, UZ, 100930","{hobbies:['perhaps', 'today']}",,,,,,,,,,Tashkent,Port Joshuaport,100930
561,Shannon Henderson,20.0,Male,,,Danielside,,1998-03-11 00:00:00,Other,98.0,inactive,0.0,excellent,232.0,1976-03-25 19:41:00,UZ 100576 Tashkent Port Kimberlyport,"{'hobbies': ['newspaper', 'soon'], 'skills': {'tech': {'python': 1, 'excel': 2, 'sql': 1}, 'soft': ['law', 'themselves']}, 'family': {'siblings': 4, 'income': {'father': 742, 'mother': 1045}}, 'devices': [{'type': 'laptop', 'brand': 'Dell', 'year': 2021}, {'type': 'phone', 'brand': 'Apple', 'year': 2024}]}","['newspaper', 'soon']","[{'type': 'laptop', 'brand': 'Dell', 'year': 2021}, {'type': 'phone', 'brand': 'Apple', 'year': 2024}]",1.0,2.0,1.0,"['law', 'themselves']",4.0,742.0,1045.0,Tashkent,,100576
562,,18.0,Male,90.0,+998910583931,South Alexanderport,angela86@jones.info,2001-11-09 00:00:00,Other,118.0,active,3.7,excellent,156.0,1990-03-20 17:14:55,"Apartment 24, North Maryview district, Tashkent, UZ, 100415","{hobbies:['need', 'six']}",,,,,,,,,,Tashkent,North Maryview,100415
563,,20.0,Female,58.0,+998821269898,Sarahhaven,rclark@williams-duran.com,2006-10-14 00:00:00,Other,63.0,inactive,4.5,excellent,67.0,1999-01-29 00:00:00,"3151 Laura Ridge Suite 752, Port Eric","{""hobbies"": [""hear"", ""party""], ""skills"": {""tech"": {""python"": 4, ""excel"": 2, ""sql"": 4}, ""soft"": [""majority"", ""song""]}, ""family"": {""siblings"": 5, ""income"": {""father"": 210, ""mother"": 448}}, ""devices"": [{""type"": ""laptop"", ""brand"": ""HP"", ""year"": 2024}, {""type"": ""phone"", ""brand"": ""Apple"", ""year"": 2022}]}","['hear', 'party']","[{'type': 'laptop', 'brand': 'HP', 'year': 2024}, {'type': 'phone', 'brand': 'Apple', 'year': 2022}]",4.0,2.0,4.0,"['majority', 'song']",5.0,210.0,448.0,Other,,
564,Bryan Boyd,19.0,Female,72.0,+998873727406,New Johnton,sharon79@davis.org,1994-09-20 03:30:00,Data Science,,pending,15.5,good,187.0,1972-07-15 00:00:00,UZ 100126 Tashkent Turnerhaven,"{'hobbies': ['ball', 'some'], 'skills': {'tech': {'python': 1, 'excel': 4, 'sql': 1}, 'soft': ['ok', 'various']}, 'family': {'siblings': 5, 'income': {'father': 688, 'mother': 428}}, 'devices': [{'type': 'laptop', 'brand': 'Dell', 'year': 2019}, {'type': 'phone', 'brand': 'Xiaomi', 'year': 2018}]}","['ball', 'some']","[{'type': 'laptop', 'brand': 'Dell', 'year': 2019}, {'type': 'phone', 'brand': 'Xiaomi', 'year': 2018}]",1.0,4.0,1.0,"['ok', 'various']",5.0,688.0,428.0,Tashkent,,100126
565,John Osborn,21.0,Female,96.0,+998714304946,Port Tamara,,1992-06-13 10:18:00,Other,116.0,pending,3.7,,115.0,1983-07-23 10:43:00,"Barnettbury 23-kv, dom 27, Tashkent",INVALID_JSON_DATA,,,,,,,,,,Tashkent,,
566,Anna Clark,20.0,Male,,+998143345932,Sanchezton,,1981-01-13 00:00:00,Data Science,110.0,inactive,-2.0,,52.0,1979-01-02 07:04:00,"8770 Danielle Trail Suite 654, South Taylor",INVALID_JSON_DATA,,,,,,,,,,Other,,
567,Ashley Jacobs,20.0,Female,70.0,+998874008801,Manntown,,1970-09-14 00:00:00,Data Science,78.0,active,3.45,average,244.0,2013-12-09 00:00:00,"Apartment 42, New Catherineport district, Tashkent, UZ, 100081","{'hobbies': ['admit', 'new'], 'skills': {'tech': {'python': 2, 'excel': 1, 'sql': 4}, 'soft': ['high', 'me']}, 'family': {'siblings': 5, 'income': {'father': 674, 'mother': 897}}, 'devices': [{'type': 'laptop', 'brand': 'HP', 'year': 2015}, {'type': 'phone', 'brand': 'Xiaomi', 'year': 2023}]}","['admit', 'new']","[{'type': 'laptop', 'brand': 'HP', 'year': 2015}, {'type': 'phone', 'brand': 'Xiaomi', 'year': 2023}]",2.0,1.0,4.0,"['high', 'me']",5.0,674.0,897.0,Tashkent,New Catherineport,100081
568,,19.0,Male,92.0,+998149486082,Bethside,,1996-09-01 07:48:34,Other,,active,3.7,good,196.0,2023-06-02 00:00:00,UZ 100443 Tashkent South Matthew,"{'hobbies': ['most', 'a'], 'skills': {'tech': {'python': 4, 'excel': 4, 'sql': 5}, 'soft': ['yard', 'walk']}, 'family': {'siblings': 2, 'income': {'father': 1488, 'mother': 640}}, 'devices': [{'type': 'laptop', 'brand': 'Lenovo', 'year': 2016}, {'type': 'phone', 'brand': 'Samsung', 'year': 2022}]}","['most', 'a']","[{'type': 'laptop', 'brand': 'Lenovo', 'year': 2016}, {'type': 'phone', 'brand': 'Samsung', 'year': 2022}]",4.0,4.0,5.0,"['yard', 'walk']",2.0,1488.0,640.0,Tashkent,,100443
569,,22.0,Female,77.0,+998896020470,Johnborough,,2003-04-21 00:00:00,Other,110.0,inactive,0.0,excellent,300.0,2020-09-30 00:00:00,UZ 100187 Tashkent Garciaberg,"{'hobbies': ['coach', 'air'], 'skills': {'tech': {'python': 1, 'excel': 1, 'sql': 3}, 'soft': ['wait', 'guy']}, 'family': {'siblings': 5, 'income': {'father': 513, 'mother': 772}}, 'devices': [{'type': 'laptop', 'brand': 'Dell', 'year': 2018}, {'type': 'phone', 'brand': 'Xiaomi', 'year': 2024}]}","['coach', 'air']","[{'type': 'laptop', 'brand': 'Dell', 'year': 2018}, {'type': 'phone', 'brand': 'Xiaomi', 'year': 2024}]",1.0,1.0,3.0,"['wait', 'guy']",5.0,513.0,772.0,Tashkent,,100187
570,Haley Johnson,,Male,74.0,+998375800127,Goodwintown,,,Data Science,,active,4.5,excellent,282.0,2012-08-23 05:42:00,UZ 100802 Tashkent East Andrewstad,"{'hobbies': ['simple', 'play'], 'skills': {'tech': {'python': 2, 'excel': 3, 'sql': 1}, 'soft': ['benefit', 'structure']}, 'family': {'siblings': 1, 'income': {'father': 985, 'mother': 314}}, 'devices': [{'type': 'laptop', 'brand': 'Dell', 'year': 2018}, {'type': 'phone', 'brand': 'Apple', 'year': 2018}]}","['simple', 'play']","[{'type': 'laptop', 'brand': 'Dell', 'year': 2018}, {'type': 'phone', 'brand': 'Apple', 'year': 2018}]",2.0,3.0,1.0,"['benefit', 'structure']",1.0,985.0,314.0,Tashkent,,100802
571,Amanda Gonzalez,21.0,Unknown,,,West Jefferyside,xle@moore-maxwell.info,2019-12-26 10:26:00,Data Science,110.0,pending,3.66,excellent,192.0,2001-01-30 00:00:00,"Apartment 35, South Jeanettefurt district, Tashkent, UZ, 100371","{hobbies:['reduce', 'all']}",,,,,,,,,,Tashkent,South Jeanettefurt,100371
572,Ryan Simmons,22.0,Male,93.0,+998567135387,Jocelynton,,2011-01-13 19:27:46,Other,110.0,inactive,15.5,good,103.0,1992-09-26 21:37:30,"Apartment 7, South Scott district, Tashkent, UZ, 100855","{'hobbies': ['true', 'everything'], 'skills': {'tech': {'python': 4, 'excel': 5, 'sql': 3}, 'soft': ['spring', 'knowledge']}, 'family': {'siblings': 4, 'income': {'father': 1055, 'mother': 877}}, 'devices': [{'type': 'laptop', 'brand': 'Dell', 'year': 2020}, {'type': 'phone', 'brand': 'Apple', 'year': 2021}]}","['true', 'everything']","[{'type': 'laptop', 'brand': 'Dell', 'year': 2020}, {'type': 'phone', 'brand': 'Apple', 'year': 2021}]",4.0,5.0,3.0,"['spring', 'knowledge']",4.0,1055.0,877.0,Tashkent,South Scott,100855
573,David Adams,20.0,Female,79.0,+998254120539,South Juan,garciajennifer@luna-kent.info,1996-11-27 00:00:00,Other,110.0,active,3.7,excellent,177.0,2014-07-10 19:50:13,UZ 100593 Tashkent Loganmouth,INVALID_JSON_DATA,,,,,,,,,,Tashkent,,100593
574,,21.0,Female,,+998448675819,South Nicole,,1985-06-21 11:08:00,Data Science,119.0,active,0.0,excellent,171.0,2009-01-16 00:00:00,"11917 Michael Creek, Hessborough",INVALID_JSON_DATA,,,,,,,,,,Other,,
575,,20.0,Male,87.0,+998616955562,North Emilyfurt,,2017-07-20 00:00:00,Data Science,110.0,inactive,3.7,,169.0,1987-05-10 00:00:00,UZ 100298 Tashkent Wattsberg,INVALID_JSON_DATA,,,,,,,,,,Tashkent,,100298
576,,20.0,Female,90.0,+998947206432,Port Matthew,lwright@yahoo.com,2001-06-21 09:58:18,Other,113.0,pending,15.5,average,147.0,2024-10-27 23:24:25,"Apartment 42, Port Carlos district, Tashkent, UZ, 100983","{'hobbies': ['front', 'deal'], 'skills': {'tech': {'python': 2, 'excel': 4, 'sql': 3}, 'soft': ['affect', 'sound']}, 'family': {'siblings': 1, 'income': {'father': 1024, 'mother': 468}}, 'devices': [{'type': 'laptop', 'brand': 'Lenovo', 'year': 2023}, {'type': 'phone', 'brand': 'Xiaomi', 'year': 2018}]}","['front', 'deal']","[{'type': 'laptop', 'brand': 'Lenovo', 'year': 2023}, {'type': 'phone', 'brand': 'Xiaomi', 'year': 2018}]",2.0,4.0,3.0,"['affect', 'sound']",1.0,1024.0,468.0,Tashkent,Port Carlos,100983
577,,18.0,Female,91.0,+998935033783,Adrienneside,,2017-03-17 01:02:00,Other,,pending,-2.0,average,88.0,2011-08-20 00:00:00,"BROKEN,ADDRESS,DATA,,,","{""hobbies"": [""recognize"", ""mention""], ""skills"": {""tech"": {""python"": 4, ""excel"": 4, ""sql"": 4}, ""soft"": [""glass"", ""future""]}, ""family"": {""siblings"": 3, ""income"": {""father"": 1330, ""mother"": 904}}, ""devices"": [{""type"": ""laptop"", ""brand"": ""HP"", ""year"": 2020}, {""type"": ""phone"", ""brand"": ""Xiaomi"", ""year"": 2020}]}","['recognize', 'mention']","[{'type': 'laptop', 'brand': 'HP', 'year': 2020}, {'type': 'phone', 'brand': 'Xiaomi', 'year': 2020}]",4.0,4.0,4.0,"['glass', 'future']",3.0,1330.0,904.0,,,
578,Michael Williams,20.0,Unknown,80.0,+998404609543,Coleview,,1986-08-13 00:00:00,Data Science,89.0,pending,,good,182.0,1995-07-26 07:41:20,"BROKEN,ADDRESS,DATA,,,","{'hobbies': ['southern', 'teach'], 'skills': {'tech': {'python': 2, 'excel': 2, 'sql': 1}, 'soft': ['office', 'notice']}, 'family': {'siblings': 5, 'income': {'father': 1002, 'mother': 1037}}, 'devices': [{'type': 'laptop', 'brand': 'HP', 'year': 2022}, {'type': 'phone', 'brand': 'Apple', 'year': 2020}]}","['southern', 'teach']","[{'type': 'laptop', 'brand': 'HP', 'year': 2022}, {'type': 'phone', 'brand': 'Apple', 'year': 2020}]",2.0,2.0,1.0,"['office', 'notice']",5.0,1002.0,1037.0,,,
579,,22.0,Male,60.0,,South Kevinland,hollybarnes@ortiz-rodriguez.com,1980-02-11 00:00:00,Other,76.0,active,3.7,excellent,167.0,,"66803 Barrett Lodge Suite 303, Amandaside",INVALID_JSON_DATA,,,,,,,,,,Other,,
580,Christopher Sanchez,21.0,Unknown,,+998487300434,New Erik,kathryn31@price.biz,2011-09-08 00:00:00,Data Science,110.0,pending,-2.0,good,169.0,1975-01-25 00:00:00,"51394 Benjamin Green, Durantown","{'hobbies': ['herself', 'debate'], 'skills': {'tech': {'python': 3, 'excel': 2, 'sql': 4}, 'soft': ['party', 'put']}, 'family': {'siblings': 1, 'income': {'father': 1463, 'mother': 1482}}, 'devices': [{'type': 'laptop', 'brand': 'HP', 'year': 2023}, {'type': 'phone', 'brand': 'Xiaomi', 'year': 2024}]}","['herself', 'debate']","[{'type': 'laptop', 'brand': 'HP', 'year': 2023}, {'type': 'phone', 'brand': 'Xiaomi', 'year': 2024}]",3.0,2.0,4.0,"['party', 'put']",1.0,1463.0,1482.0,Other,,
581,Kathleen Lambert,20.0,Male,99.0,+998968777246,Port Kelly,nrose@wright-brewer.biz,2016-07-24 11:45:00,Data Science,65.0,inactive,15.5,good,165.0,2011-01-05 18:22:00,UZ 100644 Tashkent Lake Robertland,"{hobbies:['attack', 'new']}",,,,,,,,,,Tashkent,,100644
582,Traci Guerra,18.0,Female,,+998284989575,Ashleyville,,1982-11-04 20:35:16,Data Science,110.0,pending,1.19,,254.0,1999-12-06 00:00:00,"0398 Zoe Walk Suite 987, New Aaron","{""hobbies"": [""something"", ""sea""], ""skills"": {""tech"": {""python"": 2, ""excel"": 4, ""sql"": 5}, ""soft"": [""which"", ""prove""]}, ""family"": {""siblings"": 3, ""income"": {""father"": 1096, ""mother"": 1000}}, ""devices"": [{""type"": ""laptop"", ""brand"": ""HP"", ""year"": 2018}, {""type"": ""phone"", ""brand"": ""Apple"", ""year"": 2019}]}","['something', 'sea']","[{'type': 'laptop', 'brand': 'HP', 'year': 2018}, {'type': 'phone', 'brand': 'Apple', 'year': 2019}]",2.0,4.0,5.0,"['which', 'prove']",3.0,1096.0,1000.0,Other,,
583,,22.0,Male,,+998589981094,Thompsonhaven,,,Data Science,117.0,active,0.0,good,283.0,2018-07-29 00:00:00,UZ 100081 Tashkent Crawfordport,"{hobbies:['reason', 'far']}",,,,,,,,,,Tashkent,,100081
584,Sheila Bell,20.0,Female,,+998547610093,Robertville,,1971-01-28 00:00:00,Data Science,,active,3.7,,127.0,2016-07-24 08:38:00,"683 Timothy Harbor, Mooreland","{'hobbies': ['we', 'husband'], 'skills': {'tech': {'python': 1, 'excel': 3, 'sql': 2}, 'soft': ['instead', 'this']}, 'family': {'siblings': 3, 'income': {'father': 875, 'mother': 1382}}, 'devices': [{'type': 'laptop', 'brand': 'Lenovo', 'year': 2022}, {'type': 'phone', 'brand': 'Xiaomi', 'year': 2023}]}","['we', 'husband']","[{'type': 'laptop', 'brand': 'Lenovo', 'year': 2022}, {'type': 'phone', 'brand': 'Xiaomi', 'year': 2023}]",1.0,3.0,2.0,"['instead', 'this']",3.0,875.0,1382.0,Other,,
585,,19.0,Female,90.0,,East Joshua,,,Data Science,82.0,active,15.5,,187.0,1984-06-09 14:32:00,"9561 Corey Coves Suite 845, Lucasview",INVALID_JSON_DATA,,,,,,,,,,Other,,
586,Kevin Thomas,18.0,Female,,+998314823095,Glasstown,,2013-06-13 00:00:00,Other,110.0,inactive,0.0,excellent,91.0,,"Rochachester 7-kv, dom 22, Tashkent",INVALID_JSON_DATA,,,,,,,,,,Tashkent,,
587,Dr. Brandon Berry,20.0,Female,,+998532389492,New Carmenmouth,,1995-01-17 00:00:00,Data Science,110.0,pending,,average,219.0,1991-06-13 11:17:00,"Apartment 2, Port Yvonnefort district, Tashkent, UZ, 100944",INVALID_JSON_DATA,,,,,,,,,,Tashkent,Port Yvonnefort,100944
588,Crystal Olsen,22.0,Female,99.0,,Joshuahaven,,2017-02-11 00:00:00,Other,79.0,active,2.9,,71.0,,"North Christineberg 8-kv, dom 22, Tashkent","{'hobbies': ['popular', 'statement'], 'skills': {'tech': {'python': 2, 'excel': 5, 'sql': 3}, 'soft': ['become', 'join']}, 'family': {'siblings': 1, 'income': {'father': 903, 'mother': 822}}, 'devices': [{'type': 'laptop', 'brand': 'Dell', 'year': 2023}, {'type': 'phone', 'brand': 'Apple', 'year': 2021}]}","['popular', 'statement']","[{'type': 'laptop', 'brand': 'Dell', 'year': 2023}, {'type': 'phone', 'brand': 'Apple', 'year': 2021}]",2.0,5.0,3.0,"['become', 'join']",1.0,903.0,822.0,Tashkent,,
589,Joseph Wilson,22.0,Male,,,Monroeview,michaeljones@moon-foster.com,1972-03-09 00:00:00,Other,110.0,active,15.5,excellent,265.0,,"9406 Black Common, Boltonmouth","{""hobbies"": [""song"", ""range""], ""skills"": {""tech"": {""python"": 2, ""excel"": 2, ""sql"": 4}, ""soft"": [""father"", ""himself""]}, ""family"": {""siblings"": 5, ""income"": {""father"": 584, ""mother"": 230}}, ""devices"": [{""type"": ""laptop"", ""brand"": ""HP"", ""year"": 2022}, {""type"": ""phone"", ""brand"": ""Apple"", ""year"": 2018}]}","['song', 'range']","[{'type': 'laptop', 'brand': 'HP', 'year': 2022}, {'type': 'phone', 'brand': 'Apple', 'year': 2018}]",2.0,2.0,4.0,"['father', 'himself']",5.0,584.0,230.0,Other,,
590,,20.0,Male,,+998350045597,South Michaelhaven,,1973-03-17 09:24:01,Data Science,88.0,pending,4.5,excellent,194.0,1991-02-20 00:00:00,"6542 Kristin Bridge Apt. 211, West Jessicaland","{'hobbies': ['security', 'such'], 'skills': {'tech': {'python': 5, 'excel': 3, 'sql': 4}, 'soft': ['instead', 'establish']}, 'family': {'siblings': 4, 'income': {'father': 1215, 'mother': 1022}}, 'devices': [{'type': 'laptop', 'brand': 'HP', 'year': 2022}, {'type': 'phone', 'brand': 'Xiaomi', 'year': 2023}]}","['security', 'such']","[{'type': 'laptop', 'brand': 'HP', 'year': 2022}, {'type': 'phone', 'brand': 'Xiaomi', 'year': 2023}]",5.0,3.0,4.0,"['instead', 'establish']",4.0,1215.0,1022.0,Other,,
591,Dean Moore,18.0,Female,63.0,+998675694892,Perryland,hsmith@nelson-bryant.com,1976-06-11 00:00:00,Data Science,110.0,pending,-2.0,excellent,289.0,1986-10-31 00:00:00,"Apartment 18, South Garyport district, Tashkent, UZ, 100844","{""hobbies"": [""positive"", ""could""], ""skills"": {""tech"": {""python"": 1, ""excel"": 3, ""sql"": 4}, ""soft"": [""full"", ""job""]}, ""family"": {""siblings"": 3, ""income"": {""father"": 613, ""mother"": 1177}}, ""devices"": [{""type"": ""laptop"", ""brand"": ""HP"", ""year"": 2022}, {""type"": ""phone"", ""brand"": ""Apple"", ""year"": 2022}]}","['positive', 'could']","[{'type': 'laptop', 'brand': 'HP', 'year': 2022}, {'type': 'phone', 'brand': 'Apple', 'year': 2022}]",1.0,3.0,4.0,"['full', 'job']",3.0,613.0,1177.0,Tashkent,South Garyport,100844
592,,18.0,Unknown,90.0,+998523221481,Colestad,sonyajackson@gmail.com,2003-07-19 06:09:17,Other,,active,,average,204.0,2017-11-16 00:00:00,"Richardview 27-kv, dom 45, Tashkent","{""hobbies"": [""owner"", ""response""], ""skills"": {""tech"": {""python"": 4, ""excel"": 3, ""sql"": 3}, ""soft"": [""food"", ""environmental""]}, ""family"": {""siblings"": 4, ""income"": {""father"": 304, ""mother"": 610}}, ""devices"": [{""type"": ""laptop"", ""brand"": ""Dell"", ""year"": 2018}, {""type"": ""phone"", ""brand"": ""Samsung"", ""year"": 2019}]}","['owner', 'response']","[{'type': 'laptop', 'brand': 'Dell', 'year': 2018}, {'type': 'phone', 'brand': 'Samsung', 'year': 2019}]",4.0,3.0,3.0,"['food', 'environmental']",4.0,304.0,610.0,Tashkent,,
593,Edward Holmes,18.0,Female,62.0,+998719768982,Matthewport,,1984-01-11 00:00:00,Other,110.0,pending,15.5,average,209.0,2007-03-11 08:56:00,"BROKEN,ADDRESS,DATA,,,","{'hobbies': ['red', 'major'], 'skills': {'tech': {'python': 2, 'excel': 1, 'sql': 5}, 'soft': ['bring', 'certainly']}, 'family': {'siblings': 3, 'income': {'father': 217, 'mother': 1427}}, 'devices': [{'type': 'laptop', 'brand': 'Lenovo', 'year': 2020}, {'type': 'phone', 'brand': 'Samsung', 'year': 2022}]}","['red', 'major']","[{'type': 'laptop', 'brand': 'Lenovo', 'year': 2020}, {'type': 'phone', 'brand': 'Samsung', 'year': 2022}]",2.0,1.0,5.0,"['bring', 'certainly']",3.0,217.0,1427.0,,,
594,Sheila Contreras,21.0,Female,97.0,,Ellisonstad,,1998-02-04 10:45:00,Other,,active,,excellent,91.0,1990-10-07 20:23:00,"41891 Jacob Parkway, Evansbury","{'hobbies': ['believe', 'article'], 'skills': {'tech': {'python': 1, 'excel': 2, 'sql': 4}, 'soft': ['off', 'here']}, 'family': {'siblings': 5, 'income': {'father': 1142, 'mother': 893}}, 'devices': [{'type': 'laptop', 'brand': 'Lenovo', 'year': 2024}, {'type': 'phone', 'brand': 'Xiaomi', 'year': 2020}]}","['believe', 'article']","[{'type': 'laptop', 'brand': 'Lenovo', 'year': 2024}, {'type': 'phone', 'brand': 'Xiaomi', 'year': 2020}]",1.0,2.0,4.0,"['off', 'here']",5.0,1142.0,893.0,Other,,
595,Vincent Pena,22.0,Female,57.0,+998798873158,West Craigview,,2001-10-29 23:54:51,Data Science,110.0,pending,4.5,average,251.0,1991-03-24 00:00:00,"117 Lyons Knolls, New Tylerchester","{""hobbies"": [""house"", ""true""], ""skills"": {""tech"": {""python"": 3, ""excel"": 5, ""sql"": 3}, ""soft"": [""throughout"", ""recently""]}, ""family"": {""siblings"": 5, ""income"": {""father"": 1314, ""mother"": 320}}, ""devices"": [{""type"": ""laptop"", ""brand"": ""HP"", ""year"": 2023}, {""type"": ""phone"", ""brand"": ""Xiaomi"", ""year"": 2019}]}","['house', 'true']","[{'type': 'laptop', 'brand': 'HP', 'year': 2023}, {'type': 'phone', 'brand': 'Xiaomi', 'year': 2019}]",3.0,5.0,3.0,"['throughout', 'recently']",5.0,1314.0,320.0,Other,,
596,Bobby House,20.0,Male,90.0,,Shannonburgh,,,Data Science,103.0,pending,4.0,average,235.0,2023-02-25 03:31:55,"Apartment 29, Hamiltonville district, Tashkent, UZ, 100697","{""hobbies"": [""point"", ""itself""], ""skills"": {""tech"": {""python"": 1, ""excel"": 4, ""sql"": 2}, ""soft"": [""great"", ""short""]}, ""family"": {""siblings"": 5, ""income"": {""father"": 957, ""mother"": 517}}, ""devices"": [{""type"": ""laptop"", ""brand"": ""Dell"", ""year"": 2019}, {""type"": ""phone"", ""brand"": ""Xiaomi"", ""year"": 2024}]}","['point', 'itself']","[{'type': 'laptop', 'brand': 'Dell', 'year': 2019}, {'type': 'phone', 'brand': 'Xiaomi', 'year': 2024}]",1.0,4.0,2.0,"['great', 'short']",5.0,957.0,517.0,Tashkent,Hamiltonville,100697
597,,22.0,Female,,+998939556685,Port Frederick,,,Python,,inactive,1.56,,270.0,1974-01-06 00:00:00,UZ 100979 Tashkent Harttown,"{hobbies:['almost', 'rest']}",,,,,,,,,,Tashkent,,100979
598,Jonathan King,20.0,Unknown,,+998242718829,North Andrea,,2017-12-13 00:00:00,Data Science,,active,0.0,average,264.0,,"912 Anderson Island, Lake David","{""hobbies"": [""society"", ""hot""], ""skills"": {""tech"": {""python"": 1, ""excel"": 4, ""sql"": 2}, ""soft"": [""election"", ""job""]}, ""family"": {""siblings"": 0, ""income"": {""father"": 479, ""mother"": 958}}, ""devices"": [{""type"": ""laptop"", ""brand"": ""Lenovo"", ""year"": 2017}, {""type"": ""phone"", ""brand"": ""Samsung"", ""year"": 2022}]}","['society', 'hot']","[{'type': 'laptop', 'brand': 'Lenovo', 'year': 2017}, {'type': 'phone', 'brand': 'Samsung', 'year': 2022}]",1.0,4.0,2.0,"['election', 'job']",0.0,479.0,958.0,Other,,
599,Eric Medina,,Unknown,,+998835502139,New Zachary,,2016-10-02 00:00:00,Data Science,70.0,active,4.5,good,92.0,2017-08-17 00:00:00,UZ 100418 Tashkent West Jasonberg,"{'hobbies': ['real', 'save'], 'skills': {'tech': {'python': 4, 'excel': 1, 'sql': 4}, 'soft': ['ten', 'skill']}, 'family': {'siblings': 5, 'income': {'father': 334, 'mother': 483}}, 'devices': [{'type': 'laptop', 'brand': 'HP', 'year': 2018}, {'type': 'phone', 'brand': 'Xiaomi', 'year': 2022}]}","['real', 'save']","[{'type': 'laptop', 'brand': 'HP', 'year': 2018}, {'type': 'phone', 'brand': 'Xiaomi', 'year': 2022}]",4.0,1.0,4.0,"['ten', 'skill']",5.0,334.0,483.0,Tashkent,,100418
600,Zachary Johnson,18.0,Male,,+998081801870,New Markshire,qrice@hotmail.com,,Other,,active,3.7,average,147.0,,UZ 100915 Tashkent Jamesport,"{hobbies:['happen', 'night']}",,,,,,,,,,Tashkent,,100915
601,Ashley Andrade,21.0,Male,,,Dunnville,,2015-10-20 00:00:00,Python,110.0,active,4.5,excellent,202.0,,"South Kelsey 19-kv, dom 5, Tashkent","{'hobbies': ['military', 'blood'], 'skills': {'tech': {'python': 1, 'excel': 2, 'sql': 3}, 'soft': ['coach', 'response']}, 'family': {'siblings': 3, 'income': {'father': 711, 'mother': 1071}}, 'devices': [{'type': 'laptop', 'brand': 'Lenovo', 'year': 2020}, {'type': 'phone', 'brand': 'Samsung', 'year': 2020}]}","['military', 'blood']","[{'type': 'laptop', 'brand': 'Lenovo', 'year': 2020}, {'type': 'phone', 'brand': 'Samsung', 'year': 2020}]",1.0,2.0,3.0,"['coach', 'response']",3.0,711.0,1071.0,Tashkent,,
602,Martha Ruiz,19.0,Unknown,58.0,,West Gregory,kfrancis@gmail.com,1980-02-06 19:22:00,Other,115.0,pending,3.7,average,244.0,,UZ 100884 Tashkent Powellmouth,"{""hobbies"": [""chair"", ""lay""], ""skills"": {""tech"": {""python"": 5, ""excel"": 3, ""sql"": 1}, ""soft"": [""respond"", ""building""]}, ""family"": {""siblings"": 1, ""income"": {""father"": 349, ""mother"": 844}}, ""devices"": [{""type"": ""laptop"", ""brand"": ""Lenovo"", ""year"": 2021}, {""type"": ""phone"", ""brand"": ""Samsung"", ""year"": 2019}]}","['chair', 'lay']","[{'type': 'laptop', 'brand': 'Lenovo', 'year': 2021}, {'type': 'phone', 'brand': 'Samsung', 'year': 2019}]",5.0,3.0,1.0,"['respond', 'building']",1.0,349.0,844.0,Tashkent,,100884
603,Pamela Carr,18.0,Unknown,95.0,+998669766040,Christopherside,lwilliams@gmail.com,1979-12-03 00:00:00,Python,116.0,active,4.5,good,169.0,,"198 Gary Mills Apt. 152, East Joshuatown",INVALID_JSON_DATA,,,,,,,,,,Other,,
604,Mrs. Angela Tyler,21.0,Female,63.0,+998051160378,Morrisontown,,1996-01-11 23:11:17,Data Science,108.0,active,4.5,,251.0,1977-07-29 08:19:13,"8126 Herrera Point Apt. 428, Tuckerside","{""hobbies"": [""else"", ""take""], ""skills"": {""tech"": {""python"": 1, ""excel"": 2, ""sql"": 3}, ""soft"": [""interesting"", ""pay""]}, ""family"": {""siblings"": 3, ""income"": {""father"": 593, ""mother"": 353}}, ""devices"": [{""type"": ""laptop"", ""brand"": ""Lenovo"", ""year"": 2023}, {""type"": ""phone"", ""brand"": ""Xiaomi"", ""year"": 2022}]}","['else', 'take']","[{'type': 'laptop', 'brand': 'Lenovo', 'year': 2023}, {'type': 'phone', 'brand': 'Xiaomi', 'year': 2022}]",1.0,2.0,3.0,"['interesting', 'pay']",3.0,593.0,353.0,Other,,
605,Grant Rowland,19.0,Male,54.0,+998458567180,East Deniseburgh,,1984-04-19 19:46:23,Data Science,110.0,pending,2.81,,107.0,1994-09-04 00:00:00,"Wrightfort 30-kv, dom 45, Tashkent","{'hobbies': ['wide', 'wonder'], 'skills': {'tech': {'python': 5, 'excel': 5, 'sql': 2}, 'soft': ['nor', 'many']}, 'family': {'siblings': 1, 'income': {'father': 1417, 'mother': 526}}, 'devices': [{'type': 'laptop', 'brand': 'HP', 'year': 2021}, {'type': 'phone', 'brand': 'Apple', 'year': 2023}]}","['wide', 'wonder']","[{'type': 'laptop', 'brand': 'HP', 'year': 2021}, {'type': 'phone', 'brand': 'Apple', 'year': 2023}]",5.0,5.0,2.0,"['nor', 'many']",1.0,1417.0,526.0,Tashkent,,
606,,19.0,Male,,+998728685308,West Adrianchester,foxmary@martin-palmer.info,1986-09-08 02:58:00,Data Science,110.0,pending,,excellent,148.0,1990-04-22 00:00:00,"BROKEN,ADDRESS,DATA,,,","{""hobbies"": [""difficult"", ""want""], ""skills"": {""tech"": {""python"": 2, ""excel"": 5, ""sql"": 2}, ""soft"": [""case"", ""fire""]}, ""family"": {""siblings"": 5, ""income"": {""father"": 560, ""mother"": 845}}, ""devices"": [{""type"": ""laptop"", ""brand"": ""Dell"", ""year"": 2021}, {""type"": ""phone"", ""brand"": ""Apple"", ""year"": 2024}]}","['difficult', 'want']","[{'type': 'laptop', 'brand': 'Dell', 'year': 2021}, {'type': 'phone', 'brand': 'Apple', 'year': 2024}]",2.0,5.0,2.0,"['case', 'fire']",5.0,560.0,845.0,,,
607,Jason Cherry,18.0,Unknown,,+998770828683,New Angiefort,,2009-09-16 10:18:00,Other,65.0,inactive,3.7,good,94.0,2024-03-09 07:30:51,"Port Tinafurt 28-kv, dom 37, Tashkent","{'hobbies': ['able', 'trip'], 'skills': {'tech': {'python': 4, 'excel': 1, 'sql': 4}, 'soft': ['although', 'less']}, 'family': {'siblings': 2, 'income': {'father': 612, 'mother': 729}}, 'devices': [{'type': 'laptop', 'brand': 'HP', 'year': 2023}, {'type': 'phone', 'brand': 'Apple', 'year': 2019}]}","['able', 'trip']","[{'type': 'laptop', 'brand': 'HP', 'year': 2023}, {'type': 'phone', 'brand': 'Apple', 'year': 2019}]",4.0,1.0,4.0,"['although', 'less']",2.0,612.0,729.0,Tashkent,,
608,,21.0,Female,,+998771160040,Michaelhaven,,,Data Science,83.0,pending,,,194.0,2022-12-02 00:00:00,"10158 Tiffany Heights Apt. 563, Port Guyfurt","{'hobbies': ['whose', 'message'], 'skills': {'tech': {'python': 3, 'excel': 4, 'sql': 5}, 'soft': ['skin', 'article']}, 'family': {'siblings': 2, 'income': {'father': 1333, 'mother': 623}}, 'devices': [{'type': 'laptop', 'brand': 'HP', 'year': 2016}, {'type': 'phone', 'brand': 'Apple', 'year': 2020}]}","['whose', 'message']","[{'type': 'laptop', 'brand': 'HP', 'year': 2016}, {'type': 'phone', 'brand': 'Apple', 'year': 2020}]",3.0,4.0,5.0,"['skin', 'article']",2.0,1333.0,623.0,Other,,
609,Nicholas Thompson,20.0,Female,,+998373505086,South Michaelberg,,2010-04-09 00:00:00,Data Science,,active,3.7,good,233.0,1986-09-08 11:26:06,"69161 Newman Summit Suite 430, West Michaelchester","{hobbies:['debate', 'those']}",,,,,,,,,,Other,,
610,,22.0,Female,,,Port Michaeltown,,1989-07-28 00:00:00,Data Science,79.0,pending,4.33,good,79.0,1980-01-12 00:00:00,UZ 100562 Tashkent Evansmouth,INVALID_JSON_DATA,,,,,,,,,,Tashkent,,100562
611,Nicole Peterson,21.0,Female,99.0,,Mooreborough,,1992-01-16 17:45:00,Data Science,110.0,inactive,15.5,,258.0,,"505 Ariana Run, Carrolltown","{'hobbies': ['down', 'technology'], 'skills': {'tech': {'python': 5, 'excel': 3, 'sql': 3}, 'soft': ['central', 'ahead']}, 'family': {'siblings': 5, 'income': {'father': 305, 'mother': 1017}}, 'devices': [{'type': 'laptop', 'brand': 'Lenovo', 'year': 2020}, {'type': 'phone', 'brand': 'Xiaomi', 'year': 2021}]}","['down', 'technology']","[{'type': 'laptop', 'brand': 'Lenovo', 'year': 2020}, {'type': 'phone', 'brand': 'Xiaomi', 'year': 2021}]",5.0,3.0,3.0,"['central', 'ahead']",5.0,305.0,1017.0,Other,,
612,Natalie Brown,20.0,Male,90.0,+998913827703,West Hunter,,1971-08-13 08:06:28,Data Science,72.0,active,0.0,excellent,131.0,2016-04-05 00:00:00,"Port Gary 3-kv, dom 11, Tashkent","{hobbies:['attorney', 'stay']}",,,,,,,,,,Tashkent,,
613,Robert Hubbard,18.0,Female,83.0,,Deannachester,,1970-03-05 16:15:00,Data Science,106.0,active,,average,236.0,,"Port Charlene 26-kv, dom 20, Tashkent","{'hobbies': ['environmental', 'create'], 'skills': {'tech': {'python': 1, 'excel': 5, 'sql': 4}, 'soft': ['American', 'range']}, 'family': {'siblings': 5, 'income': {'father': 743, 'mother': 1191}}, 'devices': [{'type': 'laptop', 'brand': 'HP', 'year': 2019}, {'type': 'phone', 'brand': 'Apple', 'year': 2020}]}","['environmental', 'create']","[{'type': 'laptop', 'brand': 'HP', 'year': 2019}, {'type': 'phone', 'brand': 'Apple', 'year': 2020}]",1.0,5.0,4.0,"['American', 'range']",5.0,743.0,1191.0,Tashkent,,
614,,22.0,Female,62.0,,South Christian,,,Data Science,,inactive,3.7,excellent,297.0,,"Billyland 10-kv, dom 4, Tashkent","{'hobbies': ['good', 'garden'], 'skills': {'tech': {'python': 5, 'excel': 4, 'sql': 5}, 'soft': ['check', 'rise']}, 'family': {'siblings': 4, 'income': {'father': 694, 'mother': 1296}}, 'devices': [{'type': 'laptop', 'brand': 'Lenovo', 'year': 2018}, {'type': 'phone', 'brand': 'Xiaomi', 'year': 2018}]}","['good', 'garden']","[{'type': 'laptop', 'brand': 'Lenovo', 'year': 2018}, {'type': 'phone', 'brand': 'Xiaomi', 'year': 2018}]",5.0,4.0,5.0,"['check', 'rise']",4.0,694.0,1296.0,Tashkent,,
615,Michelle Chambers,20.0,Female,50.0,,Port Kevinfort,,2014-08-26 22:13:00,Data Science,108.0,pending,-2.0,good,62.0,1973-09-24 00:00:00,UZ 100049 Tashkent Cherylport,"{hobbies:['college', 'public']}",,,,,,,,,,Tashkent,,100049
616,,18.0,Female,90.0,+998289555777,Kimberlyborough,,,Data Science,,active,-2.0,good,125.0,2024-02-05 00:00:00,"08930 Benjamin Lane, North Jade","{'hobbies': ['above', 'summer'], 'skills': {'tech': {'python': 3, 'excel': 2, 'sql': 3}, 'soft': ['bag', 'team']}, 'family': {'siblings': 1, 'income': {'father': 1340, 'mother': 708}}, 'devices': [{'type': 'laptop', 'brand': 'Dell', 'year': 2018}, {'type': 'phone', 'brand': 'Samsung', 'year': 2021}]}","['above', 'summer']","[{'type': 'laptop', 'brand': 'Dell', 'year': 2018}, {'type': 'phone', 'brand': 'Samsung', 'year': 2021}]",3.0,2.0,3.0,"['bag', 'team']",1.0,1340.0,708.0,Other,,
617,Erica Ayala,20.0,Male,63.0,+998806296377,Barkerfurt,,2019-04-18 02:11:00,Data Science,111.0,pending,15.5,,195.0,2008-08-01 14:33:00,"BROKEN,ADDRESS,DATA,,,","{'hobbies': ['investment', 'affect'], 'skills': {'tech': {'python': 5, 'excel': 3, 'sql': 3}, 'soft': ['environment', 'marriage']}, 'family': {'siblings': 5, 'income': {'father': 725, 'mother': 1271}}, 'devices': [{'type': 'laptop', 'brand': 'HP', 'year': 2024}, {'type': 'phone', 'brand': 'Xiaomi', 'year': 2022}]}","['investment', 'affect']","[{'type': 'laptop', 'brand': 'HP', 'year': 2024}, {'type': 'phone', 'brand': 'Xiaomi', 'year': 2022}]",5.0,3.0,3.0,"['environment', 'marriage']",5.0,725.0,1271.0,,,
618,,18.0,Unknown,90.0,+998807089777,West Robinport,,2017-05-17 00:00:00,Data Science,97.0,active,15.5,average,293.0,1991-04-28 00:00:00,UZ 100277 Tashkent Lake Eric,"{hobbies:['or', 'act']}",,,,,,,,,,Tashkent,,100277
619,,22.0,Unknown,86.0,,East Debrabury,,2018-11-28 00:00:00,Other,89.0,active,15.5,excellent,54.0,2023-04-16 13:30:00,"BROKEN,ADDRESS,DATA,,,","{'hobbies': ['almost', 'situation'], 'skills': {'tech': {'python': 3, 'excel': 3, 'sql': 4}, 'soft': ['executive', 'just']}, 'family': {'siblings': 4, 'income': {'father': 301, 'mother': 1272}}, 'devices': [{'type': 'laptop', 'brand': 'Dell', 'year': 2016}, {'type': 'phone', 'brand': 'Xiaomi', 'year': 2023}]}","['almost', 'situation']","[{'type': 'laptop', 'brand': 'Dell', 'year': 2016}, {'type': 'phone', 'brand': 'Xiaomi', 'year': 2023}]",3.0,3.0,4.0,"['executive', 'just']",4.0,301.0,1272.0,,,
620,Leslie Owens,20.0,Female,,,West Crystal,,1991-11-19 17:07:00,Data Science,74.0,pending,0.0,good,224.0,2003-11-19 00:00:00,UZ 100564 Tashkent Stephaniemouth,"{'hobbies': ['father', 'anything'], 'skills': {'tech': {'python': 1, 'excel': 1, 'sql': 3}, 'soft': ['fight', 'become']}, 'family': {'siblings': 0, 'income': {'father': 802, 'mother': 936}}, 'devices': [{'type': 'laptop', 'brand': 'Dell', 'year': 2021}, {'type': 'phone', 'brand': 'Xiaomi', 'year': 2023}]}","['father', 'anything']","[{'type': 'laptop', 'brand': 'Dell', 'year': 2021}, {'type': 'phone', 'brand': 'Xiaomi', 'year': 2023}]",1.0,1.0,3.0,"['fight', 'become']",0.0,802.0,936.0,Tashkent,,100564
621,,,Male,90.0,+998456549722,Debraburgh,,1995-05-13 00:00:00,Other,107.0,inactive,0.0,excellent,263.0,,"South Carlaville 30-kv, dom 42, Tashkent",INVALID_JSON_DATA,,,,,,,,,,Tashkent,,
622,,20.0,Female,,+998119297938,Port Melinda,,1990-10-06 00:00:00,Data Science,,active,3.7,excellent,130.0,1993-04-16 00:00:00,"064 Flowers Via Suite 056, New Michael","{hobbies:['what', 'soldier']}",,,,,,,,,,Other,,
623,,18.0,Female,,+998983503851,North Adamton,,1982-09-10 00:00:00,Other,,active,15.5,,130.0,,"54503 Weber Islands, West Jennifer","{""hobbies"": [""anyone"", ""whom""], ""skills"": {""tech"": {""python"": 4, ""excel"": 5, ""sql"": 3}, ""soft"": [""far"", ""phone""]}, ""family"": {""siblings"": 2, ""income"": {""father"": 1121, ""mother"": 1265}}, ""devices"": [{""type"": ""laptop"", ""brand"": ""HP"", ""year"": 2015}, {""type"": ""phone"", ""brand"": ""Samsung"", ""year"": 2018}]}","['anyone', 'whom']","[{'type': 'laptop', 'brand': 'HP', 'year': 2015}, {'type': 'phone', 'brand': 'Samsung', 'year': 2018}]",4.0,5.0,3.0,"['far', 'phone']",2.0,1121.0,1265.0,Other,,
624,,20.0,Female,67.0,+998291317348,West Anthony,djefferson@martinez.biz,,Data Science,,inactive,0.0,,200.0,,"BROKEN,ADDRESS,DATA,,,",INVALID_JSON_DATA,,,,,,,,,,,,
625,Mark Stewart,21.0,Unknown,66.0,,Rileyview,,2018-02-05 10:20:00,Other,110.0,inactive,-2.0,excellent,204.0,,"Apartment 50, Saraberg district, Tashkent, UZ, 100802","{'hobbies': ['under', 'participant'], 'skills': {'tech': {'python': 3, 'excel': 1, 'sql': 1}, 'soft': ['share', 'hear']}, 'family': {'siblings': 1, 'income': {'father': 262, 'mother': 1221}}, 'devices': [{'type': 'laptop', 'brand': 'Lenovo', 'year': 2022}, {'type': 'phone', 'brand': 'Samsung', 'year': 2020}]}","['under', 'participant']","[{'type': 'laptop', 'brand': 'Lenovo', 'year': 2022}, {'type': 'phone', 'brand': 'Samsung', 'year': 2020}]",3.0,1.0,1.0,"['share', 'hear']",1.0,262.0,1221.0,Tashkent,Saraberg,100802
626,Linda Jacobson,22.0,Unknown,,+998729087919,North Matthew,,1977-03-11 00:00:00,Other,,inactive,3.7,excellent,226.0,2020-02-02 04:13:11,"Apartment 36, Campbellshire district, Tashkent, UZ, 100191","{'hobbies': ['eight', 'mission'], 'skills': {'tech': {'python': 5, 'excel': 5, 'sql': 2}, 'soft': ['together', 'do']}, 'family': {'siblings': 3, 'income': {'father': 1088, 'mother': 759}}, 'devices': [{'type': 'laptop', 'brand': 'HP', 'year': 2018}, {'type': 'phone', 'brand': 'Samsung', 'year': 2023}]}","['eight', 'mission']","[{'type': 'laptop', 'brand': 'HP', 'year': 2018}, {'type': 'phone', 'brand': 'Samsung', 'year': 2023}]",5.0,5.0,2.0,"['together', 'do']",3.0,1088.0,759.0,Tashkent,Campbellshire,100191
627,Anthony Hill,19.0,Male,,,Richardsonton,,1979-01-27 05:19:50,Other,,inactive,15.5,excellent,126.0,1996-12-18 00:00:00,"BROKEN,ADDRESS,DATA,,,","{'hobbies': ['ground', 'rule'], 'skills': {'tech': {'python': 4, 'excel': 1, 'sql': 1}, 'soft': ['meet', 'describe']}, 'family': {'siblings': 1, 'income': {'father': 866, 'mother': 219}}, 'devices': [{'type': 'laptop', 'brand': 'HP', 'year': 2023}, {'type': 'phone', 'brand': 'Xiaomi', 'year': 2020}]}","['ground', 'rule']","[{'type': 'laptop', 'brand': 'HP', 'year': 2023}, {'type': 'phone', 'brand': 'Xiaomi', 'year': 2020}]",4.0,1.0,1.0,"['meet', 'describe']",1.0,866.0,219.0,,,
628,Ruben Howard,,Female,,+998489146070,Lake Bruce,,2005-08-30 00:00:00,Data Science,110.0,active,0.0,good,116.0,1976-12-25 00:00:00,"842 Robinson Neck Suite 458, Lewisville","{hobbies:['whatever', 'century']}",,,,,,,,,,Other,,
629,Eddie Miranda,21.0,Male,90.0,+998715872126,Port Kimberly,,1976-02-12 00:00:00,Other,,active,3.87,excellent,181.0,2001-06-01 00:00:00,"580 Sean Walk, South Saraview","{""hobbies"": [""term"", ""face""], ""skills"": {""tech"": {""python"": 3, ""excel"": 1, ""sql"": 4}, ""soft"": [""night"", ""red""]}, ""family"": {""siblings"": 4, ""income"": {""father"": 762, ""mother"": 618}}, ""devices"": [{""type"": ""laptop"", ""brand"": ""HP"", ""year"": 2018}, {""type"": ""phone"", ""brand"": ""Xiaomi"", ""year"": 2018}]}","['term', 'face']","[{'type': 'laptop', 'brand': 'HP', 'year': 2018}, {'type': 'phone', 'brand': 'Xiaomi', 'year': 2018}]",3.0,1.0,4.0,"['night', 'red']",4.0,762.0,618.0,Other,,
630,,22.0,Female,65.0,+998547369013,Dustinmouth,,,Data Science,110.0,active,4.5,,262.0,1996-03-12 09:14:30,"Apartment 15, West Joseph district, Tashkent, UZ, 100817","{hobbies:['man', 'number']}",,,,,,,,,,Tashkent,West Joseph,100817
631,,19.0,Female,90.0,+998866293371,Patriciaport,kristencohen@brown.com,2008-10-17 01:49:29,Data Science,,pending,0.0,,214.0,,"New Raymondchester 21-kv, dom 12, Tashkent","{'hobbies': ['range', 'evidence'], 'skills': {'tech': {'python': 3, 'excel': 1, 'sql': 4}, 'soft': ['study', 'listen']}, 'family': {'siblings': 4, 'income': {'father': 480, 'mother': 454}}, 'devices': [{'type': 'laptop', 'brand': 'HP', 'year': 2018}, {'type': 'phone', 'brand': 'Xiaomi', 'year': 2018}]}","['range', 'evidence']","[{'type': 'laptop', 'brand': 'HP', 'year': 2018}, {'type': 'phone', 'brand': 'Xiaomi', 'year': 2018}]",3.0,1.0,4.0,"['study', 'listen']",4.0,480.0,454.0,Tashkent,,
632,Michelle Price,20.0,Male,93.0,+998678113920,Lake Mistyside,,,Data Science,80.0,pending,1.39,excellent,187.0,2018-08-05 00:00:00,UZ 100591 Tashkent Bradleymouth,"{'hobbies': ['radio', 'arm'], 'skills': {'tech': {'python': 1, 'excel': 2, 'sql': 2}, 'soft': ['offer', 'hair']}, 'family': {'siblings': 0, 'income': {'father': 1476, 'mother': 1385}}, 'devices': [{'type': 'laptop', 'brand': 'HP', 'year': 2015}, {'type': 'phone', 'brand': 'Samsung', 'year': 2023}]}","['radio', 'arm']","[{'type': 'laptop', 'brand': 'HP', 'year': 2015}, {'type': 'phone', 'brand': 'Samsung', 'year': 2023}]",1.0,2.0,2.0,"['offer', 'hair']",0.0,1476.0,1385.0,Tashkent,,100591
633,,18.0,Female,72.0,+998287610274,Jackieville,,1981-08-14 20:59:00,Data Science,83.0,active,15.5,excellent,164.0,1981-09-17 00:00:00,"Apartment 36, Hoffmanbury district, Tashkent, UZ, 100441","{""hobbies"": [""shoulder"", ""option""], ""skills"": {""tech"": {""python"": 4, ""excel"": 4, ""sql"": 5}, ""soft"": [""machine"", ""use""]}, ""family"": {""siblings"": 5, ""income"": {""father"": 1141, ""mother"": 431}}, ""devices"": [{""type"": ""laptop"", ""brand"": ""HP"", ""year"": 2024}, {""type"": ""phone"", ""brand"": ""Xiaomi"", ""year"": 2021}]}","['shoulder', 'option']","[{'type': 'laptop', 'brand': 'HP', 'year': 2024}, {'type': 'phone', 'brand': 'Xiaomi', 'year': 2021}]",4.0,4.0,5.0,"['machine', 'use']",5.0,1141.0,431.0,Tashkent,Hoffmanbury,100441
634,Jeffrey Greene,,Unknown,90.0,+998295068162,Lake Brianport,,2004-08-16 17:18:00,Data Science,,active,4.05,excellent,187.0,1984-12-23 17:20:00,"BROKEN,ADDRESS,DATA,,,",INVALID_JSON_DATA,,,,,,,,,,,,
635,,21.0,Female,100.0,+998804356016,Lake Joshua,jacobsrandy@collins-harrison.biz,1993-07-04 16:36:32,Data Science,,pending,4.5,good,294.0,,UZ 100086 Tashkent Teresafort,INVALID_JSON_DATA,,,,,,,,,,Tashkent,,100086
636,,19.0,Female,72.0,,Allenfort,,1984-12-25 00:00:00,Data Science,88.0,active,,excellent,252.0,1981-12-19 00:00:00,UZ 100295 Tashkent Lake Cassandraburgh,"{""hobbies"": [""yeah"", ""poor""], ""skills"": {""tech"": {""python"": 1, ""excel"": 5, ""sql"": 1}, ""soft"": [""everybody"", ""easy""]}, ""family"": {""siblings"": 5, ""income"": {""father"": 1144, ""mother"": 1098}}, ""devices"": [{""type"": ""laptop"", ""brand"": ""HP"", ""year"": 2023}, {""type"": ""phone"", ""brand"": ""Xiaomi"", ""year"": 2024}]}","['yeah', 'poor']","[{'type': 'laptop', 'brand': 'HP', 'year': 2023}, {'type': 'phone', 'brand': 'Xiaomi', 'year': 2024}]",1.0,5.0,1.0,"['everybody', 'easy']",5.0,1144.0,1098.0,Tashkent,,100295
637,Melissa Floyd,18.0,Female,90.0,+998285907104,Jamestown,,2012-03-24 00:00:00,Python,110.0,active,0.0,,112.0,1991-09-11 00:00:00,UZ 100152 Tashkent Michaelshire,"{hobbies:['poor', 'common']}",,,,,,,,,,Tashkent,,100152
638,,20.0,Female,,+998789164534,Coopermouth,,1991-11-18 09:44:08,Data Science,,pending,,excellent,230.0,1984-06-21 00:00:00,"BROKEN,ADDRESS,DATA,,,","{hobbies:['computer', 'during']}",,,,,,,,,,,,
639,,22.0,Male,56.0,+998730572197,Monroeview,,1998-06-17 00:00:00,Data Science,110.0,inactive,3.38,excellent,235.0,2004-02-27 00:00:00,UZ 100501 Tashkent South Robert,"{""hobbies"": [""defense"", ""firm""], ""skills"": {""tech"": {""python"": 4, ""excel"": 3, ""sql"": 1}, ""soft"": [""capital"", ""contain""]}, ""family"": {""siblings"": 1, ""income"": {""father"": 1005, ""mother"": 453}}, ""devices"": [{""type"": ""laptop"", ""brand"": ""Lenovo"", ""year"": 2020}, {""type"": ""phone"", ""brand"": ""Apple"", ""year"": 2020}]}","['defense', 'firm']","[{'type': 'laptop', 'brand': 'Lenovo', 'year': 2020}, {'type': 'phone', 'brand': 'Apple', 'year': 2020}]",4.0,3.0,1.0,"['capital', 'contain']",1.0,1005.0,453.0,Tashkent,,100501
640,,21.0,Unknown,90.0,,New Amandastad,,,Other,,inactive,15.5,average,121.0,1991-05-03 00:00:00,"BROKEN,ADDRESS,DATA,,,","{hobbies:['big', 'home']}",,,,,,,,,,,,
641,,20.0,Female,89.0,+998588638436,Lucasstad,,2011-08-29 00:00:00,Other,,inactive,,,165.0,2004-07-07 00:00:00,"39572 Sparks Ville, Smithfort","{hobbies:['nice', 'indeed']}",,,,,,,,,,Other,,
642,Kristen Wu,20.0,Male,90.0,+998214696871,Port Timothy,,2022-01-05 00:00:00,Data Science,110.0,inactive,15.5,excellent,279.0,1988-07-02 00:00:00,"Apartment 23, Jayport district, Tashkent, UZ, 100728","{hobbies:['mean', 'sign']}",,,,,,,,,,Tashkent,Jayport,100728
643,,20.0,Female,90.0,,West Ryan,,2010-07-21 00:00:00,Data Science,97.0,pending,4.5,good,223.0,1986-05-28 00:00:00,"011 Clark Stravenue Apt. 882, Port Ericborough","{""hobbies"": [""prove"", ""rest""], ""skills"": {""tech"": {""python"": 5, ""excel"": 3, ""sql"": 2}, ""soft"": [""carry"", ""cover""]}, ""family"": {""siblings"": 3, ""income"": {""father"": 580, ""mother"": 929}}, ""devices"": [{""type"": ""laptop"", ""brand"": ""Lenovo"", ""year"": 2017}, {""type"": ""phone"", ""brand"": ""Xiaomi"", ""year"": 2021}]}","['prove', 'rest']","[{'type': 'laptop', 'brand': 'Lenovo', 'year': 2017}, {'type': 'phone', 'brand': 'Xiaomi', 'year': 2021}]",5.0,3.0,2.0,"['carry', 'cover']",3.0,580.0,929.0,Other,,
644,,,Female,52.0,+998342821013,East Angelabury,,1977-10-13 00:00:00,Other,84.0,inactive,3.7,,212.0,2025-01-03 02:54:30,"Apartment 5, Irwinport district, Tashkent, UZ, 100581","{'hobbies': ['plan', 'hotel'], 'skills': {'tech': {'python': 4, 'excel': 1, 'sql': 2}, 'soft': ['whose', 'glass']}, 'family': {'siblings': 1, 'income': {'father': 1063, 'mother': 604}}, 'devices': [{'type': 'laptop', 'brand': 'Lenovo', 'year': 2023}, {'type': 'phone', 'brand': 'Samsung', 'year': 2020}]}","['plan', 'hotel']","[{'type': 'laptop', 'brand': 'Lenovo', 'year': 2023}, {'type': 'phone', 'brand': 'Samsung', 'year': 2020}]",4.0,1.0,2.0,"['whose', 'glass']",1.0,1063.0,604.0,Tashkent,Irwinport,100581
645,Michael Richardson,20.0,Male,90.0,,Carsonbury,,,Python,95.0,pending,4.5,,247.0,2016-09-01 00:00:00,"Apartment 41, North Benjamin district, Tashkent, UZ, 100898","{'hobbies': ['call', 'low'], 'skills': {'tech': {'python': 5, 'excel': 2, 'sql': 3}, 'soft': ['scientist', 'subject']}, 'family': {'siblings': 2, 'income': {'father': 944, 'mother': 291}}, 'devices': [{'type': 'laptop', 'brand': 'HP', 'year': 2023}, {'type': 'phone', 'brand': 'Samsung', 'year': 2022}]}","['call', 'low']","[{'type': 'laptop', 'brand': 'HP', 'year': 2023}, {'type': 'phone', 'brand': 'Samsung', 'year': 2022}]",5.0,2.0,3.0,"['scientist', 'subject']",2.0,944.0,291.0,Tashkent,North Benjamin,100898
646,Karen Miller,18.0,Female,78.0,+998071242803,New Anthonyberg,,1991-06-04 21:05:42,Python,89.0,inactive,3.7,,66.0,1992-12-12 00:00:00,"Apartment 12, East Christopher district, Tashkent, UZ, 100491",INVALID_JSON_DATA,,,,,,,,,,Tashkent,East Christopher,100491
647,Meagan Benton,19.0,Female,61.0,,West Edward,nathanortiz@stein.com,1985-11-20 05:11:00,Data Science,115.0,active,,excellent,299.0,2001-10-07 00:00:00,UZ 100647 Tashkent Fordton,INVALID_JSON_DATA,,,,,,,,,,Tashkent,,100647
648,Michelle Turner,20.0,Male,90.0,,Port Bethanyton,,,Other,110.0,inactive,3.7,average,84.0,,"Lake James 13-kv, dom 2, Tashkent","{""hobbies"": [""force"", ""as""], ""skills"": {""tech"": {""python"": 5, ""excel"": 2, ""sql"": 4}, ""soft"": [""store"", ""artist""]}, ""family"": {""siblings"": 5, ""income"": {""father"": 1332, ""mother"": 579}}, ""devices"": [{""type"": ""laptop"", ""brand"": ""HP"", ""year"": 2020}, {""type"": ""phone"", ""brand"": ""Samsung"", ""year"": 2020}]}","['force', 'as']","[{'type': 'laptop', 'brand': 'HP', 'year': 2020}, {'type': 'phone', 'brand': 'Samsung', 'year': 2020}]",5.0,2.0,4.0,"['store', 'artist']",5.0,1332.0,579.0,Tashkent,,
649,,21.0,Unknown,,+998141352854,West Eric,,2016-03-19 00:00:00,Python,112.0,pending,3.7,excellent,61.0,2021-03-21 00:00:00,"Apartment 22, Thomasborough district, Tashkent, UZ, 100030","{hobbies:['close', 'lawyer']}",,,,,,,,,,Tashkent,Thomasborough,100030
650,Janice Sutton,18.0,Unknown,,,Carterton,,1974-02-08 00:00:00,Other,64.0,pending,3.7,average,284.0,1986-01-21 06:47:27,"BROKEN,ADDRESS,DATA,,,",INVALID_JSON_DATA,,,,,,,,,,,,
651,Ryan Wilson,18.0,Female,65.0,+998414814742,Michaelport,jacksonvictoria@mullins-fuller.net,2007-04-29 09:49:00,Data Science,98.0,active,2.23,excellent,183.0,1998-01-14 00:00:00,UZ 100519 Tashkent Rodneytown,"{'hobbies': ['recently', 'catch'], 'skills': {'tech': {'python': 3, 'excel': 5, 'sql': 1}, 'soft': ['night', 'none']}, 'family': {'siblings': 3, 'income': {'father': 310, 'mother': 480}}, 'devices': [{'type': 'laptop', 'brand': 'Dell', 'year': 2016}, {'type': 'phone', 'brand': 'Xiaomi', 'year': 2024}]}","['recently', 'catch']","[{'type': 'laptop', 'brand': 'Dell', 'year': 2016}, {'type': 'phone', 'brand': 'Xiaomi', 'year': 2024}]",3.0,5.0,1.0,"['night', 'none']",3.0,310.0,480.0,Tashkent,,100519
652,,18.0,Female,90.0,,Danatown,,1978-02-18 21:56:00,Other,,inactive,0.0,excellent,131.0,,UZ 100805 Tashkent Cabreraberg,"{hobbies:['ball', 'himself']}",,,,,,,,,,Tashkent,,100805
653,Melissa Moore DDS,20.0,Male,84.0,+998493087722,South Johnton,,1995-11-06 00:00:00,Python,,pending,1.3,excellent,135.0,2003-05-19 00:00:00,"Apartment 17, West Gregoryburgh district, Tashkent, UZ, 100707",INVALID_JSON_DATA,,,,,,,,,,Tashkent,West Gregoryburgh,100707
654,Tina Brown,20.0,Female,,,Ginafort,,1975-12-14 17:01:28,Python,120.0,pending,,excellent,225.0,2019-03-28 00:00:00,"West Jameschester 12-kv, dom 34, Tashkent","{hobbies:['commercial', 'person']}",,,,,,,,,,Tashkent,,
655,,21.0,Female,94.0,,Grayborough,,2017-03-08 12:35:00,Data Science,,active,,good,292.0,2014-05-20 00:00:00,"BROKEN,ADDRESS,DATA,,,","{""hobbies"": [""television"", ""sport""], ""skills"": {""tech"": {""python"": 4, ""excel"": 2, ""sql"": 3}, ""soft"": [""security"", ""successful""]}, ""family"": {""siblings"": 2, ""income"": {""father"": 291, ""mother"": 982}}, ""devices"": [{""type"": ""laptop"", ""brand"": ""Dell"", ""year"": 2020}, {""type"": ""phone"", ""brand"": ""Apple"", ""year"": 2019}]}","['television', 'sport']","[{'type': 'laptop', 'brand': 'Dell', 'year': 2020}, {'type': 'phone', 'brand': 'Apple', 'year': 2019}]",4.0,2.0,3.0,"['security', 'successful']",2.0,291.0,982.0,,,
656,Brandon Gross,22.0,Female,79.0,+998305345966,Paulfort,nwong@yahoo.com,2017-03-23 15:50:00,Data Science,110.0,inactive,-2.0,,197.0,2007-10-15 00:59:49,"7610 Baker Glens Suite 376, Port Carol","{'hobbies': ['woman', 'human'], 'skills': {'tech': {'python': 2, 'excel': 2, 'sql': 4}, 'soft': ['power', 'read']}, 'family': {'siblings': 2, 'income': {'father': 1028, 'mother': 412}}, 'devices': [{'type': 'laptop', 'brand': 'Lenovo', 'year': 2022}, {'type': 'phone', 'brand': 'Apple', 'year': 2021}]}","['woman', 'human']","[{'type': 'laptop', 'brand': 'Lenovo', 'year': 2022}, {'type': 'phone', 'brand': 'Apple', 'year': 2021}]",2.0,2.0,4.0,"['power', 'read']",2.0,1028.0,412.0,Other,,
657,Eric Stewart,22.0,Male,74.0,,Williamsborough,,,Data Science,,active,-2.0,average,188.0,1993-10-20 00:00:00,"Shahburgh 22-kv, dom 42, Tashkent","{'hobbies': ['standard', 'attack'], 'skills': {'tech': {'python': 4, 'excel': 3, 'sql': 5}, 'soft': ['threat', 'this']}, 'family': {'siblings': 5, 'income': {'father': 1388, 'mother': 617}}, 'devices': [{'type': 'laptop', 'brand': 'Lenovo', 'year': 2019}, {'type': 'phone', 'brand': 'Xiaomi', 'year': 2023}]}","['standard', 'attack']","[{'type': 'laptop', 'brand': 'Lenovo', 'year': 2019}, {'type': 'phone', 'brand': 'Xiaomi', 'year': 2023}]",4.0,3.0,5.0,"['threat', 'this']",5.0,1388.0,617.0,Tashkent,,
658,Kaitlin Cobb,18.0,Female,90.0,+998281036799,Coxfort,,2015-07-06 00:00:00,Other,,inactive,-2.0,average,167.0,1992-04-28 00:24:00,"BROKEN,ADDRESS,DATA,,,","{""hobbies"": [""clear"", ""miss""], ""skills"": {""tech"": {""python"": 2, ""excel"": 1, ""sql"": 4}, ""soft"": [""accept"", ""article""]}, ""family"": {""siblings"": 3, ""income"": {""father"": 705, ""mother"": 1163}}, ""devices"": [{""type"": ""laptop"", ""brand"": ""HP"", ""year"": 2016}, {""type"": ""phone"", ""brand"": ""Xiaomi"", ""year"": 2024}]}","['clear', 'miss']","[{'type': 'laptop', 'brand': 'HP', 'year': 2016}, {'type': 'phone', 'brand': 'Xiaomi', 'year': 2024}]",2.0,1.0,4.0,"['accept', 'article']",3.0,705.0,1163.0,,,
659,Brittney Chapman,19.0,Female,60.0,,Nicholasbury,,2002-09-06 21:07:00,Data Science,110.0,active,15.5,,93.0,2010-09-18 03:12:00,UZ 100771 Tashkent South Janet,"{hobbies:['question', 'pattern']}",,,,,,,,,,Tashkent,,100771
660,,,Unknown,90.0,+998119699710,Christopherton,,2016-07-18 07:03:00,Data Science,,inactive,4.5,excellent,259.0,2009-06-16 00:00:00,"West Kari 8-kv, dom 5, Tashkent","{'hobbies': ['first', 'article'], 'skills': {'tech': {'python': 1, 'excel': 3, 'sql': 2}, 'soft': ['less', 'interview']}, 'family': {'siblings': 4, 'income': {'father': 202, 'mother': 1468}}, 'devices': [{'type': 'laptop', 'brand': 'Lenovo', 'year': 2023}, {'type': 'phone', 'brand': 'Samsung', 'year': 2019}]}","['first', 'article']","[{'type': 'laptop', 'brand': 'Lenovo', 'year': 2023}, {'type': 'phone', 'brand': 'Samsung', 'year': 2019}]",1.0,3.0,2.0,"['less', 'interview']",4.0,202.0,1468.0,Tashkent,,
661,Jennifer Chavez,21.0,Male,,,Rodriguezberg,,2016-10-16 13:13:41,Other,113.0,active,-2.0,excellent,160.0,2016-02-13 11:02:19,"BROKEN,ADDRESS,DATA,,,","{""hobbies"": [""president"", ""enter""], ""skills"": {""tech"": {""python"": 5, ""excel"": 2, ""sql"": 3}, ""soft"": [""Congress"", ""year""]}, ""family"": {""siblings"": 1, ""income"": {""father"": 1259, ""mother"": 1324}}, ""devices"": [{""type"": ""laptop"", ""brand"": ""HP"", ""year"": 2020}, {""type"": ""phone"", ""brand"": ""Apple"", ""year"": 2023}]}","['president', 'enter']","[{'type': 'laptop', 'brand': 'HP', 'year': 2020}, {'type': 'phone', 'brand': 'Apple', 'year': 2023}]",5.0,2.0,3.0,"['Congress', 'year']",1.0,1259.0,1324.0,,,
662,,20.0,Unknown,80.0,,Port Daniel,ageorge@gmail.com,2009-11-17 00:00:00,Python,110.0,active,,,73.0,1974-03-22 00:00:00,"Lake Christopherchester 3-kv, dom 9, Tashkent",INVALID_JSON_DATA,,,,,,,,,,Tashkent,,
663,Thomas Bailey,,Male,90.0,+998413476512,Melissachester,,2008-08-16 23:17:00,Other,110.0,inactive,,average,295.0,1975-08-14 18:49:44,UZ 100301 Tashkent West Jessefurt,"{'hobbies': ['build', 'break'], 'skills': {'tech': {'python': 1, 'excel': 1, 'sql': 2}, 'soft': ['suffer', 'meet']}, 'family': {'siblings': 0, 'income': {'father': 1290, 'mother': 1099}}, 'devices': [{'type': 'laptop', 'brand': 'Dell', 'year': 2023}, {'type': 'phone', 'brand': 'Apple', 'year': 2018}]}","['build', 'break']","[{'type': 'laptop', 'brand': 'Dell', 'year': 2023}, {'type': 'phone', 'brand': 'Apple', 'year': 2018}]",1.0,1.0,2.0,"['suffer', 'meet']",0.0,1290.0,1099.0,Tashkent,,100301
664,Joel Lam,18.0,Female,88.0,+998856995473,Lake Josephbury,,2008-05-13 00:00:00,Python,100.0,inactive,3.46,good,294.0,1984-10-21 00:00:00,"Apartment 4, Jordanton district, Tashkent, UZ, 100711","{'hobbies': ['line', 'can'], 'skills': {'tech': {'python': 3, 'excel': 2, 'sql': 5}, 'soft': ['talk', 'always']}, 'family': {'siblings': 2, 'income': {'father': 1167, 'mother': 863}}, 'devices': [{'type': 'laptop', 'brand': 'Dell', 'year': 2019}, {'type': 'phone', 'brand': 'Samsung', 'year': 2018}]}","['line', 'can']","[{'type': 'laptop', 'brand': 'Dell', 'year': 2019}, {'type': 'phone', 'brand': 'Samsung', 'year': 2018}]",3.0,2.0,5.0,"['talk', 'always']",2.0,1167.0,863.0,Tashkent,Jordanton,100711
665,,18.0,Female,73.0,+998619055823,New Wendyville,,2021-07-30 04:25:00,Python,,inactive,3.93,excellent,257.0,1991-06-23 18:14:56,"Apartment 35, North Davidburgh district, Tashkent, UZ, 100920","{""hobbies"": [""take"", ""group""], ""skills"": {""tech"": {""python"": 4, ""excel"": 2, ""sql"": 4}, ""soft"": [""no"", ""kitchen""]}, ""family"": {""siblings"": 4, ""income"": {""father"": 502, ""mother"": 570}}, ""devices"": [{""type"": ""laptop"", ""brand"": ""HP"", ""year"": 2020}, {""type"": ""phone"", ""brand"": ""Apple"", ""year"": 2024}]}","['take', 'group']","[{'type': 'laptop', 'brand': 'HP', 'year': 2020}, {'type': 'phone', 'brand': 'Apple', 'year': 2024}]",4.0,2.0,4.0,"['no', 'kitchen']",4.0,502.0,570.0,Tashkent,North Davidburgh,100920
666,,18.0,Male,60.0,+998450024191,Johnsonburgh,,2002-08-19 19:18:47,Other,,inactive,,excellent,112.0,2008-07-19 03:02:43,"BROKEN,ADDRESS,DATA,,,","{hobbies:['as', 'court']}",,,,,,,,,,,,
667,Joshua Wiley,20.0,Female,70.0,,New Michael,,2025-03-01 23:37:41,Data Science,110.0,inactive,2.35,,157.0,,UZ 100944 Tashkent Paulburgh,"{hobbies:['return', 'will']}",,,,,,,,,,Tashkent,,100944
668,,20.0,Unknown,90.0,,South Ryan,villarrealronald@rogers.com,1998-04-23 03:06:42,Data Science,110.0,active,15.5,good,247.0,2023-12-26 00:00:00,"Apartment 42, Christieville district, Tashkent, UZ, 100696","{'hobbies': ['third', 'out'], 'skills': {'tech': {'python': 5, 'excel': 3, 'sql': 5}, 'soft': ['discussion', 'democratic']}, 'family': {'siblings': 3, 'income': {'father': 1022, 'mother': 295}}, 'devices': [{'type': 'laptop', 'brand': 'Dell', 'year': 2023}, {'type': 'phone', 'brand': 'Samsung', 'year': 2024}]}","['third', 'out']","[{'type': 'laptop', 'brand': 'Dell', 'year': 2023}, {'type': 'phone', 'brand': 'Samsung', 'year': 2024}]",5.0,3.0,5.0,"['discussion', 'democratic']",3.0,1022.0,295.0,Tashkent,Christieville,100696
669,Andrea Thomas,,Female,90.0,+998775355925,Kennethland,,1982-07-22 00:00:00,Data Science,80.0,inactive,4.5,excellent,58.0,1994-02-20 00:00:00,UZ 100474 Tashkent Jasonhaven,"{'hobbies': ['live', 'arrive'], 'skills': {'tech': {'python': 5, 'excel': 5, 'sql': 4}, 'soft': ['soldier', 'skin']}, 'family': {'siblings': 1, 'income': {'father': 324, 'mother': 909}}, 'devices': [{'type': 'laptop', 'brand': 'Lenovo', 'year': 2022}, {'type': 'phone', 'brand': 'Samsung', 'year': 2018}]}","['live', 'arrive']","[{'type': 'laptop', 'brand': 'Lenovo', 'year': 2022}, {'type': 'phone', 'brand': 'Samsung', 'year': 2018}]",5.0,5.0,4.0,"['soldier', 'skin']",1.0,324.0,909.0,Tashkent,,100474
670,,18.0,Male,90.0,,West Kimberly,,,Other,,active,3.87,good,61.0,1996-06-19 00:00:00,"Apartment 28, North Lauraville district, Tashkent, UZ, 100298","{hobbies:['conference', 'interest']}",,,,,,,,,,Tashkent,North Lauraville,100298
671,,,Male,91.0,+998815921677,Lake Susan,frazieramber@gmail.com,2003-10-04 09:49:55,Data Science,,inactive,15.5,excellent,270.0,1996-07-03 00:00:00,"Apartment 32, West Angela district, Tashkent, UZ, 100459","{hobbies:['myself', 'wall']}",,,,,,,,,,Tashkent,West Angela,100459
672,Frank Ward,,Female,90.0,,West Erikamouth,rowevalerie@gmail.com,2006-07-04 04:24:18,Data Science,110.0,pending,15.5,excellent,84.0,2014-05-16 00:00:00,UZ 100098 Tashkent North Tammy,"{""hobbies"": [""rise"", ""instead""], ""skills"": {""tech"": {""python"": 1, ""excel"": 4, ""sql"": 5}, ""soft"": [""miss"", ""operation""]}, ""family"": {""siblings"": 2, ""income"": {""father"": 520, ""mother"": 1164}}, ""devices"": [{""type"": ""laptop"", ""brand"": ""HP"", ""year"": 2023}, {""type"": ""phone"", ""brand"": ""Samsung"", ""year"": 2018}]}","['rise', 'instead']","[{'type': 'laptop', 'brand': 'HP', 'year': 2023}, {'type': 'phone', 'brand': 'Samsung', 'year': 2018}]",1.0,4.0,5.0,"['miss', 'operation']",2.0,520.0,1164.0,Tashkent,,100098
673,Caitlin Brown,20.0,Female,90.0,+998840217757,East Jasmineborough,,2018-12-21 00:00:00,Data Science,,active,0.0,excellent,297.0,2019-01-13 00:00:00,UZ 100047 Tashkent Ruiztown,"{hobbies:['table', 'up']}",,,,,,,,,,Tashkent,,100047
674,Aaron Reynolds,18.0,Female,93.0,+998665415025,Johnshire,,1980-09-11 02:22:00,Data Science,,active,,good,56.0,2017-10-19 02:05:43,UZ 100463 Tashkent Allenberg,INVALID_JSON_DATA,,,,,,,,,,Tashkent,,100463
675,,20.0,Female,68.0,+998650218168,Vanessaburgh,rjohnson@gmail.com,2017-06-13 00:55:00,Data Science,92.0,pending,-2.0,excellent,181.0,1982-03-23 00:00:00,"BROKEN,ADDRESS,DATA,,,","{'hobbies': ['bed', 'address'], 'skills': {'tech': {'python': 2, 'excel': 2, 'sql': 3}, 'soft': ['health', 'production']}, 'family': {'siblings': 5, 'income': {'father': 1449, 'mother': 792}}, 'devices': [{'type': 'laptop', 'brand': 'Dell', 'year': 2020}, {'type': 'phone', 'brand': 'Samsung', 'year': 2022}]}","['bed', 'address']","[{'type': 'laptop', 'brand': 'Dell', 'year': 2020}, {'type': 'phone', 'brand': 'Samsung', 'year': 2022}]",2.0,2.0,3.0,"['health', 'production']",5.0,1449.0,792.0,,,
676,Keith Marshall,18.0,Male,,+998021482218,Lake Ricardo,,,Data Science,110.0,inactive,0.0,excellent,245.0,2022-03-22 00:00:00,"BROKEN,ADDRESS,DATA,,,","{'hobbies': ['security', 'artist'], 'skills': {'tech': {'python': 4, 'excel': 5, 'sql': 1}, 'soft': ['smile', 'area']}, 'family': {'siblings': 3, 'income': {'father': 971, 'mother': 544}}, 'devices': [{'type': 'laptop', 'brand': 'Dell', 'year': 2018}, {'type': 'phone', 'brand': 'Xiaomi', 'year': 2019}]}","['security', 'artist']","[{'type': 'laptop', 'brand': 'Dell', 'year': 2018}, {'type': 'phone', 'brand': 'Xiaomi', 'year': 2019}]",4.0,5.0,1.0,"['smile', 'area']",3.0,971.0,544.0,,,
677,Christopher Griffin,22.0,Male,90.0,,New Jessicaburgh,danielsbrent@gmail.com,1995-11-27 18:10:00,Data Science,70.0,active,-2.0,excellent,227.0,1979-01-17 00:00:00,UZ 100395 Tashkent Lake Andre,"{'hobbies': ['seven', 'or'], 'skills': {'tech': {'python': 2, 'excel': 4, 'sql': 2}, 'soft': ['since', 'Mr']}, 'family': {'siblings': 2, 'income': {'father': 522, 'mother': 1281}}, 'devices': [{'type': 'laptop', 'brand': 'HP', 'year': 2024}, {'type': 'phone', 'brand': 'Samsung', 'year': 2018}]}","['seven', 'or']","[{'type': 'laptop', 'brand': 'HP', 'year': 2024}, {'type': 'phone', 'brand': 'Samsung', 'year': 2018}]",2.0,4.0,2.0,"['since', 'Mr']",2.0,522.0,1281.0,Tashkent,,100395
678,Amanda Johnson,18.0,Female,,,Lake Lindsayport,,2015-08-10 00:00:00,Other,,pending,4.5,excellent,259.0,2005-12-04 19:31:13,UZ 100414 Tashkent Andreafort,"{'hobbies': ['need', 'when'], 'skills': {'tech': {'python': 5, 'excel': 1, 'sql': 2}, 'soft': ['partner', 'notice']}, 'family': {'siblings': 2, 'income': {'father': 1056, 'mother': 1402}}, 'devices': [{'type': 'laptop', 'brand': 'HP', 'year': 2024}, {'type': 'phone', 'brand': 'Apple', 'year': 2024}]}","['need', 'when']","[{'type': 'laptop', 'brand': 'HP', 'year': 2024}, {'type': 'phone', 'brand': 'Apple', 'year': 2024}]",5.0,1.0,2.0,"['partner', 'notice']",2.0,1056.0,1402.0,Tashkent,,100414
679,Gary Munoz,18.0,Female,90.0,+998665141194,Port Michaelton,,1977-02-25 00:00:00,Data Science,110.0,inactive,,average,293.0,1986-05-21 00:00:00,UZ 100733 Tashkent North Davidberg,"{hobbies:['smile', 'price']}",,,,,,,,,,Tashkent,,100733
680,Tammy Haynes,18.0,Female,,+998775166954,South Elizabethborough,,2017-11-03 05:12:00,Data Science,110.0,pending,15.5,excellent,262.0,1975-02-03 00:00:00,"2547 Brandon Points Suite 778, Ricetown","{hobbies:['and', 'idea']}",,,,,,,,,,Other,,
681,Jennifer Hanson,18.0,Male,90.0,,Williamsport,,2020-09-27 00:00:00,Other,110.0,active,-2.0,average,188.0,1976-04-19 00:09:16,"New Whitney 5-kv, dom 24, Tashkent",INVALID_JSON_DATA,,,,,,,,,,Tashkent,,
682,Steven Rodriguez,20.0,Female,73.0,+998703425040,Donnaview,,,Python,110.0,active,3.89,excellent,260.0,,UZ 100158 Tashkent North Toddfurt,"{'hobbies': ['no', 'score'], 'skills': {'tech': {'python': 5, 'excel': 3, 'sql': 3}, 'soft': ['staff', 'beat']}, 'family': {'siblings': 5, 'income': {'father': 900, 'mother': 729}}, 'devices': [{'type': 'laptop', 'brand': 'Dell', 'year': 2018}, {'type': 'phone', 'brand': 'Samsung', 'year': 2022}]}","['no', 'score']","[{'type': 'laptop', 'brand': 'Dell', 'year': 2018}, {'type': 'phone', 'brand': 'Samsung', 'year': 2022}]",5.0,3.0,3.0,"['staff', 'beat']",5.0,900.0,729.0,Tashkent,,100158
683,Joseph Ruiz,21.0,Unknown,,+998323764962,Davidfort,stoutpaul@yahoo.com,1993-02-12 13:30:00,Other,91.0,inactive,-2.0,excellent,158.0,2014-05-24 00:00:00,"BROKEN,ADDRESS,DATA,,,","{'hobbies': ['couple', 'grow'], 'skills': {'tech': {'python': 2, 'excel': 5, 'sql': 2}, 'soft': ['surface', 'control']}, 'family': {'siblings': 5, 'income': {'father': 995, 'mother': 458}}, 'devices': [{'type': 'laptop', 'brand': 'Lenovo', 'year': 2020}, {'type': 'phone', 'brand': 'Xiaomi', 'year': 2022}]}","['couple', 'grow']","[{'type': 'laptop', 'brand': 'Lenovo', 'year': 2020}, {'type': 'phone', 'brand': 'Xiaomi', 'year': 2022}]",2.0,5.0,2.0,"['surface', 'control']",5.0,995.0,458.0,,,
684,,22.0,Male,85.0,+998646890569,Clairestad,,2018-07-10 00:00:00,Data Science,110.0,active,,average,162.0,1989-05-13 00:00:00,UZ 100137 Tashkent Gloverborough,INVALID_JSON_DATA,,,,,,,,,,Tashkent,,100137
685,Scott Vazquez,18.0,Female,90.0,+998358938079,North Rachelville,xkelley@gmail.com,,Data Science,,inactive,4.5,excellent,260.0,2010-02-28 00:00:00,"840 Mcdaniel Route Suite 183, Joshuatown","{""hobbies"": [""hospital"", ""address""], ""skills"": {""tech"": {""python"": 1, ""excel"": 4, ""sql"": 3}, ""soft"": [""religious"", ""when""]}, ""family"": {""siblings"": 2, ""income"": {""father"": 1436, ""mother"": 1024}}, ""devices"": [{""type"": ""laptop"", ""brand"": ""HP"", ""year"": 2020}, {""type"": ""phone"", ""brand"": ""Apple"", ""year"": 2024}]}","['hospital', 'address']","[{'type': 'laptop', 'brand': 'HP', 'year': 2020}, {'type': 'phone', 'brand': 'Apple', 'year': 2024}]",1.0,4.0,3.0,"['religious', 'when']",2.0,1436.0,1024.0,Other,,
686,Christina Small MD,20.0,Unknown,66.0,+998748314110,Port Juliaport,,1976-03-07 00:00:00,Python,,pending,-2.0,average,177.0,,UZ 100787 Tashkent Carneyview,INVALID_JSON_DATA,,,,,,,,,,Tashkent,,100787
687,Sarah Brown,20.0,Unknown,90.0,+998760518069,Robertsville,,2014-05-14 23:46:13,Data Science,,active,3.7,average,165.0,2008-09-17 20:10:00,UZ 100811 Tashkent Johnnyton,"{""hobbies"": [""who"", ""player""], ""skills"": {""tech"": {""python"": 4, ""excel"": 1, ""sql"": 2}, ""soft"": [""throw"", ""central""]}, ""family"": {""siblings"": 2, ""income"": {""father"": 1136, ""mother"": 925}}, ""devices"": [{""type"": ""laptop"", ""brand"": ""HP"", ""year"": 2015}, {""type"": ""phone"", ""brand"": ""Samsung"", ""year"": 2022}]}","['who', 'player']","[{'type': 'laptop', 'brand': 'HP', 'year': 2015}, {'type': 'phone', 'brand': 'Samsung', 'year': 2022}]",4.0,1.0,2.0,"['throw', 'central']",2.0,1136.0,925.0,Tashkent,,100811
688,Samuel Garcia,18.0,Female,52.0,+998100875148,Gonzalezfurt,andrew67@hotmail.com,2019-02-14 00:00:00,Data Science,115.0,inactive,15.5,average,177.0,2017-05-26 00:00:00,UZ 100532 Tashkent Kevintown,"{'hobbies': ['rich', 'road'], 'skills': {'tech': {'python': 2, 'excel': 2, 'sql': 3}, 'soft': ['find', 'grow']}, 'family': {'siblings': 5, 'income': {'father': 269, 'mother': 897}}, 'devices': [{'type': 'laptop', 'brand': 'Dell', 'year': 2015}, {'type': 'phone', 'brand': 'Xiaomi', 'year': 2020}]}","['rich', 'road']","[{'type': 'laptop', 'brand': 'Dell', 'year': 2015}, {'type': 'phone', 'brand': 'Xiaomi', 'year': 2020}]",2.0,2.0,3.0,"['find', 'grow']",5.0,269.0,897.0,Tashkent,,100532
689,,21.0,Unknown,67.0,+998845401338,East Markview,gregory47@garcia-maldonado.com,2000-02-11 00:00:00,Data Science,110.0,pending,4.5,excellent,213.0,1983-04-24 00:00:00,"South Thomas 10-kv, dom 16, Tashkent","{'hobbies': ['wide', 'rise'], 'skills': {'tech': {'python': 5, 'excel': 3, 'sql': 5}, 'soft': ['me', 'campaign']}, 'family': {'siblings': 1, 'income': {'father': 1339, 'mother': 1052}}, 'devices': [{'type': 'laptop', 'brand': 'Dell', 'year': 2022}, {'type': 'phone', 'brand': 'Samsung', 'year': 2023}]}","['wide', 'rise']","[{'type': 'laptop', 'brand': 'Dell', 'year': 2022}, {'type': 'phone', 'brand': 'Samsung', 'year': 2023}]",5.0,3.0,5.0,"['me', 'campaign']",1.0,1339.0,1052.0,Tashkent,,
690,Thomas Hickman,20.0,Female,90.0,+998747484448,Yangstad,bgarcia@yahoo.com,1988-10-12 00:00:00,Data Science,,inactive,15.5,,275.0,1970-02-03 00:00:00,"234 Jennifer Station, Tylerfurt",INVALID_JSON_DATA,,,,,,,,,,Other,,
691,Clinton Walton,20.0,Female,,+998865024744,South Aliciamouth,,2024-05-12 00:00:00,Other,,inactive,3.29,good,184.0,2012-05-24 00:00:00,"Lake Robert 27-kv, dom 23, Tashkent","{'hobbies': ['responsibility', 'person'], 'skills': {'tech': {'python': 4, 'excel': 1, 'sql': 1}, 'soft': ['language', 'money']}, 'family': {'siblings': 2, 'income': {'father': 1125, 'mother': 576}}, 'devices': [{'type': 'laptop', 'brand': 'HP', 'year': 2022}, {'type': 'phone', 'brand': 'Apple', 'year': 2018}]}","['responsibility', 'person']","[{'type': 'laptop', 'brand': 'HP', 'year': 2022}, {'type': 'phone', 'brand': 'Apple', 'year': 2018}]",4.0,1.0,1.0,"['language', 'money']",2.0,1125.0,576.0,Tashkent,,
692,Ryan Johnson,20.0,Female,,+998252784352,West Jamesfurt,christycole@hotmail.com,1993-08-21 00:00:00,Other,110.0,inactive,4.5,average,283.0,2025-03-14 19:33:00,"BROKEN,ADDRESS,DATA,,,","{""hobbies"": [""tree"", ""Democrat""], ""skills"": {""tech"": {""python"": 1, ""excel"": 3, ""sql"": 1}, ""soft"": [""who"", ""financial""]}, ""family"": {""siblings"": 2, ""income"": {""father"": 900, ""mother"": 381}}, ""devices"": [{""type"": ""laptop"", ""brand"": ""Lenovo"", ""year"": 2024}, {""type"": ""phone"", ""brand"": ""Samsung"", ""year"": 2019}]}","['tree', 'Democrat']","[{'type': 'laptop', 'brand': 'Lenovo', 'year': 2024}, {'type': 'phone', 'brand': 'Samsung', 'year': 2019}]",1.0,3.0,1.0,"['who', 'financial']",2.0,900.0,381.0,,,
693,John Martin,19.0,Female,95.0,+998294256887,Thompsonmouth,,,Other,110.0,inactive,0.0,excellent,254.0,1982-01-14 00:00:00,"99339 Daniel Plains Suite 713, Carterstad","{'hobbies': ['yeah', 'stay'], 'skills': {'tech': {'python': 1, 'excel': 4, 'sql': 4}, 'soft': ['address', 'step']}, 'family': {'siblings': 0, 'income': {'father': 443, 'mother': 881}}, 'devices': [{'type': 'laptop', 'brand': 'HP', 'year': 2018}, {'type': 'phone', 'brand': 'Apple', 'year': 2024}]}","['yeah', 'stay']","[{'type': 'laptop', 'brand': 'HP', 'year': 2018}, {'type': 'phone', 'brand': 'Apple', 'year': 2024}]",1.0,4.0,4.0,"['address', 'step']",0.0,443.0,881.0,Other,,
694,,,Female,,,Mcdonaldmouth,adamsandrew@sharp.biz,2003-10-01 00:00:00,Other,110.0,pending,1.68,good,113.0,1999-09-11 02:34:00,"West Matthewfurt 15-kv, dom 32, Tashkent",INVALID_JSON_DATA,,,,,,,,,,Tashkent,,
695,,18.0,Female,70.0,,West Patrickchester,vthompson@lewis.com,1995-07-13 00:00:00,Other,83.0,inactive,-2.0,good,208.0,1972-05-01 21:41:00,"19337 Fitzgerald Rapids Suite 180, Tiffanytown","{hobbies:['type', 'statement']}",,,,,,,,,,Other,,
696,,22.0,Male,90.0,,Hermanhaven,,,Data Science,,inactive,4.5,average,73.0,1997-06-04 06:01:00,"615 Freeman Camp, Sandersberg","{'hobbies': ['civil', 'follow'], 'skills': {'tech': {'python': 3, 'excel': 2, 'sql': 2}, 'soft': ['bag', 'picture']}, 'family': {'siblings': 2, 'income': {'father': 1346, 'mother': 1300}}, 'devices': [{'type': 'laptop', 'brand': 'Lenovo', 'year': 2022}, {'type': 'phone', 'brand': 'Samsung', 'year': 2022}]}","['civil', 'follow']","[{'type': 'laptop', 'brand': 'Lenovo', 'year': 2022}, {'type': 'phone', 'brand': 'Samsung', 'year': 2022}]",3.0,2.0,2.0,"['bag', 'picture']",2.0,1346.0,1300.0,Other,,
697,,20.0,Unknown,93.0,+998928790399,Watsonbury,,1998-06-04 00:00:00,Data Science,,inactive,,good,203.0,1985-12-20 00:00:00,"1505 Moon Shore, Smithchester",INVALID_JSON_DATA,,,,,,,,,,Other,,
698,Theresa King,19.0,Male,91.0,+998246227514,Hurleyburgh,,1977-07-25 14:23:23,Data Science,,active,1.22,excellent,226.0,1977-05-28 23:01:00,"BROKEN,ADDRESS,DATA,,,","{hobbies:['fine', 'something']}",,,,,,,,,,,,
699,Charles White,20.0,Female,90.0,+998573955677,New Antonio,,,Data Science,110.0,inactive,-2.0,,225.0,2019-12-19 00:00:00,"Apartment 1, Fisherbury district, Tashkent, UZ, 100016","{'hobbies': ['side', 'resource'], 'skills': {'tech': {'python': 5, 'excel': 4, 'sql': 1}, 'soft': ['race', 'as']}, 'family': {'siblings': 5, 'income': {'father': 1429, 'mother': 928}}, 'devices': [{'type': 'laptop', 'brand': 'HP', 'year': 2024}, {'type': 'phone', 'brand': 'Xiaomi', 'year': 2019}]}","['side', 'resource']","[{'type': 'laptop', 'brand': 'HP', 'year': 2024}, {'type': 'phone', 'brand': 'Xiaomi', 'year': 2019}]",5.0,4.0,1.0,"['race', 'as']",5.0,1429.0,928.0,Tashkent,Fisherbury,100016
700,Angela Nichols,19.0,Female,90.0,+998150867047,South Christopherberg,,2014-03-04 00:00:00,Other,,inactive,0.0,good,56.0,2010-04-01 00:00:00,"West Sara 6-kv, dom 12, Tashkent","{""hobbies"": [""vote"", ""speak""], ""skills"": {""tech"": {""python"": 2, ""excel"": 5, ""sql"": 5}, ""soft"": [""occur"", ""we""]}, ""family"": {""siblings"": 3, ""income"": {""father"": 358, ""mother"": 1422}}, ""devices"": [{""type"": ""laptop"", ""brand"": ""HP"", ""year"": 2015}, {""type"": ""phone"", ""brand"": ""Apple"", ""year"": 2022}]}","['vote', 'speak']","[{'type': 'laptop', 'brand': 'HP', 'year': 2015}, {'type': 'phone', 'brand': 'Apple', 'year': 2022}]",2.0,5.0,5.0,"['occur', 'we']",3.0,358.0,1422.0,Tashkent,,
701,,20.0,Female,,+998109989562,North Kimberlymouth,,1990-07-26 00:00:00,Data Science,110.0,pending,15.5,,102.0,2000-08-15 00:00:00,"BROKEN,ADDRESS,DATA,,,","{hobbies:['music', 'want']}",,,,,,,,,,,,
702,Megan Lester,18.0,Female,90.0,+998248198098,Port Victoria,,1976-05-25 00:00:00,Data Science,67.0,pending,3.2,excellent,106.0,1997-02-17 11:19:00,"BROKEN,ADDRESS,DATA,,,","{hobbies:['nor', 'notice']}",,,,,,,,,,,,
703,,19.0,Male,55.0,+998638635253,Colemanmouth,,1999-10-30 00:00:00,Data Science,110.0,inactive,15.5,excellent,217.0,1976-10-31 00:00:00,"North Zacharyville 23-kv, dom 2, Tashkent",INVALID_JSON_DATA,,,,,,,,,,Tashkent,,
704,,,Female,90.0,+998490999472,Rogersbury,bkim@hotmail.com,2000-06-10 00:00:00,Data Science,99.0,inactive,4.5,,246.0,2015-12-01 10:53:11,"BROKEN,ADDRESS,DATA,,,","{'hobbies': ['create', 'kind'], 'skills': {'tech': {'python': 2, 'excel': 2, 'sql': 5}, 'soft': ['management', 'point']}, 'family': {'siblings': 5, 'income': {'father': 678, 'mother': 589}}, 'devices': [{'type': 'laptop', 'brand': 'Dell', 'year': 2016}, {'type': 'phone', 'brand': 'Xiaomi', 'year': 2018}]}","['create', 'kind']","[{'type': 'laptop', 'brand': 'Dell', 'year': 2016}, {'type': 'phone', 'brand': 'Xiaomi', 'year': 2018}]",2.0,2.0,5.0,"['management', 'point']",5.0,678.0,589.0,,,
705,Blake Schneider,22.0,Female,50.0,+998162053111,North Paultown,,1985-10-08 00:00:00,Data Science,110.0,inactive,3.7,excellent,93.0,2011-02-09 05:02:20,"BROKEN,ADDRESS,DATA,,,","{hobbies:['decision', 'up']}",,,,,,,,,,,,
706,Jessica Mann,20.0,Male,96.0,+998332578220,Brookefort,,1981-01-01 14:52:58,Data Science,110.0,active,15.5,good,264.0,1988-09-20 12:48:00,"BROKEN,ADDRESS,DATA,,,","{'hobbies': ['side', 'with'], 'skills': {'tech': {'python': 1, 'excel': 4, 'sql': 5}, 'soft': ['he', 'guess']}, 'family': {'siblings': 5, 'income': {'father': 945, 'mother': 417}}, 'devices': [{'type': 'laptop', 'brand': 'Dell', 'year': 2021}, {'type': 'phone', 'brand': 'Apple', 'year': 2018}]}","['side', 'with']","[{'type': 'laptop', 'brand': 'Dell', 'year': 2021}, {'type': 'phone', 'brand': 'Apple', 'year': 2018}]",1.0,4.0,5.0,"['he', 'guess']",5.0,945.0,417.0,,,
707,Ronald Bowman,18.0,Female,,+998901275856,Sharonhaven,,2022-04-28 03:04:10,Data Science,,pending,2.78,,243.0,1997-07-28 01:41:45,"48855 Griffith Flats Apt. 769, Port Lindseymouth","{""hobbies"": [""let"", ""option""], ""skills"": {""tech"": {""python"": 3, ""excel"": 3, ""sql"": 2}, ""soft"": [""painting"", ""tonight""]}, ""family"": {""siblings"": 0, ""income"": {""father"": 949, ""mother"": 1167}}, ""devices"": [{""type"": ""laptop"", ""brand"": ""Dell"", ""year"": 2024}, {""type"": ""phone"", ""brand"": ""Samsung"", ""year"": 2019}]}","['let', 'option']","[{'type': 'laptop', 'brand': 'Dell', 'year': 2024}, {'type': 'phone', 'brand': 'Samsung', 'year': 2019}]",3.0,3.0,2.0,"['painting', 'tonight']",0.0,949.0,1167.0,Other,,
708,,21.0,Male,70.0,+998163288680,Lake Jonathan,,2024-05-20 00:00:00,Data Science,65.0,inactive,2.74,good,72.0,1987-12-20 00:00:00,"5025 Stephanie Tunnel Apt. 091, Paulbury","{'hobbies': ['your', 'likely'], 'skills': {'tech': {'python': 5, 'excel': 2, 'sql': 5}, 'soft': ['senior', 'now']}, 'family': {'siblings': 2, 'income': {'father': 1401, 'mother': 260}}, 'devices': [{'type': 'laptop', 'brand': 'HP', 'year': 2018}, {'type': 'phone', 'brand': 'Samsung', 'year': 2019}]}","['your', 'likely']","[{'type': 'laptop', 'brand': 'HP', 'year': 2018}, {'type': 'phone', 'brand': 'Samsung', 'year': 2019}]",5.0,2.0,5.0,"['senior', 'now']",2.0,1401.0,260.0,Other,,
709,Amanda Cortez,20.0,Female,89.0,+998754276850,South Jeffrey,,,Data Science,91.0,inactive,3.7,good,142.0,2024-04-05 00:00:00,"BROKEN,ADDRESS,DATA,,,","{'hobbies': ['assume', 'month'], 'skills': {'tech': {'python': 4, 'excel': 1, 'sql': 3}, 'soft': ['real', 'bring']}, 'family': {'siblings': 1, 'income': {'father': 1227, 'mother': 875}}, 'devices': [{'type': 'laptop', 'brand': 'Lenovo', 'year': 2020}, {'type': 'phone', 'brand': 'Xiaomi', 'year': 2022}]}","['assume', 'month']","[{'type': 'laptop', 'brand': 'Lenovo', 'year': 2020}, {'type': 'phone', 'brand': 'Xiaomi', 'year': 2022}]",4.0,1.0,3.0,"['real', 'bring']",1.0,1227.0,875.0,,,
710,Amber Brock,20.0,Unknown,,,Mirandaville,brianbenson@yahoo.com,,Data Science,110.0,active,0.0,average,191.0,1996-12-07 00:00:00,"986 Brown Cliff Apt. 309, New Gregory",INVALID_JSON_DATA,,,,,,,,,,Other,,
711,,20.0,Female,62.0,,West Mark,codycarroll@hotmail.com,,Other,110.0,pending,15.5,excellent,95.0,2024-03-30 06:45:00,"696 Roth Falls Suite 393, Port Joseph","{'hobbies': ['our', 'thing'], 'skills': {'tech': {'python': 2, 'excel': 3, 'sql': 1}, 'soft': ['between', 'information']}, 'family': {'siblings': 0, 'income': {'father': 888, 'mother': 1339}}, 'devices': [{'type': 'laptop', 'brand': 'Lenovo', 'year': 2020}, {'type': 'phone', 'brand': 'Apple', 'year': 2020}]}","['our', 'thing']","[{'type': 'laptop', 'brand': 'Lenovo', 'year': 2020}, {'type': 'phone', 'brand': 'Apple', 'year': 2020}]",2.0,3.0,1.0,"['between', 'information']",0.0,888.0,1339.0,Other,,
712,Mr. Timothy Herrera,18.0,Female,,+998162651050,East Tammy,,2022-12-28 14:26:00,Data Science,77.0,pending,0.0,good,64.0,1989-09-30 00:00:00,"Apartment 13, Cobbfort district, Tashkent, UZ, 100837","{'hobbies': ['manage', 'nature'], 'skills': {'tech': {'python': 1, 'excel': 5, 'sql': 4}, 'soft': ['score', 'difference']}, 'family': {'siblings': 3, 'income': {'father': 640, 'mother': 244}}, 'devices': [{'type': 'laptop', 'brand': 'Dell', 'year': 2024}, {'type': 'phone', 'brand': 'Samsung', 'year': 2018}]}","['manage', 'nature']","[{'type': 'laptop', 'brand': 'Dell', 'year': 2024}, {'type': 'phone', 'brand': 'Samsung', 'year': 2018}]",1.0,5.0,4.0,"['score', 'difference']",3.0,640.0,244.0,Tashkent,Cobbfort,100837
713,Johnny Alexander,18.0,Unknown,90.0,,Port Natashastad,,1974-03-26 20:31:00,Other,110.0,inactive,0.0,excellent,243.0,1977-08-16 00:00:00,UZ 100627 Tashkent Burkeside,"{'hobbies': ['of', 'wrong'], 'skills': {'tech': {'python': 5, 'excel': 2, 'sql': 2}, 'soft': ['everybody', 'education']}, 'family': {'siblings': 0, 'income': {'father': 1148, 'mother': 817}}, 'devices': [{'type': 'laptop', 'brand': 'Lenovo', 'year': 2015}, {'type': 'phone', 'brand': 'Samsung', 'year': 2024}]}","['of', 'wrong']","[{'type': 'laptop', 'brand': 'Lenovo', 'year': 2015}, {'type': 'phone', 'brand': 'Samsung', 'year': 2024}]",5.0,2.0,2.0,"['everybody', 'education']",0.0,1148.0,817.0,Tashkent,,100627
714,Marcus Sanchez,21.0,Female,90.0,,Lake Jasonmouth,,1980-07-14 00:00:00,Other,,pending,,excellent,58.0,2018-11-06 10:50:00,UZ 100938 Tashkent New Aliciaview,"{""hobbies"": [""save"", ""beat""], ""skills"": {""tech"": {""python"": 1, ""excel"": 2, ""sql"": 4}, ""soft"": [""usually"", ""yard""]}, ""family"": {""siblings"": 1, ""income"": {""father"": 1394, ""mother"": 262}}, ""devices"": [{""type"": ""laptop"", ""brand"": ""HP"", ""year"": 2024}, {""type"": ""phone"", ""brand"": ""Xiaomi"", ""year"": 2021}]}","['save', 'beat']","[{'type': 'laptop', 'brand': 'HP', 'year': 2024}, {'type': 'phone', 'brand': 'Xiaomi', 'year': 2021}]",1.0,2.0,4.0,"['usually', 'yard']",1.0,1394.0,262.0,Tashkent,,100938
715,Brian Payne,18.0,Male,81.0,+998398384479,New Mary,,1991-03-02 00:00:00,Data Science,110.0,pending,15.5,average,143.0,1976-03-03 00:00:00,"26959 Mark Coves Apt. 082, North Thomasberg","{""hobbies"": [""PM"", ""toward""], ""skills"": {""tech"": {""python"": 4, ""excel"": 3, ""sql"": 2}, ""soft"": [""dark"", ""resource""]}, ""family"": {""siblings"": 0, ""income"": {""father"": 460, ""mother"": 662}}, ""devices"": [{""type"": ""laptop"", ""brand"": ""Dell"", ""year"": 2020}, {""type"": ""phone"", ""brand"": ""Apple"", ""year"": 2024}]}","['PM', 'toward']","[{'type': 'laptop', 'brand': 'Dell', 'year': 2020}, {'type': 'phone', 'brand': 'Apple', 'year': 2024}]",4.0,3.0,2.0,"['dark', 'resource']",0.0,460.0,662.0,Other,,
716,Kathy Wright,20.0,Male,90.0,,West Davidchester,,2022-06-28 00:00:00,Data Science,111.0,active,0.0,excellent,82.0,1991-04-15 00:00:00,"BROKEN,ADDRESS,DATA,,,","{'hobbies': ['when', 'avoid'], 'skills': {'tech': {'python': 4, 'excel': 3, 'sql': 5}, 'soft': ['job', 'account']}, 'family': {'siblings': 0, 'income': {'father': 775, 'mother': 1043}}, 'devices': [{'type': 'laptop', 'brand': 'Dell', 'year': 2017}, {'type': 'phone', 'brand': 'Samsung', 'year': 2019}]}","['when', 'avoid']","[{'type': 'laptop', 'brand': 'Dell', 'year': 2017}, {'type': 'phone', 'brand': 'Samsung', 'year': 2019}]",4.0,3.0,5.0,"['job', 'account']",0.0,775.0,1043.0,,,
717,,20.0,Female,,+998395568356,Lake Rebecca,,,Data Science,,pending,,good,210.0,,"Apartment 4, South Christopher district, Tashkent, UZ, 100917","{""hobbies"": [""to"", ""name""], ""skills"": {""tech"": {""python"": 2, ""excel"": 1, ""sql"": 3}, ""soft"": [""government"", ""dark""]}, ""family"": {""siblings"": 1, ""income"": {""father"": 721, ""mother"": 1194}}, ""devices"": [{""type"": ""laptop"", ""brand"": ""Lenovo"", ""year"": 2022}, {""type"": ""phone"", ""brand"": ""Xiaomi"", ""year"": 2020}]}","['to', 'name']","[{'type': 'laptop', 'brand': 'Lenovo', 'year': 2022}, {'type': 'phone', 'brand': 'Xiaomi', 'year': 2020}]",2.0,1.0,3.0,"['government', 'dark']",1.0,721.0,1194.0,Tashkent,South Christopher,100917
718,Sara Contreras,18.0,Unknown,,+998674114912,Port Meganberg,,,Data Science,110.0,pending,0.0,,79.0,1970-08-16 00:00:00,UZ 100007 Tashkent Mclaughlinstad,"{'hobbies': ['foreign', 'school'], 'skills': {'tech': {'python': 3, 'excel': 1, 'sql': 4}, 'soft': ['want', 'business']}, 'family': {'siblings': 2, 'income': {'father': 409, 'mother': 1423}}, 'devices': [{'type': 'laptop', 'brand': 'HP', 'year': 2023}, {'type': 'phone', 'brand': 'Apple', 'year': 2023}]}","['foreign', 'school']","[{'type': 'laptop', 'brand': 'HP', 'year': 2023}, {'type': 'phone', 'brand': 'Apple', 'year': 2023}]",3.0,1.0,4.0,"['want', 'business']",2.0,409.0,1423.0,Tashkent,,100007
719,Rodney Jackson,20.0,Unknown,87.0,+998784213716,Ramirezchester,ann40@morales-wolf.com,1998-11-09 00:00:00,Other,110.0,inactive,3.7,average,54.0,1985-04-13 00:00:00,"Apartment 20, North Katieville district, Tashkent, UZ, 100714","{hobbies:['significant', 'knowledge']}",,,,,,,,,,Tashkent,North Katieville,100714
720,Amanda Miller,18.0,Male,68.0,,West Matthewshire,,2009-06-16 00:00:00,Data Science,110.0,pending,0.0,average,240.0,2008-12-02 18:43:00,UZ 100243 Tashkent Meganhaven,"{hobbies:['defense', 'hotel']}",,,,,,,,,,Tashkent,,100243
721,Cody Wilson,19.0,Female,95.0,+998963487529,North Kristin,daviskevin@aguilar-moran.com,2022-06-13 04:10:10,Other,117.0,pending,0.0,,193.0,1979-09-24 06:40:43,UZ 100355 Tashkent New Jenniferport,"{""hobbies"": [""place"", ""become""], ""skills"": {""tech"": {""python"": 1, ""excel"": 3, ""sql"": 1}, ""soft"": [""much"", ""anything""]}, ""family"": {""siblings"": 5, ""income"": {""father"": 1106, ""mother"": 597}}, ""devices"": [{""type"": ""laptop"", ""brand"": ""Dell"", ""year"": 2019}, {""type"": ""phone"", ""brand"": ""Xiaomi"", ""year"": 2021}]}","['place', 'become']","[{'type': 'laptop', 'brand': 'Dell', 'year': 2019}, {'type': 'phone', 'brand': 'Xiaomi', 'year': 2021}]",1.0,3.0,1.0,"['much', 'anything']",5.0,1106.0,597.0,Tashkent,,100355
722,Danielle Brown,19.0,Unknown,77.0,+998511177775,Gibsonport,,2002-12-06 00:00:00,Other,81.0,pending,15.5,excellent,57.0,1980-03-31 00:00:00,"BROKEN,ADDRESS,DATA,,,","{hobbies:['hold', 'feel']}",,,,,,,,,,,,
723,William Davis,18.0,Male,,+998148281138,Scottfurt,,2023-11-14 00:00:00,Data Science,61.0,inactive,0.0,excellent,102.0,1976-09-03 23:57:00,"Apartment 5, West Austin district, Tashkent, UZ, 100839","{'hobbies': ['off', 'because'], 'skills': {'tech': {'python': 5, 'excel': 4, 'sql': 5}, 'soft': ['government', 'exactly']}, 'family': {'siblings': 4, 'income': {'father': 1151, 'mother': 296}}, 'devices': [{'type': 'laptop', 'brand': 'Lenovo', 'year': 2023}, {'type': 'phone', 'brand': 'Apple', 'year': 2023}]}","['off', 'because']","[{'type': 'laptop', 'brand': 'Lenovo', 'year': 2023}, {'type': 'phone', 'brand': 'Apple', 'year': 2023}]",5.0,4.0,5.0,"['government', 'exactly']",4.0,1151.0,296.0,Tashkent,West Austin,100839
724,James Perez,20.0,Female,82.0,+998626738836,East Andrew,,1980-03-14 00:00:00,Data Science,,inactive,,average,60.0,1970-12-19 00:00:00,"63452 Johnny Ports Suite 957, North Maria",INVALID_JSON_DATA,,,,,,,,,,Other,,
725,Ashley Harper,18.0,Male,,+998767419984,Franciscobury,katherine53@phillips.com,1983-10-04 20:48:03,Data Science,115.0,active,0.0,,260.0,,UZ 100448 Tashkent North Marytown,"{hobbies:['likely', 'top']}",,,,,,,,,,Tashkent,,100448
726,Jason Cunningham,20.0,Female,63.0,+998449769621,Williamsonstad,,2024-08-10 00:00:00,Other,110.0,active,4.5,average,263.0,,"BROKEN,ADDRESS,DATA,,,",INVALID_JSON_DATA,,,,,,,,,,,,
727,Molly Hernandez,19.0,Male,75.0,+998375779755,Port Heatherbury,,2000-11-30 00:00:00,Data Science,62.0,active,3.7,,194.0,1986-06-05 21:08:00,"479 Kimberly Dale Apt. 159, Newtonstad","{""hobbies"": [""society"", ""sometimes""], ""skills"": {""tech"": {""python"": 5, ""excel"": 1, ""sql"": 4}, ""soft"": [""detail"", ""certain""]}, ""family"": {""siblings"": 5, ""income"": {""father"": 202, ""mother"": 448}}, ""devices"": [{""type"": ""laptop"", ""brand"": ""HP"", ""year"": 2022}, {""type"": ""phone"", ""brand"": ""Samsung"", ""year"": 2022}]}","['society', 'sometimes']","[{'type': 'laptop', 'brand': 'HP', 'year': 2022}, {'type': 'phone', 'brand': 'Samsung', 'year': 2022}]",5.0,1.0,4.0,"['detail', 'certain']",5.0,202.0,448.0,Other,,
728,,18.0,Male,90.0,,West Tammie,,1998-09-18 04:51:00,Data Science,,inactive,15.5,excellent,62.0,,"BROKEN,ADDRESS,DATA,,,","{'hobbies': ['whole', 'century'], 'skills': {'tech': {'python': 4, 'excel': 2, 'sql': 1}, 'soft': ['analysis', 'receive']}, 'family': {'siblings': 5, 'income': {'father': 1026, 'mother': 1286}}, 'devices': [{'type': 'laptop', 'brand': 'HP', 'year': 2016}, {'type': 'phone', 'brand': 'Apple', 'year': 2023}]}","['whole', 'century']","[{'type': 'laptop', 'brand': 'HP', 'year': 2016}, {'type': 'phone', 'brand': 'Apple', 'year': 2023}]",4.0,2.0,1.0,"['analysis', 'receive']",5.0,1026.0,1286.0,,,
729,Glenn Nguyen,21.0,Unknown,65.0,+998576460614,Davidland,,2010-10-30 00:00:00,Other,,pending,4.5,average,180.0,2005-01-15 00:00:00,"2360 Bass Gateway, Port Wesley","{hobbies:['phone', 'around']}",,,,,,,,,,Other,,
730,,18.0,Male,81.0,+998404835590,Lake Joseph,bdelgado@gmail.com,2020-04-02 00:00:00,Data Science,,active,0.0,good,58.0,1990-01-07 20:29:00,UZ 100825 Tashkent Carlosberg,"{hobbies:['walk', 'enter']}",,,,,,,,,,Tashkent,,100825
731,Janet Mueller,20.0,Male,90.0,,Greerhaven,,,Other,110.0,inactive,0.0,excellent,69.0,1980-11-07 23:05:00,"031 Annette Harbors Suite 552, Ellisview","{hobbies:['role', 'marriage']}",,,,,,,,,,Other,,
732,Andrea Parsons,19.0,Male,76.0,+998303045597,Robertstad,,2012-09-04 21:49:24,Other,105.0,inactive,-2.0,excellent,219.0,2002-11-05 17:42:04,"Brianberg 11-kv, dom 28, Tashkent",INVALID_JSON_DATA,,,,,,,,,,Tashkent,,
733,Ann Ford,18.0,Female,68.0,+998852442774,Nealmouth,,2018-01-24 00:00:00,Python,,active,3.7,excellent,193.0,2011-02-20 00:00:00,"BROKEN,ADDRESS,DATA,,,","{'hobbies': ['deep', 'understand'], 'skills': {'tech': {'python': 4, 'excel': 3, 'sql': 2}, 'soft': ['region', 'reach']}, 'family': {'siblings': 3, 'income': {'father': 1105, 'mother': 1139}}, 'devices': [{'type': 'laptop', 'brand': 'HP', 'year': 2017}, {'type': 'phone', 'brand': 'Xiaomi', 'year': 2019}]}","['deep', 'understand']","[{'type': 'laptop', 'brand': 'HP', 'year': 2017}, {'type': 'phone', 'brand': 'Xiaomi', 'year': 2019}]",4.0,3.0,2.0,"['region', 'reach']",3.0,1105.0,1139.0,,,
734,,20.0,Unknown,,,Port Joshuaborough,,1990-06-18 00:00:00,Python,118.0,inactive,4.5,,182.0,1980-07-30 00:00:00,"34007 Young Courts, South Kennethborough","{'hobbies': ['wait', 'reduce'], 'skills': {'tech': {'python': 2, 'excel': 2, 'sql': 5}, 'soft': ['face', 'after']}, 'family': {'siblings': 4, 'income': {'father': 734, 'mother': 1086}}, 'devices': [{'type': 'laptop', 'brand': 'HP', 'year': 2024}, {'type': 'phone', 'brand': 'Samsung', 'year': 2020}]}","['wait', 'reduce']","[{'type': 'laptop', 'brand': 'HP', 'year': 2024}, {'type': 'phone', 'brand': 'Samsung', 'year': 2020}]",2.0,2.0,5.0,"['face', 'after']",4.0,734.0,1086.0,Other,,
735,Jeffrey Harper,19.0,Female,,,North Jameston,,2001-07-25 12:59:00,Other,110.0,pending,4.5,excellent,71.0,2006-09-28 00:00:00,"BROKEN,ADDRESS,DATA,,,","{hobbies:['certain', 'us']}",,,,,,,,,,,,
736,Roy Buchanan,18.0,Unknown,90.0,+998806749803,South Ivanland,lisa49@gilbert-morris.com,2019-09-22 04:47:00,Data Science,,inactive,-2.0,good,292.0,1977-03-22 00:00:00,UZ 100284 Tashkent South Elizabethburgh,"{'hobbies': ['must', 'add'], 'skills': {'tech': {'python': 1, 'excel': 5, 'sql': 4}, 'soft': ['them', 'laugh']}, 'family': {'siblings': 5, 'income': {'father': 959, 'mother': 459}}, 'devices': [{'type': 'laptop', 'brand': 'Lenovo', 'year': 2024}, {'type': 'phone', 'brand': 'Apple', 'year': 2019}]}","['must', 'add']","[{'type': 'laptop', 'brand': 'Lenovo', 'year': 2024}, {'type': 'phone', 'brand': 'Apple', 'year': 2019}]",1.0,5.0,4.0,"['them', 'laugh']",5.0,959.0,459.0,Tashkent,,100284
737,Kimberly Mckinney,22.0,Female,,,Josephton,,1982-12-28 00:00:00,Data Science,106.0,active,1.15,excellent,120.0,,"BROKEN,ADDRESS,DATA,,,","{hobbies:['deal', 'all']}",,,,,,,,,,,,
738,Richard Todd,22.0,Female,,+998229436000,Darrylland,,2017-11-21 00:00:00,Python,,pending,15.5,average,233.0,,"37735 Mendoza Extensions Suite 641, Port Brian","{hobbies:['enjoy', 'southern']}",,,,,,,,,,Other,,
739,Joshua Phillips,18.0,Male,,,Ingramview,stephen59@love.com,2013-09-01 00:00:00,Data Science,110.0,pending,15.5,excellent,67.0,1995-02-03 00:00:00,"Apartment 21, North Amandachester district, Tashkent, UZ, 100894","{hobbies:['understand', 'help']}",,,,,,,,,,Tashkent,North Amandachester,100894
740,,20.0,Male,69.0,+998217635302,Stephenfurt,gibsonjacob@garcia-curtis.info,1989-12-02 00:00:00,Data Science,100.0,active,3.7,good,110.0,1992-06-19 00:00:00,"BROKEN,ADDRESS,DATA,,,","{'hobbies': ['also', 'suggest'], 'skills': {'tech': {'python': 3, 'excel': 5, 'sql': 4}, 'soft': ['glass', 'gun']}, 'family': {'siblings': 5, 'income': {'father': 568, 'mother': 1500}}, 'devices': [{'type': 'laptop', 'brand': 'Lenovo', 'year': 2017}, {'type': 'phone', 'brand': 'Apple', 'year': 2021}]}","['also', 'suggest']","[{'type': 'laptop', 'brand': 'Lenovo', 'year': 2017}, {'type': 'phone', 'brand': 'Apple', 'year': 2021}]",3.0,5.0,4.0,"['glass', 'gun']",5.0,568.0,1500.0,,,
741,Melinda Wright,19.0,Unknown,56.0,,East Jason,,1992-03-25 00:00:00,Other,110.0,active,15.5,average,96.0,1985-02-20 16:33:10,"Port Angelfort 6-kv, dom 20, Tashkent","{'hobbies': ['as', 'job'], 'skills': {'tech': {'python': 2, 'excel': 1, 'sql': 3}, 'soft': ['man', 'upon']}, 'family': {'siblings': 3, 'income': {'father': 924, 'mother': 1178}}, 'devices': [{'type': 'laptop', 'brand': 'Lenovo', 'year': 2019}, {'type': 'phone', 'brand': 'Samsung', 'year': 2018}]}","['as', 'job']","[{'type': 'laptop', 'brand': 'Lenovo', 'year': 2019}, {'type': 'phone', 'brand': 'Samsung', 'year': 2018}]",2.0,1.0,3.0,"['man', 'upon']",3.0,924.0,1178.0,Tashkent,,
742,Jonathan Anderson,22.0,Male,77.0,,New Dawnshire,,2012-10-26 00:00:00,Data Science,,pending,-2.0,excellent,283.0,1991-09-13 00:00:00,"Apartment 49, Lisastad district, Tashkent, UZ, 100302","{'hobbies': ['page', 'Congress'], 'skills': {'tech': {'python': 2, 'excel': 3, 'sql': 2}, 'soft': ['have', 'form']}, 'family': {'siblings': 5, 'income': {'father': 887, 'mother': 1435}}, 'devices': [{'type': 'laptop', 'brand': 'Lenovo', 'year': 2021}, {'type': 'phone', 'brand': 'Apple', 'year': 2020}]}","['page', 'Congress']","[{'type': 'laptop', 'brand': 'Lenovo', 'year': 2021}, {'type': 'phone', 'brand': 'Apple', 'year': 2020}]",2.0,3.0,2.0,"['have', 'form']",5.0,887.0,1435.0,Tashkent,Lisastad,100302
743,Richard Rogers,19.0,Unknown,,+998224054295,Port Wandashire,yanggary@miles-morris.info,2014-01-03 00:00:00,Other,110.0,active,3.7,good,133.0,,UZ 100742 Tashkent Port Martha,INVALID_JSON_DATA,,,,,,,,,,Tashkent,,100742
744,Jonathan Stevens,18.0,Male,70.0,,Andreafurt,,1992-01-28 00:00:00,Data Science,,active,,excellent,214.0,2013-06-26 00:41:00,"Courtneyport 16-kv, dom 13, Tashkent","{""hobbies"": [""course"", ""benefit""], ""skills"": {""tech"": {""python"": 1, ""excel"": 1, ""sql"": 2}, ""soft"": [""choose"", ""their""]}, ""family"": {""siblings"": 1, ""income"": {""father"": 1187, ""mother"": 1136}}, ""devices"": [{""type"": ""laptop"", ""brand"": ""Dell"", ""year"": 2024}, {""type"": ""phone"", ""brand"": ""Samsung"", ""year"": 2019}]}","['course', 'benefit']","[{'type': 'laptop', 'brand': 'Dell', 'year': 2024}, {'type': 'phone', 'brand': 'Samsung', 'year': 2019}]",1.0,1.0,2.0,"['choose', 'their']",1.0,1187.0,1136.0,Tashkent,,
745,Lisa Murphy,21.0,Unknown,74.0,+998547420881,East Lauren,michaelwalker@erickson-martin.biz,1983-09-19 00:00:00,Data Science,61.0,active,3.7,good,76.0,1972-12-05 00:00:00,"13169 Davis Knolls, Castroland","{'hobbies': ['player', 'daughter'], 'skills': {'tech': {'python': 4, 'excel': 4, 'sql': 1}, 'soft': ['light', 'as']}, 'family': {'siblings': 0, 'income': {'father': 536, 'mother': 1001}}, 'devices': [{'type': 'laptop', 'brand': 'Dell', 'year': 2022}, {'type': 'phone', 'brand': 'Xiaomi', 'year': 2021}]}","['player', 'daughter']","[{'type': 'laptop', 'brand': 'Dell', 'year': 2022}, {'type': 'phone', 'brand': 'Xiaomi', 'year': 2021}]",4.0,4.0,1.0,"['light', 'as']",0.0,536.0,1001.0,Other,,
746,Sherri Alexander,21.0,Female,57.0,+998154904363,Brownchester,pattersonmarie@yahoo.com,2010-02-18 00:00:00,Data Science,110.0,inactive,,good,185.0,1990-11-11 00:00:00,"41485 Roach Park Suite 766, Joshuahaven","{'hobbies': ['learn', 'any'], 'skills': {'tech': {'python': 2, 'excel': 5, 'sql': 3}, 'soft': ['want', 'outside']}, 'family': {'siblings': 1, 'income': {'father': 1049, 'mother': 512}}, 'devices': [{'type': 'laptop', 'brand': 'Lenovo', 'year': 2024}, {'type': 'phone', 'brand': 'Apple', 'year': 2018}]}","['learn', 'any']","[{'type': 'laptop', 'brand': 'Lenovo', 'year': 2024}, {'type': 'phone', 'brand': 'Apple', 'year': 2018}]",2.0,5.0,3.0,"['want', 'outside']",1.0,1049.0,512.0,Other,,
747,,20.0,Male,84.0,,Sabrinamouth,austin07@compton-johnson.com,,Other,87.0,inactive,0.0,good,205.0,1999-10-29 00:00:00,"8768 Tracy Wall Apt. 624, North Yolanda",INVALID_JSON_DATA,,,,,,,,,,Other,,
748,Tonya Bruce,18.0,Unknown,63.0,,Westhaven,davidlamb@long-nunez.com,1972-07-24 00:00:00,Data Science,110.0,inactive,3.7,average,254.0,2004-07-31 00:00:00,"Pottsstad 30-kv, dom 38, Tashkent","{hobbies:['minute', 'morning']}",,,,,,,,,,Tashkent,,
749,Jason Mack,20.0,Male,74.0,+998531927531,Derekmouth,millerpatrick@leach.info,,Data Science,110.0,active,0.0,,188.0,2000-11-11 01:10:00,"Ruthfort 25-kv, dom 28, Tashkent","{hobbies:['often', 'toward']}",,,,,,,,,,Tashkent,,
750,Brandon Ryan,20.0,Male,83.0,,Potterborough,,2008-12-27 15:44:41,Data Science,110.0,pending,,good,174.0,2011-03-03 00:00:00,"5988 James Views, Mccormickhaven",INVALID_JSON_DATA,,,,,,,,,,Other,,
751,,20.0,Female,93.0,+998145999546,Alexanderview,,2014-07-31 23:32:00,Other,110.0,inactive,4.5,good,74.0,1986-10-21 00:00:00,UZ 100245 Tashkent New Diamond,"{'hobbies': ['land', 'break'], 'skills': {'tech': {'python': 1, 'excel': 4, 'sql': 1}, 'soft': ['one', 'understand']}, 'family': {'siblings': 3, 'income': {'father': 1269, 'mother': 226}}, 'devices': [{'type': 'laptop', 'brand': 'HP', 'year': 2024}, {'type': 'phone', 'brand': 'Xiaomi', 'year': 2023}]}","['land', 'break']","[{'type': 'laptop', 'brand': 'HP', 'year': 2024}, {'type': 'phone', 'brand': 'Xiaomi', 'year': 2023}]",1.0,4.0,1.0,"['one', 'understand']",3.0,1269.0,226.0,Tashkent,,100245
752,Erica Stark,22.0,Female,90.0,,East Donald,,1981-03-03 00:00:00,Data Science,99.0,active,4.5,excellent,264.0,,UZ 100332 Tashkent Kaylastad,"{'hobbies': ['agent', 'poor'], 'skills': {'tech': {'python': 4, 'excel': 5, 'sql': 4}, 'soft': ['various', 'government']}, 'family': {'siblings': 5, 'income': {'father': 1255, 'mother': 1382}}, 'devices': [{'type': 'laptop', 'brand': 'Lenovo', 'year': 2019}, {'type': 'phone', 'brand': 'Xiaomi', 'year': 2021}]}","['agent', 'poor']","[{'type': 'laptop', 'brand': 'Lenovo', 'year': 2019}, {'type': 'phone', 'brand': 'Xiaomi', 'year': 2021}]",4.0,5.0,4.0,"['various', 'government']",5.0,1255.0,1382.0,Tashkent,,100332
753,,20.0,Male,63.0,+998379974157,Port Christopherside,,2015-12-12 00:00:00,Other,,inactive,3.19,good,164.0,2018-01-30 06:48:00,"South Juliaburgh 19-kv, dom 9, Tashkent",INVALID_JSON_DATA,,,,,,,,,,Tashkent,,
754,Sarah Herrera,18.0,Male,,+998728568042,Port Elizabethshire,,2015-12-02 00:00:00,Data Science,110.0,inactive,0.0,excellent,95.0,2000-08-01 00:00:00,UZ 100158 Tashkent Katherinechester,INVALID_JSON_DATA,,,,,,,,,,Tashkent,,100158
755,Rebecca Williams,22.0,Female,57.0,+998420568630,South Joshuaburgh,,1981-05-05 22:20:00,Data Science,110.0,active,15.5,excellent,139.0,1977-10-17 00:00:00,"East John 7-kv, dom 28, Tashkent","{'hobbies': ['blood', 'general'], 'skills': {'tech': {'python': 5, 'excel': 4, 'sql': 3}, 'soft': ['however', 'door']}, 'family': {'siblings': 3, 'income': {'father': 374, 'mother': 370}}, 'devices': [{'type': 'laptop', 'brand': 'Dell', 'year': 2018}, {'type': 'phone', 'brand': 'Apple', 'year': 2021}]}","['blood', 'general']","[{'type': 'laptop', 'brand': 'Dell', 'year': 2018}, {'type': 'phone', 'brand': 'Apple', 'year': 2021}]",5.0,4.0,3.0,"['however', 'door']",3.0,374.0,370.0,Tashkent,,
756,,19.0,Female,68.0,+998249795611,Ballardstad,,2008-02-11 00:00:00,Other,,active,4.5,,181.0,2008-03-19 13:45:07,UZ 100780 Tashkent Lake Timothy,"{'hobbies': ['whether', 'size'], 'skills': {'tech': {'python': 1, 'excel': 5, 'sql': 4}, 'soft': ['art', 'share']}, 'family': {'siblings': 4, 'income': {'father': 716, 'mother': 1323}}, 'devices': [{'type': 'laptop', 'brand': 'Dell', 'year': 2024}, {'type': 'phone', 'brand': 'Xiaomi', 'year': 2019}]}","['whether', 'size']","[{'type': 'laptop', 'brand': 'Dell', 'year': 2024}, {'type': 'phone', 'brand': 'Xiaomi', 'year': 2019}]",1.0,5.0,4.0,"['art', 'share']",4.0,716.0,1323.0,Tashkent,,100780
757,,19.0,Male,92.0,,Port Vickie,,1994-07-24 00:00:00,Other,,inactive,15.5,excellent,178.0,1979-07-16 00:00:00,"BROKEN,ADDRESS,DATA,,,","{""hobbies"": [""product"", ""class""], ""skills"": {""tech"": {""python"": 3, ""excel"": 4, ""sql"": 2}, ""soft"": [""heart"", ""office""]}, ""family"": {""siblings"": 4, ""income"": {""father"": 1131, ""mother"": 694}}, ""devices"": [{""type"": ""laptop"", ""brand"": ""HP"", ""year"": 2023}, {""type"": ""phone"", ""brand"": ""Samsung"", ""year"": 2020}]}","['product', 'class']","[{'type': 'laptop', 'brand': 'HP', 'year': 2023}, {'type': 'phone', 'brand': 'Samsung', 'year': 2020}]",3.0,4.0,2.0,"['heart', 'office']",4.0,1131.0,694.0,,,
758,Kevin Chavez,20.0,Male,,,Paultown,,,Other,92.0,active,4.5,,118.0,1979-08-03 00:00:00,"38279 Johnson Junctions Apt. 058, Hopkinsshire","{'hobbies': ['often', 'seat'], 'skills': {'tech': {'python': 4, 'excel': 3, 'sql': 2}, 'soft': ['issue', 'beat']}, 'family': {'siblings': 1, 'income': {'father': 799, 'mother': 686}}, 'devices': [{'type': 'laptop', 'brand': 'Dell', 'year': 2018}, {'type': 'phone', 'brand': 'Xiaomi', 'year': 2019}]}","['often', 'seat']","[{'type': 'laptop', 'brand': 'Dell', 'year': 2018}, {'type': 'phone', 'brand': 'Xiaomi', 'year': 2019}]",4.0,3.0,2.0,"['issue', 'beat']",1.0,799.0,686.0,Other,,
759,Leslie Hubbard,21.0,Unknown,,+998131581431,Lake Jonport,harpersharon@yahoo.com,1971-12-17 00:00:00,Data Science,120.0,pending,,good,117.0,1995-12-08 00:00:00,"58426 James Burg, Markmouth",INVALID_JSON_DATA,,,,,,,,,,Other,,
760,Tracey Fields,18.0,Male,87.0,+998337425065,East Jonathanbury,,2006-03-05 00:00:00,Other,110.0,pending,3.99,average,195.0,1998-12-16 00:00:00,"74126 Smith Drives, North Geoffreyburgh",INVALID_JSON_DATA,,,,,,,,,,Other,,
761,,18.0,Male,90.0,+998469364192,Clarkport,mackenzie10@gmail.com,2011-04-10 17:37:29,Python,,inactive,3.7,excellent,62.0,1978-08-18 00:00:00,"18410 Richard Orchard Suite 816, Charlesside","{hobbies:['floor', 'special']}",,,,,,,,,,Other,,
762,William Stewart,22.0,Female,,,Evansmouth,,2019-12-16 07:48:05,Python,95.0,pending,4.5,excellent,159.0,1978-02-20 00:00:00,"Apartment 32, Lake Christopher district, Tashkent, UZ, 100248","{'hobbies': ['whose', 'floor'], 'skills': {'tech': {'python': 1, 'excel': 4, 'sql': 2}, 'soft': ['clearly', 'game']}, 'family': {'siblings': 5, 'income': {'father': 513, 'mother': 1236}}, 'devices': [{'type': 'laptop', 'brand': 'Dell', 'year': 2023}, {'type': 'phone', 'brand': 'Xiaomi', 'year': 2019}]}","['whose', 'floor']","[{'type': 'laptop', 'brand': 'Dell', 'year': 2023}, {'type': 'phone', 'brand': 'Xiaomi', 'year': 2019}]",1.0,4.0,2.0,"['clearly', 'game']",5.0,513.0,1236.0,Tashkent,Lake Christopher,100248
763,,20.0,Male,94.0,,East Jenniferton,,2016-09-29 00:00:00,Data Science,110.0,inactive,,excellent,233.0,1983-06-23 00:00:00,"03154 Jessica Islands Apt. 709, New Kennethton","{'hobbies': ['society', 'money'], 'skills': {'tech': {'python': 4, 'excel': 5, 'sql': 2}, 'soft': ['such', 'seem']}, 'family': {'siblings': 4, 'income': {'father': 1284, 'mother': 622}}, 'devices': [{'type': 'laptop', 'brand': 'Dell', 'year': 2021}, {'type': 'phone', 'brand': 'Apple', 'year': 2022}]}","['society', 'money']","[{'type': 'laptop', 'brand': 'Dell', 'year': 2021}, {'type': 'phone', 'brand': 'Apple', 'year': 2022}]",4.0,5.0,2.0,"['such', 'seem']",4.0,1284.0,622.0,Other,,
764,,19.0,Female,90.0,,West Jessicafort,james82@smith.com,2014-07-07 06:59:14,Data Science,,active,15.5,excellent,251.0,2002-06-19 00:00:00,UZ 100103 Tashkent East Amberburgh,"{'hobbies': ['ask', 'threat'], 'skills': {'tech': {'python': 3, 'excel': 3, 'sql': 3}, 'soft': ['ok', 'they']}, 'family': {'siblings': 2, 'income': {'father': 1394, 'mother': 909}}, 'devices': [{'type': 'laptop', 'brand': 'Lenovo', 'year': 2023}, {'type': 'phone', 'brand': 'Xiaomi', 'year': 2018}]}","['ask', 'threat']","[{'type': 'laptop', 'brand': 'Lenovo', 'year': 2023}, {'type': 'phone', 'brand': 'Xiaomi', 'year': 2018}]",3.0,3.0,3.0,"['ok', 'they']",2.0,1394.0,909.0,Tashkent,,100103
765,Tammy Garcia,18.0,Unknown,90.0,,South Dorischester,,2010-04-24 00:00:00,Other,110.0,pending,,excellent,197.0,2005-12-10 00:00:00,"57963 Rachel Lock, Kevinhaven","{""hobbies"": [""mind"", ""even""], ""skills"": {""tech"": {""python"": 2, ""excel"": 3, ""sql"": 4}, ""soft"": [""reduce"", ""learn""]}, ""family"": {""siblings"": 1, ""income"": {""father"": 483, ""mother"": 213}}, ""devices"": [{""type"": ""laptop"", ""brand"": ""HP"", ""year"": 2018}, {""type"": ""phone"", ""brand"": ""Apple"", ""year"": 2021}]}","['mind', 'even']","[{'type': 'laptop', 'brand': 'HP', 'year': 2018}, {'type': 'phone', 'brand': 'Apple', 'year': 2021}]",2.0,3.0,4.0,"['reduce', 'learn']",1.0,483.0,213.0,Other,,
766,Mr. Andre Miller,21.0,Female,,+998158745236,Garrettstad,,1973-06-17 06:27:00,Data Science,65.0,inactive,15.5,excellent,60.0,1990-12-29 00:00:00,UZ 100834 Tashkent South Kathrynberg,INVALID_JSON_DATA,,,,,,,,,,Tashkent,,100834
767,Angelica Holmes,20.0,Male,,,Lake Matthew,,2008-07-04 00:00:00,Data Science,75.0,inactive,4.5,good,188.0,,"Apartment 39, Williamsshire district, Tashkent, UZ, 100365","{hobbies:['western', 'last']}",,,,,,,,,,Tashkent,Williamsshire,100365
768,Jonathan Doyle,20.0,Female,76.0,+998536577382,Walkerhaven,ericray@yahoo.com,,Other,,active,0.0,average,123.0,2024-08-03 00:00:00,"BROKEN,ADDRESS,DATA,,,",INVALID_JSON_DATA,,,,,,,,,,,,
769,,20.0,Female,90.0,,Saraville,,2012-08-16 21:43:55,Data Science,,inactive,1.54,good,279.0,1991-12-10 00:00:00,"East Alexchester 14-kv, dom 31, Tashkent","{'hobbies': ['test', 'reveal'], 'skills': {'tech': {'python': 1, 'excel': 1, 'sql': 4}, 'soft': ['national', 'but']}, 'family': {'siblings': 4, 'income': {'father': 404, 'mother': 737}}, 'devices': [{'type': 'laptop', 'brand': 'Lenovo', 'year': 2023}, {'type': 'phone', 'brand': 'Apple', 'year': 2023}]}","['test', 'reveal']","[{'type': 'laptop', 'brand': 'Lenovo', 'year': 2023}, {'type': 'phone', 'brand': 'Apple', 'year': 2023}]",1.0,1.0,4.0,"['national', 'but']",4.0,404.0,737.0,Tashkent,,
770,Gene Gill,20.0,Female,55.0,+998740833901,Port Angelberg,angeladavis@crawford.org,2024-11-23 08:36:44,Data Science,,inactive,3.7,good,299.0,1985-04-24 11:22:00,UZ 100052 Tashkent Samanthatown,"{'hobbies': ['money', 'expect'], 'skills': {'tech': {'python': 2, 'excel': 3, 'sql': 2}, 'soft': ['paper', 'bit']}, 'family': {'siblings': 1, 'income': {'father': 376, 'mother': 1305}}, 'devices': [{'type': 'laptop', 'brand': 'HP', 'year': 2016}, {'type': 'phone', 'brand': 'Samsung', 'year': 2021}]}","['money', 'expect']","[{'type': 'laptop', 'brand': 'HP', 'year': 2016}, {'type': 'phone', 'brand': 'Samsung', 'year': 2021}]",2.0,3.0,2.0,"['paper', 'bit']",1.0,376.0,1305.0,Tashkent,,100052
771,,21.0,Male,90.0,+998279769186,Jenniferburgh,,1996-09-29 00:00:00,Data Science,110.0,active,,average,184.0,1993-12-02 22:20:25,"Pamelaburgh 11-kv, dom 21, Tashkent",INVALID_JSON_DATA,,,,,,,,,,Tashkent,,
772,Christopher Sullivan,20.0,Female,77.0,+998353459683,Joshuaside,hunter62@vazquez-lewis.com,1988-10-16 00:00:00,Python,110.0,active,4.5,excellent,296.0,1991-02-09 20:50:41,UZ 100672 Tashkent East Jacobshire,"{'hobbies': ['short', 'number'], 'skills': {'tech': {'python': 3, 'excel': 1, 'sql': 5}, 'soft': ['occur', 'open']}, 'family': {'siblings': 5, 'income': {'father': 1495, 'mother': 772}}, 'devices': [{'type': 'laptop', 'brand': 'Lenovo', 'year': 2024}, {'type': 'phone', 'brand': 'Xiaomi', 'year': 2023}]}","['short', 'number']","[{'type': 'laptop', 'brand': 'Lenovo', 'year': 2024}, {'type': 'phone', 'brand': 'Xiaomi', 'year': 2023}]",3.0,1.0,5.0,"['occur', 'open']",5.0,1495.0,772.0,Tashkent,,100672
773,Tracy Austin,,Male,,,South Ivanburgh,,1980-01-31 23:10:42,Data Science,110.0,inactive,,,109.0,,UZ 100291 Tashkent West Andrew,"{hobbies:['boy', 'single']}",,,,,,,,,,Tashkent,,100291
774,Kristina Anderson,18.0,Female,89.0,,East Jill,jake25@mcgee.com,1991-04-21 04:36:49,Data Science,79.0,inactive,15.5,excellent,85.0,1994-03-13 11:19:00,"BROKEN,ADDRESS,DATA,,,","{'hobbies': ['ever', 'down'], 'skills': {'tech': {'python': 4, 'excel': 2, 'sql': 2}, 'soft': ['turn', 'gun']}, 'family': {'siblings': 3, 'income': {'father': 362, 'mother': 641}}, 'devices': [{'type': 'laptop', 'brand': 'Dell', 'year': 2018}, {'type': 'phone', 'brand': 'Xiaomi', 'year': 2023}]}","['ever', 'down']","[{'type': 'laptop', 'brand': 'Dell', 'year': 2018}, {'type': 'phone', 'brand': 'Xiaomi', 'year': 2023}]",4.0,2.0,2.0,"['turn', 'gun']",3.0,362.0,641.0,,,
775,Chelsea Thompson,18.0,Female,90.0,+998465843276,Claystad,,2021-05-13 00:00:00,Data Science,,inactive,-2.0,good,239.0,1996-02-16 00:11:40,UZ 100223 Tashkent North Julie,"{""hobbies"": [""from"", ""already""], ""skills"": {""tech"": {""python"": 4, ""excel"": 2, ""sql"": 3}, ""soft"": [""magazine"", ""place""]}, ""family"": {""siblings"": 5, ""income"": {""father"": 1061, ""mother"": 281}}, ""devices"": [{""type"": ""laptop"", ""brand"": ""Dell"", ""year"": 2021}, {""type"": ""phone"", ""brand"": ""Samsung"", ""year"": 2022}]}","['from', 'already']","[{'type': 'laptop', 'brand': 'Dell', 'year': 2021}, {'type': 'phone', 'brand': 'Samsung', 'year': 2022}]",4.0,2.0,3.0,"['magazine', 'place']",5.0,1061.0,281.0,Tashkent,,100223
776,Madison James,,Female,73.0,+998070294233,East Dylan,,2007-11-01 17:58:00,Data Science,,inactive,3.7,good,265.0,1998-04-22 14:38:00,"BROKEN,ADDRESS,DATA,,,","{""hobbies"": [""paper"", ""chance""], ""skills"": {""tech"": {""python"": 3, ""excel"": 3, ""sql"": 1}, ""soft"": [""economy"", ""let""]}, ""family"": {""siblings"": 0, ""income"": {""father"": 773, ""mother"": 1052}}, ""devices"": [{""type"": ""laptop"", ""brand"": ""Lenovo"", ""year"": 2024}, {""type"": ""phone"", ""brand"": ""Xiaomi"", ""year"": 2019}]}","['paper', 'chance']","[{'type': 'laptop', 'brand': 'Lenovo', 'year': 2024}, {'type': 'phone', 'brand': 'Xiaomi', 'year': 2019}]",3.0,3.0,1.0,"['economy', 'let']",0.0,773.0,1052.0,,,
777,Adam Barnes,20.0,Female,90.0,+998061866344,Lake Nicoleton,jeffrey42@kelly.com,2024-01-25 07:14:00,Data Science,93.0,pending,3.7,excellent,176.0,,"10288 Charles Expressway, Davidshire","{hobbies:['majority', 'size']}",,,,,,,,,,Other,,
778,Tony Holland,20.0,Male,,,Heathermouth,melissa71@yahoo.com,1998-07-08 00:00:00,Data Science,84.0,active,0.0,excellent,260.0,1978-01-09 09:40:35,"0850 Norma Manor Apt. 789, Port Aprilshire","{hobbies:['conference', 'clear']}",,,,,,,,,,Other,,
779,,20.0,Female,89.0,,North Jennifer,,,Data Science,98.0,active,3.7,excellent,78.0,,"Lake Katherine 9-kv, dom 42, Tashkent","{""hobbies"": [""forget"", ""capital""], ""skills"": {""tech"": {""python"": 3, ""excel"": 3, ""sql"": 5}, ""soft"": [""memory"", ""reveal""]}, ""family"": {""siblings"": 3, ""income"": {""father"": 606, ""mother"": 211}}, ""devices"": [{""type"": ""laptop"", ""brand"": ""Dell"", ""year"": 2017}, {""type"": ""phone"", ""brand"": ""Xiaomi"", ""year"": 2021}]}","['forget', 'capital']","[{'type': 'laptop', 'brand': 'Dell', 'year': 2017}, {'type': 'phone', 'brand': 'Xiaomi', 'year': 2021}]",3.0,3.0,5.0,"['memory', 'reveal']",3.0,606.0,211.0,Tashkent,,
780,Elizabeth Carrillo,21.0,Female,89.0,+998431621121,Ayalaport,,2020-04-28 00:00:00,Other,69.0,active,4.5,excellent,164.0,2009-06-19 12:52:45,"Apartment 23, East Matthew district, Tashkent, UZ, 100465",INVALID_JSON_DATA,,,,,,,,,,Tashkent,East Matthew,100465
781,Abigail Miller,,Female,65.0,+998579606516,West Carl,,1997-05-03 00:00:00,Data Science,,pending,,average,276.0,,"South Jennifer 6-kv, dom 50, Tashkent","{""hobbies"": [""fine"", ""traditional""], ""skills"": {""tech"": {""python"": 5, ""excel"": 2, ""sql"": 3}, ""soft"": [""seven"", ""guess""]}, ""family"": {""siblings"": 0, ""income"": {""father"": 547, ""mother"": 1304}}, ""devices"": [{""type"": ""laptop"", ""brand"": ""Lenovo"", ""year"": 2019}, {""type"": ""phone"", ""brand"": ""Xiaomi"", ""year"": 2022}]}","['fine', 'traditional']","[{'type': 'laptop', 'brand': 'Lenovo', 'year': 2019}, {'type': 'phone', 'brand': 'Xiaomi', 'year': 2022}]",5.0,2.0,3.0,"['seven', 'guess']",0.0,547.0,1304.0,Tashkent,,
782,Erika Thompson,,Male,72.0,+998486105057,New Donborough,,1976-03-14 00:00:00,Other,110.0,pending,4.5,average,238.0,1988-06-23 00:00:00,"BROKEN,ADDRESS,DATA,,,","{hobbies:['able', 'toward']}",,,,,,,,,,,,
783,Richard Powell,18.0,Unknown,69.0,,Jameschester,,,Data Science,110.0,inactive,0.0,good,73.0,1973-07-25 00:00:00,"Apartment 9, Christinastad district, Tashkent, UZ, 100084","{'hobbies': ['along', 'staff'], 'skills': {'tech': {'python': 1, 'excel': 3, 'sql': 5}, 'soft': ['energy', 'outside']}, 'family': {'siblings': 0, 'income': {'father': 524, 'mother': 1011}}, 'devices': [{'type': 'laptop', 'brand': 'Dell', 'year': 2017}, {'type': 'phone', 'brand': 'Apple', 'year': 2021}]}","['along', 'staff']","[{'type': 'laptop', 'brand': 'Dell', 'year': 2017}, {'type': 'phone', 'brand': 'Apple', 'year': 2021}]",1.0,3.0,5.0,"['energy', 'outside']",0.0,524.0,1011.0,Tashkent,Christinastad,100084
784,Howard Frank,,Unknown,,+998602992499,New Shelia,,1996-03-16 00:00:00,Data Science,110.0,inactive,-2.0,excellent,298.0,2008-11-19 00:00:00,UZ 100325 Tashkent Michaelland,"{'hobbies': ['ball', 'suddenly'], 'skills': {'tech': {'python': 3, 'excel': 2, 'sql': 4}, 'soft': ['future', 'out']}, 'family': {'siblings': 0, 'income': {'father': 1069, 'mother': 255}}, 'devices': [{'type': 'laptop', 'brand': 'HP', 'year': 2022}, {'type': 'phone', 'brand': 'Xiaomi', 'year': 2021}]}","['ball', 'suddenly']","[{'type': 'laptop', 'brand': 'HP', 'year': 2022}, {'type': 'phone', 'brand': 'Xiaomi', 'year': 2021}]",3.0,2.0,4.0,"['future', 'out']",0.0,1069.0,255.0,Tashkent,,100325
785,,21.0,Unknown,59.0,+998534701254,Morrisstad,,1982-04-27 00:00:00,Data Science,,active,15.5,,147.0,,"033 Stewart Lights Suite 397, South Courtneymouth","{'hobbies': ['organization', 'near'], 'skills': {'tech': {'python': 1, 'excel': 3, 'sql': 4}, 'soft': ['share', 'interest']}, 'family': {'siblings': 4, 'income': {'father': 1393, 'mother': 672}}, 'devices': [{'type': 'laptop', 'brand': 'Dell', 'year': 2015}, {'type': 'phone', 'brand': 'Xiaomi', 'year': 2022}]}","['organization', 'near']","[{'type': 'laptop', 'brand': 'Dell', 'year': 2015}, {'type': 'phone', 'brand': 'Xiaomi', 'year': 2022}]",1.0,3.0,4.0,"['share', 'interest']",4.0,1393.0,672.0,Other,,
786,,20.0,Female,76.0,,Jonathanchester,cortezholly@yahoo.com,,Data Science,61.0,pending,0.0,,128.0,,"697 Debbie Neck Suite 615, Fosterside","{hobbies:['meet', 'thought']}",,,,,,,,,,Other,,
787,Bradley Schwartz,22.0,Unknown,92.0,+998081435711,South Jacquelinemouth,jeanette11@smith.com,1995-11-26 00:00:00,Data Science,,pending,4.5,average,244.0,2011-07-02 00:00:00,"BROKEN,ADDRESS,DATA,,,","{'hobbies': ['several', 'practice'], 'skills': {'tech': {'python': 5, 'excel': 5, 'sql': 4}, 'soft': ['strategy', 'hear']}, 'family': {'siblings': 3, 'income': {'father': 757, 'mother': 1335}}, 'devices': [{'type': 'laptop', 'brand': 'Dell', 'year': 2018}, {'type': 'phone', 'brand': 'Xiaomi', 'year': 2020}]}","['several', 'practice']","[{'type': 'laptop', 'brand': 'Dell', 'year': 2018}, {'type': 'phone', 'brand': 'Xiaomi', 'year': 2020}]",5.0,5.0,4.0,"['strategy', 'hear']",3.0,757.0,1335.0,,,
788,Michelle Jones,,Female,79.0,+998058632330,Anthonyshire,,,Other,94.0,inactive,0.0,,65.0,2000-06-01 00:00:00,UZ 100501 Tashkent Ochoahaven,"{""hobbies"": [""nice"", ""last""], ""skills"": {""tech"": {""python"": 5, ""excel"": 3, ""sql"": 5}, ""soft"": [""avoid"", ""include""]}, ""family"": {""siblings"": 2, ""income"": {""father"": 829, ""mother"": 631}}, ""devices"": [{""type"": ""laptop"", ""brand"": ""HP"", ""year"": 2019}, {""type"": ""phone"", ""brand"": ""Samsung"", ""year"": 2022}]}","['nice', 'last']","[{'type': 'laptop', 'brand': 'HP', 'year': 2019}, {'type': 'phone', 'brand': 'Samsung', 'year': 2022}]",5.0,3.0,5.0,"['avoid', 'include']",2.0,829.0,631.0,Tashkent,,100501
789,Bradley Hawkins,22.0,Female,71.0,+998205972324,East Sarahport,vazquezjessica@gmail.com,2004-04-14 23:11:00,Other,,active,15.5,excellent,237.0,1993-01-30 02:39:27,"3626 Joseph Bridge, Port Rebecca","{hobbies:['responsibility', 'city']}",,,,,,,,,,Other,,
790,Edward Holmes,21.0,Female,51.0,,East Deborahview,,2012-10-22 00:00:00,Other,110.0,inactive,3.7,average,184.0,2016-12-09 23:58:10,"Apartment 2, North Melissafort district, Tashkent, UZ, 100116","{""hobbies"": [""establish"", ""evidence""], ""skills"": {""tech"": {""python"": 1, ""excel"": 5, ""sql"": 4}, ""soft"": [""color"", ""main""]}, ""family"": {""siblings"": 2, ""income"": {""father"": 1287, ""mother"": 408}}, ""devices"": [{""type"": ""laptop"", ""brand"": ""Lenovo"", ""year"": 2019}, {""type"": ""phone"", ""brand"": ""Apple"", ""year"": 2022}]}","['establish', 'evidence']","[{'type': 'laptop', 'brand': 'Lenovo', 'year': 2019}, {'type': 'phone', 'brand': 'Apple', 'year': 2022}]",1.0,5.0,4.0,"['color', 'main']",2.0,1287.0,408.0,Tashkent,North Melissafort,100116
791,Tyler Burke,20.0,Unknown,95.0,,South Jeremy,,1984-06-08 00:00:00,Python,101.0,inactive,0.0,,276.0,1976-04-26 00:00:00,"South Michellestad 28-kv, dom 8, Tashkent","{'hobbies': ['out', 'art'], 'skills': {'tech': {'python': 1, 'excel': 3, 'sql': 4}, 'soft': ['affect', 'prepare']}, 'family': {'siblings': 3, 'income': {'father': 558, 'mother': 689}}, 'devices': [{'type': 'laptop', 'brand': 'Dell', 'year': 2018}, {'type': 'phone', 'brand': 'Xiaomi', 'year': 2024}]}","['out', 'art']","[{'type': 'laptop', 'brand': 'Dell', 'year': 2018}, {'type': 'phone', 'brand': 'Xiaomi', 'year': 2024}]",1.0,3.0,4.0,"['affect', 'prepare']",3.0,558.0,689.0,Tashkent,,
792,,,Female,,+998897524802,Danaburgh,,1982-07-29 00:00:00,Data Science,110.0,pending,0.0,excellent,201.0,1997-01-31 00:00:00,UZ 100432 Tashkent Angelaberg,"{'hobbies': ['upon', 'education'], 'skills': {'tech': {'python': 5, 'excel': 4, 'sql': 5}, 'soft': ['data', 'technology']}, 'family': {'siblings': 0, 'income': {'father': 1399, 'mother': 1094}}, 'devices': [{'type': 'laptop', 'brand': 'Lenovo', 'year': 2022}, {'type': 'phone', 'brand': 'Apple', 'year': 2018}]}","['upon', 'education']","[{'type': 'laptop', 'brand': 'Lenovo', 'year': 2022}, {'type': 'phone', 'brand': 'Apple', 'year': 2018}]",5.0,4.0,5.0,"['data', 'technology']",0.0,1399.0,1094.0,Tashkent,,100432
793,Alexander Baird,20.0,Female,88.0,,Rickyland,,1993-05-04 08:28:16,Data Science,,pending,15.5,,92.0,2018-07-19 00:00:00,"BROKEN,ADDRESS,DATA,,,","{'hobbies': ['ago', 'the'], 'skills': {'tech': {'python': 2, 'excel': 2, 'sql': 4}, 'soft': ['throughout', 'last']}, 'family': {'siblings': 5, 'income': {'father': 1117, 'mother': 593}}, 'devices': [{'type': 'laptop', 'brand': 'HP', 'year': 2023}, {'type': 'phone', 'brand': 'Apple', 'year': 2024}]}","['ago', 'the']","[{'type': 'laptop', 'brand': 'HP', 'year': 2023}, {'type': 'phone', 'brand': 'Apple', 'year': 2024}]",2.0,2.0,4.0,"['throughout', 'last']",5.0,1117.0,593.0,,,
794,,18.0,Male,70.0,+998213176504,West Angelastad,,1974-10-30 12:21:00,Data Science,,inactive,-2.0,excellent,236.0,1989-12-24 00:00:00,"Apartment 42, New Fernando district, Tashkent, UZ, 100031","{'hobbies': ['avoid', 'happen'], 'skills': {'tech': {'python': 4, 'excel': 4, 'sql': 2}, 'soft': ['choice', 'prove']}, 'family': {'siblings': 3, 'income': {'father': 881, 'mother': 297}}, 'devices': [{'type': 'laptop', 'brand': 'Dell', 'year': 2019}, {'type': 'phone', 'brand': 'Samsung', 'year': 2021}]}","['avoid', 'happen']","[{'type': 'laptop', 'brand': 'Dell', 'year': 2019}, {'type': 'phone', 'brand': 'Samsung', 'year': 2021}]",4.0,4.0,2.0,"['choice', 'prove']",3.0,881.0,297.0,Tashkent,New Fernando,100031
795,,20.0,Female,,+998121529772,East Jo,,2025-04-23 00:00:00,Data Science,,active,4.5,,242.0,2020-04-03 00:00:00,"Stephaniebury 3-kv, dom 8, Tashkent","{'hobbies': ['from', 'fall'], 'skills': {'tech': {'python': 1, 'excel': 2, 'sql': 2}, 'soft': ['assume', 'late']}, 'family': {'siblings': 1, 'income': {'father': 454, 'mother': 658}}, 'devices': [{'type': 'laptop', 'brand': 'Dell', 'year': 2024}, {'type': 'phone', 'brand': 'Apple', 'year': 2018}]}","['from', 'fall']","[{'type': 'laptop', 'brand': 'Dell', 'year': 2024}, {'type': 'phone', 'brand': 'Apple', 'year': 2018}]",1.0,2.0,2.0,"['assume', 'late']",1.0,454.0,658.0,Tashkent,,
796,,20.0,Female,90.0,+998386067820,Port John,,1984-06-16 00:00:00,Data Science,,pending,,good,163.0,2021-08-30 18:23:53,"BROKEN,ADDRESS,DATA,,,","{'hobbies': ['fact', 'boy'], 'skills': {'tech': {'python': 2, 'excel': 5, 'sql': 5}, 'soft': ['newspaper', 'look']}, 'family': {'siblings': 2, 'income': {'father': 1337, 'mother': 528}}, 'devices': [{'type': 'laptop', 'brand': 'HP', 'year': 2018}, {'type': 'phone', 'brand': 'Apple', 'year': 2020}]}","['fact', 'boy']","[{'type': 'laptop', 'brand': 'HP', 'year': 2018}, {'type': 'phone', 'brand': 'Apple', 'year': 2020}]",2.0,5.0,5.0,"['newspaper', 'look']",2.0,1337.0,528.0,,,
797,Grant Oneill,21.0,Female,90.0,+998076368425,Mcmillanview,,,Other,109.0,inactive,,good,84.0,2019-05-16 01:21:00,UZ 100895 Tashkent West Jessicaview,"{""hobbies"": [""table"", ""least""], ""skills"": {""tech"": {""python"": 2, ""excel"": 5, ""sql"": 2}, ""soft"": [""believe"", ""stock""]}, ""family"": {""siblings"": 1, ""income"": {""father"": 1214, ""mother"": 592}}, ""devices"": [{""type"": ""laptop"", ""brand"": ""HP"", ""year"": 2017}, {""type"": ""phone"", ""brand"": ""Xiaomi"", ""year"": 2019}]}","['table', 'least']","[{'type': 'laptop', 'brand': 'HP', 'year': 2017}, {'type': 'phone', 'brand': 'Xiaomi', 'year': 2019}]",2.0,5.0,2.0,"['believe', 'stock']",1.0,1214.0,592.0,Tashkent,,100895
798,,19.0,Female,92.0,+998262675937,Kerrymouth,,,Other,,inactive,0.0,excellent,295.0,2023-12-10 17:59:07,"01332 Gordon Ford Apt. 639, East Pamelachester","{""hobbies"": [""at"", ""word""], ""skills"": {""tech"": {""python"": 5, ""excel"": 1, ""sql"": 5}, ""soft"": [""occur"", ""training""]}, ""family"": {""siblings"": 0, ""income"": {""father"": 373, ""mother"": 699}}, ""devices"": [{""type"": ""laptop"", ""brand"": ""HP"", ""year"": 2021}, {""type"": ""phone"", ""brand"": ""Samsung"", ""year"": 2023}]}","['at', 'word']","[{'type': 'laptop', 'brand': 'HP', 'year': 2021}, {'type': 'phone', 'brand': 'Samsung', 'year': 2023}]",5.0,1.0,5.0,"['occur', 'training']",0.0,373.0,699.0,Other,,
799,Linda Hernandez,19.0,Female,61.0,,New Kylefort,,2004-09-25 04:34:00,Data Science,,active,3.7,excellent,75.0,1977-12-31 12:06:52,"BROKEN,ADDRESS,DATA,,,","{""hobbies"": [""continue"", ""everybody""], ""skills"": {""tech"": {""python"": 5, ""excel"": 5, ""sql"": 4}, ""soft"": [""others"", ""actually""]}, ""family"": {""siblings"": 1, ""income"": {""father"": 1008, ""mother"": 679}}, ""devices"": [{""type"": ""laptop"", ""brand"": ""Dell"", ""year"": 2015}, {""type"": ""phone"", ""brand"": ""Xiaomi"", ""year"": 2022}]}","['continue', 'everybody']","[{'type': 'laptop', 'brand': 'Dell', 'year': 2015}, {'type': 'phone', 'brand': 'Xiaomi', 'year': 2022}]",5.0,5.0,4.0,"['others', 'actually']",1.0,1008.0,679.0,,,
800,Jeffrey Jones,,Female,71.0,+998511048595,North Lindaton,,1984-08-11 04:13:00,Data Science,74.0,inactive,3.7,average,184.0,1998-02-26 00:00:00,"West Anthony 17-kv, dom 21, Tashkent","{hobbies:['bad', 'I']}",,,,,,,,,,Tashkent,,
801,,19.0,Female,76.0,+998968304799,Bakertown,,1997-07-30 15:21:00,Data Science,64.0,inactive,4.5,good,77.0,1976-07-18 00:00:00,"Apartment 25, New Jerry district, Tashkent, UZ, 100509","{'hobbies': ['middle', 'card'], 'skills': {'tech': {'python': 1, 'excel': 5, 'sql': 5}, 'soft': ['really', 'eye']}, 'family': {'siblings': 5, 'income': {'father': 1041, 'mother': 306}}, 'devices': [{'type': 'laptop', 'brand': 'HP', 'year': 2016}, {'type': 'phone', 'brand': 'Xiaomi', 'year': 2020}]}","['middle', 'card']","[{'type': 'laptop', 'brand': 'HP', 'year': 2016}, {'type': 'phone', 'brand': 'Xiaomi', 'year': 2020}]",1.0,5.0,5.0,"['really', 'eye']",5.0,1041.0,306.0,Tashkent,New Jerry,100509
802,Debra Wade,20.0,Male,97.0,+998078139193,West Cynthiafurt,,2025-10-28 02:46:41,Python,,pending,,good,143.0,,"BROKEN,ADDRESS,DATA,,,","{'hobbies': ['star', 'above'], 'skills': {'tech': {'python': 5, 'excel': 2, 'sql': 5}, 'soft': ['deal', 'each']}, 'family': {'siblings': 5, 'income': {'father': 509, 'mother': 343}}, 'devices': [{'type': 'laptop', 'brand': 'HP', 'year': 2016}, {'type': 'phone', 'brand': 'Samsung', 'year': 2018}]}","['star', 'above']","[{'type': 'laptop', 'brand': 'HP', 'year': 2016}, {'type': 'phone', 'brand': 'Samsung', 'year': 2018}]",5.0,2.0,5.0,"['deal', 'each']",5.0,509.0,343.0,,,
803,Michael Pacheco,18.0,Male,90.0,,Daviesland,,1972-05-19 00:00:00,Other,85.0,inactive,0.0,good,243.0,1987-04-07 00:00:00,"BROKEN,ADDRESS,DATA,,,",INVALID_JSON_DATA,,,,,,,,,,,,
804,Erika Hardy,20.0,Female,82.0,+998957655179,North Dennis,,1996-08-30 00:00:00,Data Science,,inactive,3.7,,88.0,1993-02-24 00:00:00,UZ 100460 Tashkent Nicholasport,INVALID_JSON_DATA,,,,,,,,,,Tashkent,,100460
805,Lisa Gibson,20.0,Female,70.0,,Lake Allisonport,kelleywanda@yahoo.com,2003-01-20 00:00:00,Data Science,89.0,active,0.0,good,187.0,,"Kristinabury 6-kv, dom 7, Tashkent","{'hobbies': ['five', 'the'], 'skills': {'tech': {'python': 3, 'excel': 3, 'sql': 4}, 'soft': ['pay', 'attention']}, 'family': {'siblings': 1, 'income': {'father': 987, 'mother': 601}}, 'devices': [{'type': 'laptop', 'brand': 'HP', 'year': 2024}, {'type': 'phone', 'brand': 'Xiaomi', 'year': 2022}]}","['five', 'the']","[{'type': 'laptop', 'brand': 'HP', 'year': 2024}, {'type': 'phone', 'brand': 'Xiaomi', 'year': 2022}]",3.0,3.0,4.0,"['pay', 'attention']",1.0,987.0,601.0,Tashkent,,
806,,19.0,Female,68.0,+998629356533,South Juliehaven,,2019-05-29 00:00:00,Data Science,110.0,inactive,3.7,average,296.0,1977-01-27 16:13:00,UZ 100501 Tashkent Jeffreyhaven,"{hobbies:['half', 'season']}",,,,,,,,,,Tashkent,,100501
807,,22.0,Female,90.0,+998945761097,Port Sarah,kenneth39@anthony.info,1984-01-28 00:00:00,Data Science,110.0,inactive,,,113.0,,UZ 100749 Tashkent Angieborough,"{'hobbies': ['treatment', 'medical'], 'skills': {'tech': {'python': 1, 'excel': 2, 'sql': 3}, 'soft': ['reach', 'unit']}, 'family': {'siblings': 1, 'income': {'father': 1437, 'mother': 1091}}, 'devices': [{'type': 'laptop', 'brand': 'Dell', 'year': 2019}, {'type': 'phone', 'brand': 'Samsung', 'year': 2024}]}","['treatment', 'medical']","[{'type': 'laptop', 'brand': 'Dell', 'year': 2019}, {'type': 'phone', 'brand': 'Samsung', 'year': 2024}]",1.0,2.0,3.0,"['reach', 'unit']",1.0,1437.0,1091.0,Tashkent,,100749
808,Sharon Moore,20.0,Unknown,90.0,+998402387416,Albertshire,,2019-01-26 00:00:00,Data Science,,active,-2.0,excellent,252.0,1984-12-26 14:43:24,"Apartment 44, North James district, Tashkent, UZ, 100181","{""hobbies"": [""nothing"", ""machine""], ""skills"": {""tech"": {""python"": 5, ""excel"": 4, ""sql"": 1}, ""soft"": [""night"", ""rather""]}, ""family"": {""siblings"": 2, ""income"": {""father"": 1220, ""mother"": 1068}}, ""devices"": [{""type"": ""laptop"", ""brand"": ""Dell"", ""year"": 2024}, {""type"": ""phone"", ""brand"": ""Apple"", ""year"": 2018}]}","['nothing', 'machine']","[{'type': 'laptop', 'brand': 'Dell', 'year': 2024}, {'type': 'phone', 'brand': 'Apple', 'year': 2018}]",5.0,4.0,1.0,"['night', 'rather']",2.0,1220.0,1068.0,Tashkent,North James,100181
809,Amber Kelly,20.0,Male,,,Port Jerry,,2017-01-01 00:00:00,Data Science,110.0,pending,4.03,average,292.0,2017-09-08 01:33:00,"BROKEN,ADDRESS,DATA,,,","{'hobbies': ['method', 'within'], 'skills': {'tech': {'python': 3, 'excel': 5, 'sql': 1}, 'soft': ['put', 'leg']}, 'family': {'siblings': 4, 'income': {'father': 734, 'mother': 1405}}, 'devices': [{'type': 'laptop', 'brand': 'Lenovo', 'year': 2024}, {'type': 'phone', 'brand': 'Apple', 'year': 2023}]}","['method', 'within']","[{'type': 'laptop', 'brand': 'Lenovo', 'year': 2024}, {'type': 'phone', 'brand': 'Apple', 'year': 2023}]",3.0,5.0,1.0,"['put', 'leg']",4.0,734.0,1405.0,,,
810,Jennifer English,,Male,,,Port Joshua,,2019-09-03 19:30:30,Other,90.0,inactive,4.5,,109.0,2007-11-21 13:42:05,"Apartment 17, Port Brandi district, Tashkent, UZ, 100041","{""hobbies"": [""property"", ""resource""], ""skills"": {""tech"": {""python"": 2, ""excel"": 3, ""sql"": 5}, ""soft"": [""behavior"", ""situation""]}, ""family"": {""siblings"": 4, ""income"": {""father"": 682, ""mother"": 1487}}, ""devices"": [{""type"": ""laptop"", ""brand"": ""Dell"", ""year"": 2023}, {""type"": ""phone"", ""brand"": ""Xiaomi"", ""year"": 2020}]}","['property', 'resource']","[{'type': 'laptop', 'brand': 'Dell', 'year': 2023}, {'type': 'phone', 'brand': 'Xiaomi', 'year': 2020}]",2.0,3.0,5.0,"['behavior', 'situation']",4.0,682.0,1487.0,Tashkent,Port Brandi,100041
811,Crystal King,18.0,Unknown,,+998513298883,New Taylorchester,jennakeller@yahoo.com,,Data Science,105.0,pending,,good,129.0,1982-12-09 05:21:06,UZ 100887 Tashkent Port Brendafurt,"{'hobbies': ['suffer', 'fight'], 'skills': {'tech': {'python': 2, 'excel': 1, 'sql': 2}, 'soft': ['head', 'always']}, 'family': {'siblings': 5, 'income': {'father': 1440, 'mother': 1458}}, 'devices': [{'type': 'laptop', 'brand': 'HP', 'year': 2020}, {'type': 'phone', 'brand': 'Apple', 'year': 2019}]}","['suffer', 'fight']","[{'type': 'laptop', 'brand': 'HP', 'year': 2020}, {'type': 'phone', 'brand': 'Apple', 'year': 2019}]",2.0,1.0,2.0,"['head', 'always']",5.0,1440.0,1458.0,Tashkent,,100887
812,,22.0,Male,90.0,,Port Brianside,,,Data Science,,inactive,15.5,average,52.0,2005-07-06 00:00:00,"Apartment 14, East Monica district, Tashkent, UZ, 100389","{""hobbies"": [""teacher"", ""tell""], ""skills"": {""tech"": {""python"": 2, ""excel"": 4, ""sql"": 5}, ""soft"": [""research"", ""under""]}, ""family"": {""siblings"": 5, ""income"": {""father"": 357, ""mother"": 805}}, ""devices"": [{""type"": ""laptop"", ""brand"": ""Lenovo"", ""year"": 2019}, {""type"": ""phone"", ""brand"": ""Apple"", ""year"": 2022}]}","['teacher', 'tell']","[{'type': 'laptop', 'brand': 'Lenovo', 'year': 2019}, {'type': 'phone', 'brand': 'Apple', 'year': 2022}]",2.0,4.0,5.0,"['research', 'under']",5.0,357.0,805.0,Tashkent,East Monica,100389
813,Aaron Webster,20.0,Unknown,84.0,+998866642250,West Donna,,1993-09-02 02:08:00,Python,,pending,3.7,good,203.0,,"BROKEN,ADDRESS,DATA,,,","{""hobbies"": [""rate"", ""she""], ""skills"": {""tech"": {""python"": 3, ""excel"": 3, ""sql"": 1}, ""soft"": [""important"", ""various""]}, ""family"": {""siblings"": 1, ""income"": {""father"": 693, ""mother"": 463}}, ""devices"": [{""type"": ""laptop"", ""brand"": ""Lenovo"", ""year"": 2023}, {""type"": ""phone"", ""brand"": ""Samsung"", ""year"": 2021}]}","['rate', 'she']","[{'type': 'laptop', 'brand': 'Lenovo', 'year': 2023}, {'type': 'phone', 'brand': 'Samsung', 'year': 2021}]",3.0,3.0,1.0,"['important', 'various']",1.0,693.0,463.0,,,
814,Steven Kelley,20.0,Female,,,East Amandachester,,1980-05-22 00:00:00,Python,65.0,active,4.5,excellent,223.0,1982-11-20 18:43:00,"BROKEN,ADDRESS,DATA,,,",INVALID_JSON_DATA,,,,,,,,,,,,
815,,20.0,Female,83.0,+998415612583,North Josephfort,chahn@graves.com,1998-01-17 23:19:00,Data Science,110.0,active,3.69,average,107.0,2023-04-15 21:13:03,"BROKEN,ADDRESS,DATA,,,",INVALID_JSON_DATA,,,,,,,,,,,,
816,Michelle Rodriguez,18.0,Female,93.0,+998160567814,West Deanna,,2010-06-14 00:00:00,Data Science,110.0,inactive,4.5,excellent,244.0,1989-09-25 00:00:00,"BROKEN,ADDRESS,DATA,,,",INVALID_JSON_DATA,,,,,,,,,,,,
817,Joshua Munoz,20.0,Female,,+998908153530,West Margaretchester,wchan@hotmail.com,2005-01-29 00:00:00,Other,,active,3.24,average,101.0,,"Apartment 48, Williamton district, Tashkent, UZ, 100704",INVALID_JSON_DATA,,,,,,,,,,Tashkent,Williamton,100704
818,Randy Hogan,19.0,Female,,,New Laura,bennettdonna@moore.info,1991-07-19 13:36:19,Other,91.0,active,4.5,average,261.0,2021-11-08 09:20:54,"BROKEN,ADDRESS,DATA,,,","{'hobbies': ['education', 'police'], 'skills': {'tech': {'python': 4, 'excel': 5, 'sql': 2}, 'soft': ['last', 'year']}, 'family': {'siblings': 5, 'income': {'father': 1262, 'mother': 656}}, 'devices': [{'type': 'laptop', 'brand': 'Lenovo', 'year': 2022}, {'type': 'phone', 'brand': 'Samsung', 'year': 2018}]}","['education', 'police']","[{'type': 'laptop', 'brand': 'Lenovo', 'year': 2022}, {'type': 'phone', 'brand': 'Samsung', 'year': 2018}]",4.0,5.0,2.0,"['last', 'year']",5.0,1262.0,656.0,,,
819,Thomas Rogers,20.0,Female,90.0,+998745394440,Sandramouth,,1970-06-13 00:00:00,Other,,pending,4.5,good,85.0,1995-11-10 00:00:00,"Christineview 27-kv, dom 19, Tashkent","{'hobbies': ['leave', 'address'], 'skills': {'tech': {'python': 4, 'excel': 2, 'sql': 5}, 'soft': ['attack', 'surface']}, 'family': {'siblings': 0, 'income': {'father': 609, 'mother': 212}}, 'devices': [{'type': 'laptop', 'brand': 'HP', 'year': 2016}, {'type': 'phone', 'brand': 'Samsung', 'year': 2018}]}","['leave', 'address']","[{'type': 'laptop', 'brand': 'HP', 'year': 2016}, {'type': 'phone', 'brand': 'Samsung', 'year': 2018}]",4.0,2.0,5.0,"['attack', 'surface']",0.0,609.0,212.0,Tashkent,,
820,,20.0,Female,82.0,+998492716032,Scotthaven,,,Data Science,110.0,inactive,4.0,excellent,234.0,1972-06-06 08:39:43,"Apartment 19, Larryland district, Tashkent, UZ, 100863","{hobbies:['old', 'into']}",,,,,,,,,,Tashkent,Larryland,100863
821,,,Female,80.0,,East Melissa,tuckerjeremy@giles.net,1991-11-05 00:00:00,Data Science,113.0,active,0.0,average,208.0,1995-11-22 00:00:00,"156 Mack Ports, Floresbury","{hobbies:['news', 'economic']}",,,,,,,,,,Other,,
822,Sandra Allen,,Female,90.0,+998453138332,New Joseph,,,Python,,inactive,15.5,excellent,258.0,2022-12-02 17:50:40,"West Mark 17-kv, dom 41, Tashkent","{hobbies:['trade', 'customer']}",,,,,,,,,,Tashkent,,
823,Grace Russell,20.0,Female,95.0,,North James,kellyromero@mccoy.biz,2009-07-17 00:00:00,Data Science,110.0,pending,3.7,good,250.0,1977-11-12 00:00:00,"0473 Hess Dam Suite 547, South Charles","{hobbies:['already', 'return']}",,,,,,,,,,Other,,
824,,,Male,,,Port Nathan,,2011-07-29 13:34:00,Data Science,,inactive,4.5,excellent,158.0,,"BROKEN,ADDRESS,DATA,,,","{'hobbies': ['Republican', 'dark'], 'skills': {'tech': {'python': 3, 'excel': 5, 'sql': 5}, 'soft': ['each', 'focus']}, 'family': {'siblings': 5, 'income': {'father': 625, 'mother': 1472}}, 'devices': [{'type': 'laptop', 'brand': 'HP', 'year': 2020}, {'type': 'phone', 'brand': 'Apple', 'year': 2024}]}","['Republican', 'dark']","[{'type': 'laptop', 'brand': 'HP', 'year': 2020}, {'type': 'phone', 'brand': 'Apple', 'year': 2024}]",3.0,5.0,5.0,"['each', 'focus']",5.0,625.0,1472.0,,,
825,Elizabeth Hawkins,22.0,Female,90.0,,East Alicia,,2015-04-20 00:00:00,Other,,active,4.5,average,239.0,1974-12-25 00:00:00,"Lake Annafurt 16-kv, dom 40, Tashkent","{hobbies:['market', 'administration']}",,,,,,,,,,Tashkent,,
826,,21.0,Male,90.0,,Youngmouth,,1980-11-20 00:00:00,Other,,inactive,15.5,,270.0,1991-05-20 00:00:00,"BROKEN,ADDRESS,DATA,,,",INVALID_JSON_DATA,,,,,,,,,,,,
827,Douglas Matthews,19.0,Female,,+998680823234,Lake Donnaland,kevin36@yahoo.com,1984-09-26 10:03:00,Other,103.0,active,1.59,,229.0,1991-02-16 04:17:00,"BROKEN,ADDRESS,DATA,,,","{'hobbies': ['both', 'believe'], 'skills': {'tech': {'python': 4, 'excel': 5, 'sql': 2}, 'soft': ['the', 'culture']}, 'family': {'siblings': 3, 'income': {'father': 924, 'mother': 769}}, 'devices': [{'type': 'laptop', 'brand': 'Lenovo', 'year': 2018}, {'type': 'phone', 'brand': 'Samsung', 'year': 2022}]}","['both', 'believe']","[{'type': 'laptop', 'brand': 'Lenovo', 'year': 2018}, {'type': 'phone', 'brand': 'Samsung', 'year': 2022}]",4.0,5.0,2.0,"['the', 'culture']",3.0,924.0,769.0,,,
828,Christian Butler,22.0,Male,71.0,,Lake Christophermouth,,2000-09-20 05:52:00,Data Science,110.0,active,-2.0,excellent,299.0,1975-06-15 00:00:00,UZ 100216 Tashkent Johnchester,"{'hobbies': ['next', 'improve'], 'skills': {'tech': {'python': 1, 'excel': 2, 'sql': 1}, 'soft': ['organization', 'catch']}, 'family': {'siblings': 5, 'income': {'father': 356, 'mother': 313}}, 'devices': [{'type': 'laptop', 'brand': 'Lenovo', 'year': 2018}, {'type': 'phone', 'brand': 'Apple', 'year': 2022}]}","['next', 'improve']","[{'type': 'laptop', 'brand': 'Lenovo', 'year': 2018}, {'type': 'phone', 'brand': 'Apple', 'year': 2022}]",1.0,2.0,1.0,"['organization', 'catch']",5.0,356.0,313.0,Tashkent,,100216
829,,18.0,Unknown,90.0,,New Diane,,,Other,,active,3.7,good,242.0,2016-04-25 15:12:40,"Lake Danielview 16-kv, dom 13, Tashkent","{""hobbies"": [""night"", ""officer""], ""skills"": {""tech"": {""python"": 4, ""excel"": 5, ""sql"": 3}, ""soft"": [""relate"", ""soldier""]}, ""family"": {""siblings"": 0, ""income"": {""father"": 1467, ""mother"": 1312}}, ""devices"": [{""type"": ""laptop"", ""brand"": ""HP"", ""year"": 2019}, {""type"": ""phone"", ""brand"": ""Xiaomi"", ""year"": 2018}]}","['night', 'officer']","[{'type': 'laptop', 'brand': 'HP', 'year': 2019}, {'type': 'phone', 'brand': 'Xiaomi', 'year': 2018}]",4.0,5.0,3.0,"['relate', 'soldier']",0.0,1467.0,1312.0,Tashkent,,
830,Kevin Hayes,20.0,Male,,,South Amanda,tfisher@hotmail.com,2008-10-10 00:00:00,Data Science,,active,0.0,good,156.0,2004-10-26 05:03:41,UZ 100066 Tashkent South Kaylastad,"{'hobbies': ['successful', 'show'], 'skills': {'tech': {'python': 1, 'excel': 2, 'sql': 2}, 'soft': ['hit', 'together']}, 'family': {'siblings': 2, 'income': {'father': 1335, 'mother': 309}}, 'devices': [{'type': 'laptop', 'brand': 'HP', 'year': 2019}, {'type': 'phone', 'brand': 'Xiaomi', 'year': 2020}]}","['successful', 'show']","[{'type': 'laptop', 'brand': 'HP', 'year': 2019}, {'type': 'phone', 'brand': 'Xiaomi', 'year': 2020}]",1.0,2.0,2.0,"['hit', 'together']",2.0,1335.0,309.0,Tashkent,,100066
831,,20.0,Male,90.0,+998137847216,West Christopherside,pday@hernandez.com,1992-09-16 00:00:00,Python,110.0,pending,,,92.0,1999-01-29 16:08:09,"88881 Craig Run Suite 270, Tonyfurt","{'hobbies': ['experience', 'party'], 'skills': {'tech': {'python': 1, 'excel': 1, 'sql': 2}, 'soft': ['size', 'laugh']}, 'family': {'siblings': 2, 'income': {'father': 517, 'mother': 535}}, 'devices': [{'type': 'laptop', 'brand': 'HP', 'year': 2021}, {'type': 'phone', 'brand': 'Xiaomi', 'year': 2020}]}","['experience', 'party']","[{'type': 'laptop', 'brand': 'HP', 'year': 2021}, {'type': 'phone', 'brand': 'Xiaomi', 'year': 2020}]",1.0,1.0,2.0,"['size', 'laugh']",2.0,517.0,535.0,Other,,
832,Carrie Gonzales,,Female,,,Brandonshire,,1979-03-15 00:00:00,Other,117.0,pending,3.7,,242.0,1984-11-25 00:00:00,"BROKEN,ADDRESS,DATA,,,","{""hobbies"": [""race"", ""big""], ""skills"": {""tech"": {""python"": 4, ""excel"": 5, ""sql"": 4}, ""soft"": [""goal"", ""skill""]}, ""family"": {""siblings"": 1, ""income"": {""father"": 943, ""mother"": 974}}, ""devices"": [{""type"": ""laptop"", ""brand"": ""Dell"", ""year"": 2019}, {""type"": ""phone"", ""brand"": ""Samsung"", ""year"": 2019}]}","['race', 'big']","[{'type': 'laptop', 'brand': 'Dell', 'year': 2019}, {'type': 'phone', 'brand': 'Samsung', 'year': 2019}]",4.0,5.0,4.0,"['goal', 'skill']",1.0,943.0,974.0,,,
833,Lauren Briggs,20.0,Unknown,92.0,,Lake Jessica,,,Data Science,,pending,,excellent,88.0,1992-07-28 04:15:23,"408 Dawn Drives, Lake Richard","{'hobbies': ['strategy', 'effect'], 'skills': {'tech': {'python': 2, 'excel': 5, 'sql': 1}, 'soft': ['reduce', 'election']}, 'family': {'siblings': 1, 'income': {'father': 647, 'mother': 1099}}, 'devices': [{'type': 'laptop', 'brand': 'Lenovo', 'year': 2016}, {'type': 'phone', 'brand': 'Xiaomi', 'year': 2020}]}","['strategy', 'effect']","[{'type': 'laptop', 'brand': 'Lenovo', 'year': 2016}, {'type': 'phone', 'brand': 'Xiaomi', 'year': 2020}]",2.0,5.0,1.0,"['reduce', 'election']",1.0,647.0,1099.0,Other,,
834,Megan Roberts,21.0,Male,65.0,+998955583937,Bentonberg,,1989-09-04 00:00:00,Data Science,110.0,inactive,4.5,average,200.0,1983-09-11 00:00:00,"Apartment 11, North John district, Tashkent, UZ, 100241","{'hobbies': ['indicate', 'available'], 'skills': {'tech': {'python': 3, 'excel': 2, 'sql': 3}, 'soft': ['choose', 'evidence']}, 'family': {'siblings': 4, 'income': {'father': 1417, 'mother': 483}}, 'devices': [{'type': 'laptop', 'brand': 'Lenovo', 'year': 2022}, {'type': 'phone', 'brand': 'Xiaomi', 'year': 2024}]}","['indicate', 'available']","[{'type': 'laptop', 'brand': 'Lenovo', 'year': 2022}, {'type': 'phone', 'brand': 'Xiaomi', 'year': 2024}]",3.0,2.0,3.0,"['choose', 'evidence']",4.0,1417.0,483.0,Tashkent,North John,100241
835,Tiffany Beard,20.0,Female,99.0,,Susanchester,,,Data Science,110.0,active,4.5,average,111.0,2003-07-05 00:00:00,"BROKEN,ADDRESS,DATA,,,",INVALID_JSON_DATA,,,,,,,,,,,,
836,April Bryant,20.0,Male,90.0,+998376267959,Joelhaven,,,Data Science,110.0,pending,1.49,,137.0,1974-03-13 20:49:00,"BROKEN,ADDRESS,DATA,,,",INVALID_JSON_DATA,,,,,,,,,,,,
837,Terry James,18.0,Unknown,74.0,,Josephburgh,,1979-05-06 07:09:48,Data Science,112.0,inactive,3.7,excellent,105.0,1970-12-11 13:04:36,"Jonesport 21-kv, dom 14, Tashkent",INVALID_JSON_DATA,,,,,,,,,,Tashkent,,
838,,,Female,,,West Matthew,,1971-08-23 10:16:03,Other,106.0,inactive,15.5,,240.0,2025-07-09 00:00:00,"BROKEN,ADDRESS,DATA,,,","{""hobbies"": [""prepare"", ""together""], ""skills"": {""tech"": {""python"": 5, ""excel"": 2, ""sql"": 1}, ""soft"": [""prove"", ""PM""]}, ""family"": {""siblings"": 2, ""income"": {""father"": 1153, ""mother"": 761}}, ""devices"": [{""type"": ""laptop"", ""brand"": ""HP"", ""year"": 2021}, {""type"": ""phone"", ""brand"": ""Apple"", ""year"": 2021}]}","['prepare', 'together']","[{'type': 'laptop', 'brand': 'HP', 'year': 2021}, {'type': 'phone', 'brand': 'Apple', 'year': 2021}]",5.0,2.0,1.0,"['prove', 'PM']",2.0,1153.0,761.0,,,
839,Willie Smith,18.0,Male,90.0,,Daleland,nbaker@yahoo.com,1986-03-20 20:31:04,Other,,active,4.5,good,213.0,1995-05-10 10:19:00,"03191 Brooke Expressway, Katiemouth","{hobbies:['establish', 'mouth']}",,,,,,,,,,Other,,
840,Ronald Wade,20.0,Male,82.0,,New Kristine,,2011-03-06 00:00:00,Data Science,,active,4.5,average,104.0,2012-07-06 00:00:00,"Apartment 47, Garciaborough district, Tashkent, UZ, 100793","{hobbies:['country', 'they']}",,,,,,,,,,Tashkent,Garciaborough,100793
841,,20.0,Female,64.0,+998281140078,Frenchside,,,Data Science,100.0,active,15.5,,109.0,2022-02-08 03:03:48,UZ 100459 Tashkent Andrewland,"{'hobbies': ['ask', 'model'], 'skills': {'tech': {'python': 4, 'excel': 4, 'sql': 1}, 'soft': ['amount', 'try']}, 'family': {'siblings': 0, 'income': {'father': 587, 'mother': 1190}}, 'devices': [{'type': 'laptop', 'brand': 'Lenovo', 'year': 2020}, {'type': 'phone', 'brand': 'Samsung', 'year': 2022}]}","['ask', 'model']","[{'type': 'laptop', 'brand': 'Lenovo', 'year': 2020}, {'type': 'phone', 'brand': 'Samsung', 'year': 2022}]",4.0,4.0,1.0,"['amount', 'try']",0.0,587.0,1190.0,Tashkent,,100459
842,Jessica Schroeder,22.0,Female,76.0,,Blanchardhaven,morrisonchristopher@rodriguez.com,1975-02-22 00:00:00,Other,110.0,active,15.5,good,181.0,1981-02-13 03:39:00,UZ 100194 Tashkent North Hannahberg,INVALID_JSON_DATA,,,,,,,,,,Tashkent,,100194
843,Michael Bell,18.0,Unknown,80.0,+998319150757,Port Toddbury,,1995-07-15 00:00:00,Data Science,110.0,inactive,4.5,average,168.0,,"07099 Perez Forges, Joseborough","{hobbies:['experience', 'dream']}",,,,,,,,,,Other,,
844,Amanda Diaz,18.0,Female,73.0,+998661846329,North Theresa,,2004-06-20 00:00:00,Other,110.0,pending,4.5,,92.0,2013-05-09 00:00:00,"BROKEN,ADDRESS,DATA,,,","{'hobbies': ['on', 'stock'], 'skills': {'tech': {'python': 3, 'excel': 3, 'sql': 2}, 'soft': ['seven', 'fire']}, 'family': {'siblings': 3, 'income': {'father': 610, 'mother': 461}}, 'devices': [{'type': 'laptop', 'brand': 'Lenovo', 'year': 2022}, {'type': 'phone', 'brand': 'Samsung', 'year': 2018}]}","['on', 'stock']","[{'type': 'laptop', 'brand': 'Lenovo', 'year': 2022}, {'type': 'phone', 'brand': 'Samsung', 'year': 2018}]",3.0,3.0,2.0,"['seven', 'fire']",3.0,610.0,461.0,,,
845,Michael Johnson,19.0,Unknown,82.0,,Randytown,nmason@hotmail.com,2019-10-24 00:00:00,Python,114.0,pending,0.0,average,111.0,1979-05-09 00:00:00,UZ 100473 Tashkent Scottmouth,INVALID_JSON_DATA,,,,,,,,,,Tashkent,,100473
846,,19.0,Unknown,71.0,+998475677865,Johnview,,2018-12-09 21:28:50,Data Science,,pending,4.5,,76.0,2008-03-14 00:00:00,UZ 100817 Tashkent North Kelly,"{'hobbies': ['help', 'exist'], 'skills': {'tech': {'python': 2, 'excel': 4, 'sql': 4}, 'soft': ['player', 'store']}, 'family': {'siblings': 3, 'income': {'father': 973, 'mother': 366}}, 'devices': [{'type': 'laptop', 'brand': 'Dell', 'year': 2015}, {'type': 'phone', 'brand': 'Xiaomi', 'year': 2020}]}","['help', 'exist']","[{'type': 'laptop', 'brand': 'Dell', 'year': 2015}, {'type': 'phone', 'brand': 'Xiaomi', 'year': 2020}]",2.0,4.0,4.0,"['player', 'store']",3.0,973.0,366.0,Tashkent,,100817
847,Derrick Cain,20.0,Male,,,East Angela,,1990-05-16 03:17:19,Data Science,,pending,0.0,excellent,290.0,1973-03-15 11:00:23,"East Brittanychester 22-kv, dom 28, Tashkent","{'hobbies': ['million', 'democratic'], 'skills': {'tech': {'python': 3, 'excel': 3, 'sql': 2}, 'soft': ['focus', 'such']}, 'family': {'siblings': 3, 'income': {'father': 529, 'mother': 1141}}, 'devices': [{'type': 'laptop', 'brand': 'Dell', 'year': 2022}, {'type': 'phone', 'brand': 'Xiaomi', 'year': 2022}]}","['million', 'democratic']","[{'type': 'laptop', 'brand': 'Dell', 'year': 2022}, {'type': 'phone', 'brand': 'Xiaomi', 'year': 2022}]",3.0,3.0,2.0,"['focus', 'such']",3.0,529.0,1141.0,Tashkent,,
848,,20.0,Male,,+998883811205,Brooksport,,1982-06-08 00:00:00,Data Science,110.0,inactive,3.7,excellent,243.0,2002-05-16 22:20:00,"BROKEN,ADDRESS,DATA,,,","{'hobbies': ['consumer', 'expect'], 'skills': {'tech': {'python': 1, 'excel': 5, 'sql': 3}, 'soft': ['suggest', 'artist']}, 'family': {'siblings': 3, 'income': {'father': 522, 'mother': 1255}}, 'devices': [{'type': 'laptop', 'brand': 'Lenovo', 'year': 2024}, {'type': 'phone', 'brand': 'Apple', 'year': 2019}]}","['consumer', 'expect']","[{'type': 'laptop', 'brand': 'Lenovo', 'year': 2024}, {'type': 'phone', 'brand': 'Apple', 'year': 2019}]",1.0,5.0,3.0,"['suggest', 'artist']",3.0,522.0,1255.0,,,
849,Steven Powell,20.0,Unknown,71.0,+998423057171,West Brittanybury,,2025-03-14 00:00:00,Data Science,,inactive,2.89,,188.0,2003-03-09 00:00:00,UZ 100398 Tashkent Jeremyland,"{'hobbies': ['reality', 'similar'], 'skills': {'tech': {'python': 4, 'excel': 4, 'sql': 3}, 'soft': ['able', 'blue']}, 'family': {'siblings': 1, 'income': {'father': 1298, 'mother': 1314}}, 'devices': [{'type': 'laptop', 'brand': 'Dell', 'year': 2024}, {'type': 'phone', 'brand': 'Xiaomi', 'year': 2022}]}","['reality', 'similar']","[{'type': 'laptop', 'brand': 'Dell', 'year': 2024}, {'type': 'phone', 'brand': 'Xiaomi', 'year': 2022}]",4.0,4.0,3.0,"['able', 'blue']",1.0,1298.0,1314.0,Tashkent,,100398
850,,20.0,Female,87.0,,Paulfort,chambersjames@yahoo.com,2002-07-08 00:00:00,Python,110.0,pending,1.81,average,50.0,,"40380 Rodriguez Harbor, New Samantha","{'hobbies': ['process', 'rather'], 'skills': {'tech': {'python': 3, 'excel': 4, 'sql': 3}, 'soft': ['explain', 'might']}, 'family': {'siblings': 4, 'income': {'father': 1108, 'mother': 1251}}, 'devices': [{'type': 'laptop', 'brand': 'Lenovo', 'year': 2016}, {'type': 'phone', 'brand': 'Xiaomi', 'year': 2021}]}","['process', 'rather']","[{'type': 'laptop', 'brand': 'Lenovo', 'year': 2016}, {'type': 'phone', 'brand': 'Xiaomi', 'year': 2021}]",3.0,4.0,3.0,"['explain', 'might']",4.0,1108.0,1251.0,Other,,
851,,,Female,,,Aguilarfort,dclark@hotmail.com,1976-05-27 00:00:00,Other,113.0,pending,3.7,excellent,110.0,1974-06-21 00:00:00,"Juanburgh 25-kv, dom 35, Tashkent",INVALID_JSON_DATA,,,,,,,,,,Tashkent,,
852,Catherine Powell,18.0,Unknown,90.0,+998060039665,Powellmouth,garywilson@gmail.com,2016-01-31 14:22:00,Data Science,91.0,inactive,15.5,average,158.0,,"Apartment 33, South Andrewport district, Tashkent, UZ, 100176","{hobbies:['under', 'throughout']}",,,,,,,,,,Tashkent,South Andrewport,100176
853,Justin Garcia,20.0,Female,,+998540560464,New Ryan,,1993-02-05 00:09:40,Data Science,110.0,pending,4.5,excellent,96.0,1993-09-04 20:42:00,"Rodriguezmouth 29-kv, dom 31, Tashkent","{""hobbies"": [""man"", ""mission""], ""skills"": {""tech"": {""python"": 3, ""excel"": 2, ""sql"": 3}, ""soft"": [""coach"", ""moment""]}, ""family"": {""siblings"": 2, ""income"": {""father"": 766, ""mother"": 1329}}, ""devices"": [{""type"": ""laptop"", ""brand"": ""Lenovo"", ""year"": 2023}, {""type"": ""phone"", ""brand"": ""Samsung"", ""year"": 2020}]}","['man', 'mission']","[{'type': 'laptop', 'brand': 'Lenovo', 'year': 2023}, {'type': 'phone', 'brand': 'Samsung', 'year': 2020}]",3.0,2.0,3.0,"['coach', 'moment']",2.0,766.0,1329.0,Tashkent,,
854,,,Male,66.0,+998501622490,South Kristintown,thomasamanda@hotmail.com,1971-03-10 08:36:23,Data Science,110.0,pending,4.5,,188.0,2023-05-29 00:00:00,UZ 100538 Tashkent Lake Patricia,"{""hobbies"": [""during"", ""difference""], ""skills"": {""tech"": {""python"": 2, ""excel"": 5, ""sql"": 1}, ""soft"": [""ok"", ""environmental""]}, ""family"": {""siblings"": 4, ""income"": {""father"": 770, ""mother"": 294}}, ""devices"": [{""type"": ""laptop"", ""brand"": ""Dell"", ""year"": 2024}, {""type"": ""phone"", ""brand"": ""Apple"", ""year"": 2022}]}","['during', 'difference']","[{'type': 'laptop', 'brand': 'Dell', 'year': 2024}, {'type': 'phone', 'brand': 'Apple', 'year': 2022}]",2.0,5.0,1.0,"['ok', 'environmental']",4.0,770.0,294.0,Tashkent,,100538
855,Judith Williams,20.0,Female,90.0,+998138458795,Port Ericville,,,Data Science,,pending,3.7,excellent,227.0,1981-11-13 00:00:00,"Apartment 22, Wheelerville district, Tashkent, UZ, 100676","{'hobbies': ['region', 'must'], 'skills': {'tech': {'python': 1, 'excel': 5, 'sql': 3}, 'soft': ['leg', 'think']}, 'family': {'siblings': 2, 'income': {'father': 1437, 'mother': 1390}}, 'devices': [{'type': 'laptop', 'brand': 'Lenovo', 'year': 2019}, {'type': 'phone', 'brand': 'Apple', 'year': 2020}]}","['region', 'must']","[{'type': 'laptop', 'brand': 'Lenovo', 'year': 2019}, {'type': 'phone', 'brand': 'Apple', 'year': 2020}]",1.0,5.0,3.0,"['leg', 'think']",2.0,1437.0,1390.0,Tashkent,Wheelerville,100676
856,Andrea Luna,20.0,Male,90.0,+998428563437,Brentside,,2003-06-15 00:00:00,Other,,inactive,,excellent,164.0,1972-04-12 06:59:13,"BROKEN,ADDRESS,DATA,,,","{'hobbies': ['station', 'son'], 'skills': {'tech': {'python': 1, 'excel': 5, 'sql': 1}, 'soft': ['I', 'bed']}, 'family': {'siblings': 3, 'income': {'father': 1431, 'mother': 1217}}, 'devices': [{'type': 'laptop', 'brand': 'Dell', 'year': 2021}, {'type': 'phone', 'brand': 'Samsung', 'year': 2021}]}","['station', 'son']","[{'type': 'laptop', 'brand': 'Dell', 'year': 2021}, {'type': 'phone', 'brand': 'Samsung', 'year': 2021}]",1.0,5.0,1.0,"['I', 'bed']",3.0,1431.0,1217.0,,,
857,Julia Higgins,18.0,Unknown,54.0,+998764342162,East Jennamouth,,1992-02-15 18:54:25,Data Science,108.0,active,3.7,good,210.0,1997-01-21 00:00:00,UZ 100673 Tashkent Brendahaven,"{""hobbies"": [""create"", ""kitchen""], ""skills"": {""tech"": {""python"": 2, ""excel"": 2, ""sql"": 4}, ""soft"": [""week"", ""kitchen""]}, ""family"": {""siblings"": 3, ""income"": {""father"": 469, ""mother"": 1117}}, ""devices"": [{""type"": ""laptop"", ""brand"": ""Dell"", ""year"": 2020}, {""type"": ""phone"", ""brand"": ""Xiaomi"", ""year"": 2020}]}","['create', 'kitchen']","[{'type': 'laptop', 'brand': 'Dell', 'year': 2020}, {'type': 'phone', 'brand': 'Xiaomi', 'year': 2020}]",2.0,2.0,4.0,"['week', 'kitchen']",3.0,469.0,1117.0,Tashkent,,100673
858,Hailey Porter,18.0,Male,90.0,+998435269877,Jacobfort,,2020-03-28 06:06:51,Other,69.0,inactive,15.5,average,134.0,1998-01-14 00:00:00,"Apartment 16, Heatherport district, Tashkent, UZ, 100632",INVALID_JSON_DATA,,,,,,,,,,Tashkent,Heatherport,100632
859,Kevin King,20.0,Female,88.0,+998255318835,Garytown,meganobrien@brown-bartlett.org,2014-04-13 00:00:00,Python,90.0,pending,-2.0,good,139.0,2006-03-20 00:00:00,"Barnettshire 20-kv, dom 48, Tashkent","{'hobbies': ['build', 'task'], 'skills': {'tech': {'python': 1, 'excel': 2, 'sql': 5}, 'soft': ['expert', 'race']}, 'family': {'siblings': 4, 'income': {'father': 1404, 'mother': 1152}}, 'devices': [{'type': 'laptop', 'brand': 'Lenovo', 'year': 2018}, {'type': 'phone', 'brand': 'Xiaomi', 'year': 2023}]}","['build', 'task']","[{'type': 'laptop', 'brand': 'Lenovo', 'year': 2018}, {'type': 'phone', 'brand': 'Xiaomi', 'year': 2023}]",1.0,2.0,5.0,"['expert', 'race']",4.0,1404.0,1152.0,Tashkent,,
860,,21.0,Female,50.0,,Port Rhonda,,2015-02-07 00:00:00,Data Science,110.0,active,,average,180.0,1993-04-22 07:05:04,"76896 Walker Crossroad Suite 276, Port Frederickbury",INVALID_JSON_DATA,,,,,,,,,,Other,,
861,,19.0,Unknown,,+998159087367,New Briannaside,,2023-06-05 19:35:00,Data Science,76.0,inactive,0.0,good,87.0,1975-06-21 00:00:00,"BROKEN,ADDRESS,DATA,,,","{hobbies:['letter', 'race']}",,,,,,,,,,,,
862,,18.0,Male,76.0,,Kellyport,melissa44@nelson.com,2024-10-29 00:00:00,Data Science,,active,,,106.0,,"Keithville 16-kv, dom 47, Tashkent","{'hobbies': ['season', 'much'], 'skills': {'tech': {'python': 1, 'excel': 4, 'sql': 2}, 'soft': ['spend', 'all']}, 'family': {'siblings': 3, 'income': {'father': 1281, 'mother': 1226}}, 'devices': [{'type': 'laptop', 'brand': 'Lenovo', 'year': 2021}, {'type': 'phone', 'brand': 'Xiaomi', 'year': 2024}]}","['season', 'much']","[{'type': 'laptop', 'brand': 'Lenovo', 'year': 2021}, {'type': 'phone', 'brand': 'Xiaomi', 'year': 2024}]",1.0,4.0,2.0,"['spend', 'all']",3.0,1281.0,1226.0,Tashkent,,
863,,21.0,Male,84.0,,Port Thomas,,1998-05-31 03:39:00,Data Science,,inactive,0.0,,87.0,2020-11-11 12:46:00,"Benderburgh 26-kv, dom 23, Tashkent","{'hobbies': ['rate', 'start'], 'skills': {'tech': {'python': 1, 'excel': 2, 'sql': 3}, 'soft': ['edge', 'role']}, 'family': {'siblings': 5, 'income': {'father': 700, 'mother': 768}}, 'devices': [{'type': 'laptop', 'brand': 'Lenovo', 'year': 2020}, {'type': 'phone', 'brand': 'Xiaomi', 'year': 2021}]}","['rate', 'start']","[{'type': 'laptop', 'brand': 'Lenovo', 'year': 2020}, {'type': 'phone', 'brand': 'Xiaomi', 'year': 2021}]",1.0,2.0,3.0,"['edge', 'role']",5.0,700.0,768.0,Tashkent,,
864,,20.0,Female,90.0,,East Kendraborough,edward98@yahoo.com,1989-10-02 06:49:00,Other,100.0,active,3.7,good,143.0,1971-04-16 00:00:00,"BROKEN,ADDRESS,DATA,,,","{'hobbies': ['believe', 'religious'], 'skills': {'tech': {'python': 5, 'excel': 3, 'sql': 3}, 'soft': ['treat', 'civil']}, 'family': {'siblings': 3, 'income': {'father': 828, 'mother': 775}}, 'devices': [{'type': 'laptop', 'brand': 'Dell', 'year': 2017}, {'type': 'phone', 'brand': 'Xiaomi', 'year': 2022}]}","['believe', 'religious']","[{'type': 'laptop', 'brand': 'Dell', 'year': 2017}, {'type': 'phone', 'brand': 'Xiaomi', 'year': 2022}]",5.0,3.0,3.0,"['treat', 'civil']",3.0,828.0,775.0,,,
865,Kayla Arroyo,20.0,Female,,+998413293989,Hicksfurt,,1995-09-23 00:00:00,Other,110.0,inactive,3.64,excellent,157.0,2007-12-27 00:00:00,"BROKEN,ADDRESS,DATA,,,","{""hobbies"": [""million"", ""difference""], ""skills"": {""tech"": {""python"": 1, ""excel"": 1, ""sql"": 2}, ""soft"": [""front"", ""fight""]}, ""family"": {""siblings"": 5, ""income"": {""father"": 1080, ""mother"": 1422}}, ""devices"": [{""type"": ""laptop"", ""brand"": ""Lenovo"", ""year"": 2019}, {""type"": ""phone"", ""brand"": ""Samsung"", ""year"": 2019}]}","['million', 'difference']","[{'type': 'laptop', 'brand': 'Lenovo', 'year': 2019}, {'type': 'phone', 'brand': 'Samsung', 'year': 2019}]",1.0,1.0,2.0,"['front', 'fight']",5.0,1080.0,1422.0,,,
866,,21.0,Unknown,,,South Brandon,,1995-06-05 00:00:00,Data Science,74.0,inactive,,,186.0,1981-10-11 00:00:00,"BROKEN,ADDRESS,DATA,,,","{'hobbies': ['fall', 'garden'], 'skills': {'tech': {'python': 5, 'excel': 2, 'sql': 3}, 'soft': ['main', 'money']}, 'family': {'siblings': 0, 'income': {'father': 1401, 'mother': 869}}, 'devices': [{'type': 'laptop', 'brand': 'HP', 'year': 2016}, {'type': 'phone', 'brand': 'Apple', 'year': 2022}]}","['fall', 'garden']","[{'type': 'laptop', 'brand': 'HP', 'year': 2016}, {'type': 'phone', 'brand': 'Apple', 'year': 2022}]",5.0,2.0,3.0,"['main', 'money']",0.0,1401.0,869.0,,,
867,Jessica Wilkinson,22.0,Female,90.0,+998077851092,Clarkborough,,2025-11-08 00:00:00,Data Science,,pending,4.5,average,59.0,2012-09-29 05:08:40,"North Bobby 7-kv, dom 41, Tashkent","{""hobbies"": [""agent"", ""provide""], ""skills"": {""tech"": {""python"": 4, ""excel"": 3, ""sql"": 1}, ""soft"": [""phone"", ""write""]}, ""family"": {""siblings"": 2, ""income"": {""father"": 879, ""mother"": 705}}, ""devices"": [{""type"": ""laptop"", ""brand"": ""HP"", ""year"": 2015}, {""type"": ""phone"", ""brand"": ""Apple"", ""year"": 2024}]}","['agent', 'provide']","[{'type': 'laptop', 'brand': 'HP', 'year': 2015}, {'type': 'phone', 'brand': 'Apple', 'year': 2024}]",4.0,3.0,1.0,"['phone', 'write']",2.0,879.0,705.0,Tashkent,,
868,,20.0,Female,,,Meganstad,,2022-10-23 00:00:00,Data Science,103.0,inactive,15.5,excellent,227.0,2001-01-26 00:00:00,"24542 Kirby Parks, Wilsontown",INVALID_JSON_DATA,,,,,,,,,,Other,,
869,Kelly Santos,19.0,Male,73.0,,West Raymondville,,2009-12-10 00:00:00,Other,110.0,inactive,,excellent,127.0,1986-10-02 11:14:00,"BROKEN,ADDRESS,DATA,,,","{'hobbies': ['practice', 'week'], 'skills': {'tech': {'python': 1, 'excel': 2, 'sql': 2}, 'soft': ['to', 'dog']}, 'family': {'siblings': 0, 'income': {'father': 200, 'mother': 419}}, 'devices': [{'type': 'laptop', 'brand': 'Dell', 'year': 2020}, {'type': 'phone', 'brand': 'Apple', 'year': 2021}]}","['practice', 'week']","[{'type': 'laptop', 'brand': 'Dell', 'year': 2020}, {'type': 'phone', 'brand': 'Apple', 'year': 2021}]",1.0,2.0,2.0,"['to', 'dog']",0.0,200.0,419.0,,,
870,,19.0,Female,87.0,+998146166704,South Christopherview,jacksonphilip@jones.info,2010-09-19 00:00:00,Python,,active,4.5,,154.0,1988-05-13 19:21:00,"Lake Kimberlyside 7-kv, dom 18, Tashkent","{hobbies:['certainly', 'fear']}",,,,,,,,,,Tashkent,,
871,Sarah Juarez,19.0,Female,,,Anneshire,robersonrhonda@petersen.com,,Python,,inactive,4.5,excellent,66.0,2005-05-29 14:10:00,"8578 Carr Plains, West Erik",INVALID_JSON_DATA,,,,,,,,,,Other,,
872,Stephanie Anderson,21.0,Female,90.0,+998112516010,Reedland,,2006-03-22 00:00:00,Python,,pending,3.7,good,184.0,,UZ 100769 Tashkent East Jonathan,INVALID_JSON_DATA,,,,,,,,,,Tashkent,,100769
873,,20.0,Unknown,,+998544034572,New Kathleentown,,2010-06-30 00:00:00,Data Science,,inactive,0.0,excellent,270.0,2022-06-13 00:00:00,"Apartment 38, Santosside district, Tashkent, UZ, 100536","{'hobbies': ['sound', 'sell'], 'skills': {'tech': {'python': 1, 'excel': 5, 'sql': 2}, 'soft': ['team', 'however']}, 'family': {'siblings': 0, 'income': {'father': 637, 'mother': 1423}}, 'devices': [{'type': 'laptop', 'brand': 'Lenovo', 'year': 2022}, {'type': 'phone', 'brand': 'Samsung', 'year': 2020}]}","['sound', 'sell']","[{'type': 'laptop', 'brand': 'Lenovo', 'year': 2022}, {'type': 'phone', 'brand': 'Samsung', 'year': 2020}]",1.0,5.0,2.0,"['team', 'however']",0.0,637.0,1423.0,Tashkent,Santosside,100536
874,Justin Smith,,Unknown,90.0,,East Anita,kevin23@hotmail.com,,Data Science,110.0,active,,excellent,140.0,2013-12-02 23:13:25,UZ 100318 Tashkent Mcculloughview,"{'hobbies': ['movie', 'guy'], 'skills': {'tech': {'python': 4, 'excel': 4, 'sql': 1}, 'soft': ['friend', 'gas']}, 'family': {'siblings': 1, 'income': {'father': 613, 'mother': 385}}, 'devices': [{'type': 'laptop', 'brand': 'HP', 'year': 2023}, {'type': 'phone', 'brand': 'Apple', 'year': 2019}]}","['movie', 'guy']","[{'type': 'laptop', 'brand': 'HP', 'year': 2023}, {'type': 'phone', 'brand': 'Apple', 'year': 2019}]",4.0,4.0,1.0,"['friend', 'gas']",1.0,613.0,385.0,Tashkent,,100318
875,Karen Hall,18.0,Female,,+998217188171,Lake David,,1982-10-31 00:00:00,Other,119.0,active,-2.0,average,226.0,,"74391 Alexandra Knoll, South Taylorland","{'hobbies': ['economy', 'financial'], 'skills': {'tech': {'python': 1, 'excel': 2, 'sql': 4}, 'soft': ['fast', 'major']}, 'family': {'siblings': 1, 'income': {'father': 602, 'mother': 585}}, 'devices': [{'type': 'laptop', 'brand': 'Dell', 'year': 2018}, {'type': 'phone', 'brand': 'Samsung', 'year': 2018}]}","['economy', 'financial']","[{'type': 'laptop', 'brand': 'Dell', 'year': 2018}, {'type': 'phone', 'brand': 'Samsung', 'year': 2018}]",1.0,2.0,4.0,"['fast', 'major']",1.0,602.0,585.0,Other,,
876,,20.0,Male,90.0,+998028711474,Jessicamouth,hopkinsjulie@gmail.com,2015-05-24 00:00:00,Data Science,,pending,15.5,excellent,139.0,2002-01-25 00:00:00,"East Brucemouth 3-kv, dom 17, Tashkent","{hobbies:['offer', 'young']}",,,,,,,,,,Tashkent,,
877,Haley Fowler,20.0,Female,90.0,+998259854986,Charleschester,alexkent@travis.com,,Other,110.0,active,2.52,,195.0,1973-05-24 00:00:00,"Rodriguezshire 21-kv, dom 15, Tashkent","{""hobbies"": [""focus"", ""economic""], ""skills"": {""tech"": {""python"": 2, ""excel"": 1, ""sql"": 2}, ""soft"": [""including"", ""girl""]}, ""family"": {""siblings"": 0, ""income"": {""father"": 1335, ""mother"": 616}}, ""devices"": [{""type"": ""laptop"", ""brand"": ""Lenovo"", ""year"": 2022}, {""type"": ""phone"", ""brand"": ""Apple"", ""year"": 2021}]}","['focus', 'economic']","[{'type': 'laptop', 'brand': 'Lenovo', 'year': 2022}, {'type': 'phone', 'brand': 'Apple', 'year': 2021}]",2.0,1.0,2.0,"['including', 'girl']",0.0,1335.0,616.0,Tashkent,,
878,Andrea Young,,Female,62.0,+998633650213,East Alexander,,,Data Science,110.0,active,-2.0,good,219.0,1991-04-27 00:00:00,"05295 Kendra Plain, South Christinaview","{hobbies:['believe', 'Mr']}",,,,,,,,,,Other,,
879,Yesenia Nguyen,19.0,Female,77.0,+998193648953,Tylermouth,williamscarolyn@gmail.com,2011-08-22 00:00:00,Python,110.0,active,4.5,average,57.0,2005-04-02 13:45:11,"West Keith 1-kv, dom 11, Tashkent","{""hobbies"": [""reach"", ""direction""], ""skills"": {""tech"": {""python"": 3, ""excel"": 3, ""sql"": 2}, ""soft"": [""among"", ""fear""]}, ""family"": {""siblings"": 4, ""income"": {""father"": 547, ""mother"": 1382}}, ""devices"": [{""type"": ""laptop"", ""brand"": ""Dell"", ""year"": 2017}, {""type"": ""phone"", ""brand"": ""Xiaomi"", ""year"": 2023}]}","['reach', 'direction']","[{'type': 'laptop', 'brand': 'Dell', 'year': 2017}, {'type': 'phone', 'brand': 'Xiaomi', 'year': 2023}]",3.0,3.0,2.0,"['among', 'fear']",4.0,547.0,1382.0,Tashkent,,
880,,19.0,Female,74.0,+998129259444,Henryburgh,chernandez@yahoo.com,1984-03-30 07:37:28,Data Science,110.0,active,0.0,,268.0,1995-09-22 00:00:00,"BROKEN,ADDRESS,DATA,,,","{hobbies:['cup', 'these']}",,,,,,,,,,,,
881,Jasmine Wilcox,21.0,Unknown,,+998861195751,Claytonchester,kelsey14@yahoo.com,1970-02-05 00:00:00,Data Science,94.0,active,3.7,,250.0,2012-05-28 22:15:05,UZ 100315 Tashkent Leahchester,"{'hobbies': ['wonder', 'camera'], 'skills': {'tech': {'python': 3, 'excel': 2, 'sql': 4}, 'soft': ['will', 'success']}, 'family': {'siblings': 2, 'income': {'father': 1159, 'mother': 697}}, 'devices': [{'type': 'laptop', 'brand': 'Lenovo', 'year': 2021}, {'type': 'phone', 'brand': 'Xiaomi', 'year': 2019}]}","['wonder', 'camera']","[{'type': 'laptop', 'brand': 'Lenovo', 'year': 2021}, {'type': 'phone', 'brand': 'Xiaomi', 'year': 2019}]",3.0,2.0,4.0,"['will', 'success']",2.0,1159.0,697.0,Tashkent,,100315
882,Eric Gonzales,21.0,Male,84.0,+998728165558,South Donaldtown,,2005-10-30 07:28:00,Other,86.0,inactive,4.5,good,152.0,1982-10-08 00:00:00,"Apartment 36, Johnsonbury district, Tashkent, UZ, 100549","{hobbies:['interesting', 'fish']}",,,,,,,,,,Tashkent,Johnsonbury,100549
883,Curtis Cox,20.0,Female,92.0,+998364635172,Johnbury,shawna25@hotmail.com,1993-10-25 00:00:00,Python,,active,3.7,excellent,91.0,1999-03-24 00:00:00,UZ 100062 Tashkent Robertsonview,"{'hobbies': ['establish', 'assume'], 'skills': {'tech': {'python': 3, 'excel': 1, 'sql': 1}, 'soft': ['family', 'religious']}, 'family': {'siblings': 4, 'income': {'father': 251, 'mother': 353}}, 'devices': [{'type': 'laptop', 'brand': 'Lenovo', 'year': 2022}, {'type': 'phone', 'brand': 'Xiaomi', 'year': 2021}]}","['establish', 'assume']","[{'type': 'laptop', 'brand': 'Lenovo', 'year': 2022}, {'type': 'phone', 'brand': 'Xiaomi', 'year': 2021}]",3.0,1.0,1.0,"['family', 'religious']",4.0,251.0,353.0,Tashkent,,100062
884,,22.0,Unknown,72.0,,Hernandezville,kristincarter@willis.com,1994-07-23 11:13:29,Python,114.0,inactive,15.5,excellent,249.0,2012-06-07 00:00:00,UZ 100602 Tashkent Port Alexanderborough,"{'hobbies': ['moment', 'return'], 'skills': {'tech': {'python': 3, 'excel': 4, 'sql': 2}, 'soft': ['base', 'with']}, 'family': {'siblings': 4, 'income': {'father': 1165, 'mother': 653}}, 'devices': [{'type': 'laptop', 'brand': 'HP', 'year': 2022}, {'type': 'phone', 'brand': 'Apple', 'year': 2018}]}","['moment', 'return']","[{'type': 'laptop', 'brand': 'HP', 'year': 2022}, {'type': 'phone', 'brand': 'Apple', 'year': 2018}]",3.0,4.0,2.0,"['base', 'with']",4.0,1165.0,653.0,Tashkent,,100602
885,Mark Mccall,19.0,Unknown,90.0,,Millerhaven,qvincent@gmail.com,2008-03-27 08:42:00,Data Science,,active,0.0,excellent,83.0,2006-07-01 09:24:00,"8483 Kenneth Harbor, West Miguelton","{""hobbies"": [""something"", ""not""], ""skills"": {""tech"": {""python"": 3, ""excel"": 4, ""sql"": 4}, ""soft"": [""bring"", ""customer""]}, ""family"": {""siblings"": 0, ""income"": {""father"": 1484, ""mother"": 846}}, ""devices"": [{""type"": ""laptop"", ""brand"": ""HP"", ""year"": 2021}, {""type"": ""phone"", ""brand"": ""Apple"", ""year"": 2024}]}","['something', 'not']","[{'type': 'laptop', 'brand': 'HP', 'year': 2021}, {'type': 'phone', 'brand': 'Apple', 'year': 2024}]",3.0,4.0,4.0,"['bring', 'customer']",0.0,1484.0,846.0,Other,,
886,Thomas Nelson,20.0,Male,90.0,+998549658982,East Michael,,1972-09-27 00:00:00,Data Science,,pending,3.7,good,88.0,1970-08-27 00:00:00,"Apartment 25, East Justin district, Tashkent, UZ, 100910","{'hobbies': ['message', 'head'], 'skills': {'tech': {'python': 3, 'excel': 2, 'sql': 4}, 'soft': ['forward', 'capital']}, 'family': {'siblings': 3, 'income': {'father': 1428, 'mother': 1036}}, 'devices': [{'type': 'laptop', 'brand': 'Dell', 'year': 2019}, {'type': 'phone', 'brand': 'Apple', 'year': 2024}]}","['message', 'head']","[{'type': 'laptop', 'brand': 'Dell', 'year': 2019}, {'type': 'phone', 'brand': 'Apple', 'year': 2024}]",3.0,2.0,4.0,"['forward', 'capital']",3.0,1428.0,1036.0,Tashkent,East Justin,100910
887,Danielle Baker,21.0,Unknown,97.0,+998460213140,Port Joshuabury,,2011-03-18 20:14:00,Other,,pending,4.5,,247.0,1978-02-14 00:00:00,"4332 Tanner Village Suite 017, East Michaelside",INVALID_JSON_DATA,,,,,,,,,,Other,,
888,John Barrera,20.0,Female,74.0,+998872404723,Teresaville,,2017-10-24 17:10:37,Other,110.0,inactive,-2.0,good,106.0,2002-01-23 13:10:09,"699 David Valleys Apt. 047, Salasberg","{hobbies:['effort', 'write']}",,,,,,,,,,Other,,
889,Christina Harris,18.0,Female,63.0,,North Thomasmouth,,1974-05-27 00:00:00,Data Science,110.0,inactive,4.5,good,202.0,1970-10-10 00:00:00,"Apartment 30, Jonathanshire district, Tashkent, UZ, 100993","{hobbies:['relationship', 'reveal']}",,,,,,,,,,Tashkent,Jonathanshire,100993
890,,22.0,Unknown,82.0,,Lake Carrie,,1977-12-18 01:56:00,Python,110.0,active,15.5,good,82.0,1970-06-24 12:21:00,UZ 100591 Tashkent Lopezland,"{'hobbies': ['team', 'force'], 'skills': {'tech': {'python': 1, 'excel': 4, 'sql': 3}, 'soft': ['particular', 'avoid']}, 'family': {'siblings': 1, 'income': {'father': 951, 'mother': 1067}}, 'devices': [{'type': 'laptop', 'brand': 'HP', 'year': 2021}, {'type': 'phone', 'brand': 'Samsung', 'year': 2018}]}","['team', 'force']","[{'type': 'laptop', 'brand': 'HP', 'year': 2021}, {'type': 'phone', 'brand': 'Samsung', 'year': 2018}]",1.0,4.0,3.0,"['particular', 'avoid']",1.0,951.0,1067.0,Tashkent,,100591
891,Robin Potts,18.0,Female,63.0,+998004440093,North Mistymouth,,2019-06-27 15:35:00,Other,110.0,active,4.5,excellent,228.0,,"Apartment 42, North Brittany district, Tashkent, UZ, 100625","{'hobbies': ['skill', 'less'], 'skills': {'tech': {'python': 3, 'excel': 4, 'sql': 5}, 'soft': ['friend', 'court']}, 'family': {'siblings': 5, 'income': {'father': 1344, 'mother': 730}}, 'devices': [{'type': 'laptop', 'brand': 'Dell', 'year': 2023}, {'type': 'phone', 'brand': 'Apple', 'year': 2020}]}","['skill', 'less']","[{'type': 'laptop', 'brand': 'Dell', 'year': 2023}, {'type': 'phone', 'brand': 'Apple', 'year': 2020}]",3.0,4.0,5.0,"['friend', 'court']",5.0,1344.0,730.0,Tashkent,North Brittany,100625
892,David Sanders,18.0,Female,65.0,+998647351655,Shawnbury,,,Data Science,103.0,active,4.39,,76.0,1983-09-28 16:25:06,"Robinsonland 17-kv, dom 50, Tashkent",INVALID_JSON_DATA,,,,,,,,,,Tashkent,,
893,William Kennedy,20.0,Female,72.0,+998368587169,Hollymouth,,2007-01-08 00:00:00,Data Science,110.0,active,3.7,excellent,77.0,2008-03-04 00:00:00,"Apartment 28, Erinport district, Tashkent, UZ, 100647","{hobbies:['large', 'amount']}",,,,,,,,,,Tashkent,Erinport,100647
894,Mrs. Kristy Payne,20.0,Unknown,61.0,+998879304256,New Caseyside,adamskyle@hotmail.com,2011-04-07 15:53:00,Data Science,110.0,active,4.5,average,87.0,2011-11-21 00:00:00,"Apartment 26, Penaborough district, Tashkent, UZ, 100472","{'hobbies': ['wife', 'his'], 'skills': {'tech': {'python': 3, 'excel': 3, 'sql': 2}, 'soft': ['out', 'player']}, 'family': {'siblings': 3, 'income': {'father': 658, 'mother': 918}}, 'devices': [{'type': 'laptop', 'brand': 'HP', 'year': 2018}, {'type': 'phone', 'brand': 'Xiaomi', 'year': 2023}]}","['wife', 'his']","[{'type': 'laptop', 'brand': 'HP', 'year': 2018}, {'type': 'phone', 'brand': 'Xiaomi', 'year': 2023}]",3.0,3.0,2.0,"['out', 'player']",3.0,658.0,918.0,Tashkent,Penaborough,100472
895,Brandon Miles,18.0,Female,88.0,,North Laurastad,,2023-11-19 00:00:00,Data Science,83.0,active,0.0,,264.0,1999-06-21 18:00:39,"78495 Brittany Trail, East Kendraview","{hobbies:['simply', 'course']}",,,,,,,,,,Other,,
896,Melissa Cortez,21.0,Female,68.0,+998217949150,Port Melissaburgh,joe35@lopez-anderson.com,1988-03-31 00:00:00,Python,103.0,inactive,,average,206.0,1990-06-17 00:00:00,"BROKEN,ADDRESS,DATA,,,","{""hobbies"": [""film"", ""again""], ""skills"": {""tech"": {""python"": 5, ""excel"": 3, ""sql"": 1}, ""soft"": [""back"", ""pick""]}, ""family"": {""siblings"": 5, ""income"": {""father"": 1202, ""mother"": 568}}, ""devices"": [{""type"": ""laptop"", ""brand"": ""HP"", ""year"": 2017}, {""type"": ""phone"", ""brand"": ""Apple"", ""year"": 2018}]}","['film', 'again']","[{'type': 'laptop', 'brand': 'HP', 'year': 2017}, {'type': 'phone', 'brand': 'Apple', 'year': 2018}]",5.0,3.0,1.0,"['back', 'pick']",5.0,1202.0,568.0,,,
897,,20.0,Female,90.0,+998588646290,East Davidhaven,,1986-09-12 00:00:00,Other,110.0,pending,-2.0,,107.0,,UZ 100152 Tashkent East Angie,"{'hobbies': ['someone', 'generation'], 'skills': {'tech': {'python': 1, 'excel': 3, 'sql': 5}, 'soft': ['game', 'lead']}, 'family': {'siblings': 3, 'income': {'father': 693, 'mother': 1475}}, 'devices': [{'type': 'laptop', 'brand': 'Dell', 'year': 2015}, {'type': 'phone', 'brand': 'Samsung', 'year': 2023}]}","['someone', 'generation']","[{'type': 'laptop', 'brand': 'Dell', 'year': 2015}, {'type': 'phone', 'brand': 'Samsung', 'year': 2023}]",1.0,3.0,5.0,"['game', 'lead']",3.0,693.0,1475.0,Tashkent,,100152
898,Alejandro Pierce,20.0,Male,63.0,+998427815575,North Jennifer,,1975-12-06 00:00:00,Other,,active,15.5,excellent,247.0,1994-09-23 00:00:00,"Apartment 3, West Madisonberg district, Tashkent, UZ, 100586",INVALID_JSON_DATA,,,,,,,,,,Tashkent,West Madisonberg,100586
899,,,Female,,+998628875088,Williamsmouth,,,Data Science,110.0,pending,,good,225.0,,"Apartment 35, Velasquezfurt district, Tashkent, UZ, 100998","{hobbies:['kitchen', 'these']}",,,,,,,,,,Tashkent,Velasquezfurt,100998
900,Michael Guerra,18.0,Female,90.0,+998337920750,New Ryanfort,,1990-09-27 11:36:38,Other,118.0,inactive,3.7,average,167.0,2003-05-09 19:54:57,"Murphyberg 11-kv, dom 30, Tashkent",INVALID_JSON_DATA,,,,,,,,,,Tashkent,,
901,Megan Nelson,20.0,Female,60.0,+998842501975,Port Jacquelineshire,,2017-03-31 20:25:34,Other,110.0,inactive,3.7,good,174.0,2000-09-03 00:00:00,"Apartment 19, Jenniferport district, Tashkent, UZ, 100946","{'hobbies': ['customer', 'security'], 'skills': {'tech': {'python': 3, 'excel': 2, 'sql': 3}, 'soft': ['stage', 'go']}, 'family': {'siblings': 5, 'income': {'father': 601, 'mother': 409}}, 'devices': [{'type': 'laptop', 'brand': 'HP', 'year': 2022}, {'type': 'phone', 'brand': 'Samsung', 'year': 2023}]}","['customer', 'security']","[{'type': 'laptop', 'brand': 'HP', 'year': 2022}, {'type': 'phone', 'brand': 'Samsung', 'year': 2023}]",3.0,2.0,3.0,"['stage', 'go']",5.0,601.0,409.0,Tashkent,Jenniferport,100946
902,Paul Cummings,20.0,Unknown,90.0,+998741474844,New Michael,,2023-05-11 00:09:06,Data Science,,inactive,,average,204.0,2017-01-03 01:59:00,"Apartment 44, Davisfort district, Tashkent, UZ, 100800","{""hobbies"": [""scene"", ""friend""], ""skills"": {""tech"": {""python"": 1, ""excel"": 1, ""sql"": 1}, ""soft"": [""land"", ""moment""]}, ""family"": {""siblings"": 0, ""income"": {""father"": 1014, ""mother"": 616}}, ""devices"": [{""type"": ""laptop"", ""brand"": ""Lenovo"", ""year"": 2022}, {""type"": ""phone"", ""brand"": ""Xiaomi"", ""year"": 2023}]}","['scene', 'friend']","[{'type': 'laptop', 'brand': 'Lenovo', 'year': 2022}, {'type': 'phone', 'brand': 'Xiaomi', 'year': 2023}]",1.0,1.0,1.0,"['land', 'moment']",0.0,1014.0,616.0,Tashkent,Davisfort,100800
903,Jennifer Lucas,22.0,Male,90.0,+998750870500,East Ronaldview,,2014-01-18 00:00:00,Other,114.0,active,2.57,,200.0,2021-05-19 00:00:00,"BROKEN,ADDRESS,DATA,,,","{hobbies:['including', 'address']}",,,,,,,,,,,,
904,Kevin Aguirre,21.0,Female,90.0,+998838704602,Port Donald,zking@ramirez-rodriguez.biz,1970-05-18 13:55:42,Data Science,110.0,pending,3.7,,258.0,1993-10-03 14:58:46,UZ 100855 Tashkent Valentineview,"{'hobbies': ['thus', 'leader'], 'skills': {'tech': {'python': 5, 'excel': 4, 'sql': 3}, 'soft': ['save', 'debate']}, 'family': {'siblings': 1, 'income': {'father': 840, 'mother': 649}}, 'devices': [{'type': 'laptop', 'brand': 'Lenovo', 'year': 2017}, {'type': 'phone', 'brand': 'Samsung', 'year': 2022}]}","['thus', 'leader']","[{'type': 'laptop', 'brand': 'Lenovo', 'year': 2017}, {'type': 'phone', 'brand': 'Samsung', 'year': 2022}]",5.0,4.0,3.0,"['save', 'debate']",1.0,840.0,649.0,Tashkent,,100855
905,Michael Garcia,20.0,Male,61.0,,Sallyland,,2020-07-22 00:00:00,Python,,inactive,15.5,good,188.0,2001-10-03 00:00:00,"BROKEN,ADDRESS,DATA,,,","{""hobbies"": [""keep"", ""speak""], ""skills"": {""tech"": {""python"": 5, ""excel"": 1, ""sql"": 4}, ""soft"": [""per"", ""short""]}, ""family"": {""siblings"": 2, ""income"": {""father"": 361, ""mother"": 1225}}, ""devices"": [{""type"": ""laptop"", ""brand"": ""HP"", ""year"": 2015}, {""type"": ""phone"", ""brand"": ""Samsung"", ""year"": 2021}]}","['keep', 'speak']","[{'type': 'laptop', 'brand': 'HP', 'year': 2015}, {'type': 'phone', 'brand': 'Samsung', 'year': 2021}]",5.0,1.0,4.0,"['per', 'short']",2.0,361.0,1225.0,,,
906,Vicki Cardenas,20.0,Female,,,Daisyton,jason39@yahoo.com,2012-01-05 00:00:00,Other,,inactive,15.5,average,98.0,,"BROKEN,ADDRESS,DATA,,,","{""hobbies"": [""task"", ""hand""], ""skills"": {""tech"": {""python"": 4, ""excel"": 1, ""sql"": 3}, ""soft"": [""tell"", ""PM""]}, ""family"": {""siblings"": 4, ""income"": {""father"": 1442, ""mother"": 906}}, ""devices"": [{""type"": ""laptop"", ""brand"": ""Dell"", ""year"": 2022}, {""type"": ""phone"", ""brand"": ""Apple"", ""year"": 2023}]}","['task', 'hand']","[{'type': 'laptop', 'brand': 'Dell', 'year': 2022}, {'type': 'phone', 'brand': 'Apple', 'year': 2023}]",4.0,1.0,3.0,"['tell', 'PM']",4.0,1442.0,906.0,,,
907,,20.0,Female,77.0,,North Peter,,1984-08-14 00:00:00,Other,,inactive,15.5,good,293.0,2018-05-19 00:00:00,UZ 100507 Tashkent Craneville,"{hobbies:['deep', 'together']}",,,,,,,,,,Tashkent,,100507
908,,18.0,Unknown,90.0,+998669170594,New Denise,,2005-03-11 00:00:00,Other,93.0,active,3.7,excellent,296.0,1983-08-28 00:00:00,"Apartment 39, New Shirleyside district, Tashkent, UZ, 100073","{hobbies:['memory', 'human']}",,,,,,,,,,Tashkent,New Shirleyside,100073
909,,20.0,Male,90.0,+998329212430,East Terriberg,,1998-04-06 00:00:00,Other,110.0,inactive,0.0,excellent,195.0,1981-02-14 03:44:00,"East Brianshire 9-kv, dom 29, Tashkent","{'hobbies': ['development', 'reach'], 'skills': {'tech': {'python': 1, 'excel': 2, 'sql': 5}, 'soft': ['truth', 'mention']}, 'family': {'siblings': 1, 'income': {'father': 735, 'mother': 721}}, 'devices': [{'type': 'laptop', 'brand': 'HP', 'year': 2019}, {'type': 'phone', 'brand': 'Apple', 'year': 2020}]}","['development', 'reach']","[{'type': 'laptop', 'brand': 'HP', 'year': 2019}, {'type': 'phone', 'brand': 'Apple', 'year': 2020}]",1.0,2.0,5.0,"['truth', 'mention']",1.0,735.0,721.0,Tashkent,,
910,Christopher Reed,18.0,Female,,+998660640331,East Michael,,1991-11-11 00:00:00,Data Science,110.0,inactive,-2.0,excellent,284.0,2010-04-06 23:07:00,"Apartment 2, Schaeferfurt district, Tashkent, UZ, 100131","{""hobbies"": [""sign"", ""traditional""], ""skills"": {""tech"": {""python"": 1, ""excel"": 1, ""sql"": 2}, ""soft"": [""cold"", ""concern""]}, ""family"": {""siblings"": 4, ""income"": {""father"": 1251, ""mother"": 692}}, ""devices"": [{""type"": ""laptop"", ""brand"": ""Lenovo"", ""year"": 2017}, {""type"": ""phone"", ""brand"": ""Apple"", ""year"": 2022}]}","['sign', 'traditional']","[{'type': 'laptop', 'brand': 'Lenovo', 'year': 2017}, {'type': 'phone', 'brand': 'Apple', 'year': 2022}]",1.0,1.0,2.0,"['cold', 'concern']",4.0,1251.0,692.0,Tashkent,Schaeferfurt,100131
911,Rebecca Wise,21.0,Male,90.0,+998222376138,Fosterchester,austinevans@levy.com,1987-08-03 00:00:00,Other,110.0,pending,,average,279.0,2013-10-31 05:19:00,UZ 100309 Tashkent Andrewsshire,"{'hobbies': ['talk', 'network'], 'skills': {'tech': {'python': 2, 'excel': 4, 'sql': 3}, 'soft': ['sea', 'according']}, 'family': {'siblings': 4, 'income': {'father': 1125, 'mother': 1023}}, 'devices': [{'type': 'laptop', 'brand': 'Lenovo', 'year': 2022}, {'type': 'phone', 'brand': 'Apple', 'year': 2021}]}","['talk', 'network']","[{'type': 'laptop', 'brand': 'Lenovo', 'year': 2022}, {'type': 'phone', 'brand': 'Apple', 'year': 2021}]",2.0,4.0,3.0,"['sea', 'according']",4.0,1125.0,1023.0,Tashkent,,100309
912,,20.0,Unknown,90.0,,Cabreraberg,michael93@schmidt.com,1987-09-24 00:00:00,Other,83.0,active,,excellent,255.0,1985-08-08 00:00:00,"BROKEN,ADDRESS,DATA,,,","{'hobbies': ['right', 'tell'], 'skills': {'tech': {'python': 4, 'excel': 4, 'sql': 3}, 'soft': ['hold', 'media']}, 'family': {'siblings': 2, 'income': {'father': 1219, 'mother': 1321}}, 'devices': [{'type': 'laptop', 'brand': 'Dell', 'year': 2024}, {'type': 'phone', 'brand': 'Apple', 'year': 2022}]}","['right', 'tell']","[{'type': 'laptop', 'brand': 'Dell', 'year': 2024}, {'type': 'phone', 'brand': 'Apple', 'year': 2022}]",4.0,4.0,3.0,"['hold', 'media']",2.0,1219.0,1321.0,,,
913,Kylie Herrera,20.0,Male,90.0,+998348560835,Laraside,,1987-01-26 22:47:46,Python,89.0,pending,0.0,,294.0,,UZ 100833 Tashkent Gregoryfurt,"{hobbies:['white', 'group']}",,,,,,,,,,Tashkent,,100833
914,,20.0,Unknown,90.0,+998506210179,New Rebeccahaven,,1975-07-23 23:00:00,Data Science,,inactive,15.5,average,236.0,1975-05-24 00:00:00,"Apartment 9, North Valerie district, Tashkent, UZ, 100224","{'hobbies': ['management', 'just'], 'skills': {'tech': {'python': 5, 'excel': 2, 'sql': 4}, 'soft': ['mother', 'together']}, 'family': {'siblings': 1, 'income': {'father': 486, 'mother': 1299}}, 'devices': [{'type': 'laptop', 'brand': 'HP', 'year': 2022}, {'type': 'phone', 'brand': 'Apple', 'year': 2024}]}","['management', 'just']","[{'type': 'laptop', 'brand': 'HP', 'year': 2022}, {'type': 'phone', 'brand': 'Apple', 'year': 2024}]",5.0,2.0,4.0,"['mother', 'together']",1.0,486.0,1299.0,Tashkent,North Valerie,100224
915,,20.0,Unknown,91.0,+998587381760,Lake Robert,anaalvarez@gmail.com,2015-03-12 12:43:00,Data Science,,inactive,-2.0,good,250.0,2015-02-01 23:48:00,"BROKEN,ADDRESS,DATA,,,","{'hobbies': ['woman', 'itself'], 'skills': {'tech': {'python': 5, 'excel': 2, 'sql': 3}, 'soft': ['successful', 'would']}, 'family': {'siblings': 2, 'income': {'father': 1332, 'mother': 1235}}, 'devices': [{'type': 'laptop', 'brand': 'Lenovo', 'year': 2022}, {'type': 'phone', 'brand': 'Samsung', 'year': 2020}]}","['woman', 'itself']","[{'type': 'laptop', 'brand': 'Lenovo', 'year': 2022}, {'type': 'phone', 'brand': 'Samsung', 'year': 2020}]",5.0,2.0,3.0,"['successful', 'would']",2.0,1332.0,1235.0,,,
916,Jay Wright,20.0,Female,70.0,+998151817946,Andreston,,2011-12-01 00:00:00,Other,118.0,pending,0.0,good,144.0,,"New Michaelchester 25-kv, dom 39, Tashkent","{hobbies:['care', 'leader']}",,,,,,,,,,Tashkent,,
917,Heather Johnson,18.0,Male,71.0,+998574527097,Jonathanhaven,carlsondakota@gmail.com,,Python,65.0,active,3.82,average,84.0,1971-11-09 00:00:00,"Apartment 33, Conleyside district, Tashkent, UZ, 100363","{hobbies:['event', 'deep']}",,,,,,,,,,Tashkent,Conleyside,100363
918,,,Unknown,60.0,,Lake Amandaside,,1982-10-15 14:54:01,Data Science,,inactive,-2.0,excellent,60.0,2023-07-14 00:00:00,"BROKEN,ADDRESS,DATA,,,","{'hobbies': ['author', 'address'], 'skills': {'tech': {'python': 3, 'excel': 2, 'sql': 5}, 'soft': ['information', 'rich']}, 'family': {'siblings': 2, 'income': {'father': 1212, 'mother': 216}}, 'devices': [{'type': 'laptop', 'brand': 'HP', 'year': 2015}, {'type': 'phone', 'brand': 'Apple', 'year': 2020}]}","['author', 'address']","[{'type': 'laptop', 'brand': 'HP', 'year': 2015}, {'type': 'phone', 'brand': 'Apple', 'year': 2020}]",3.0,2.0,5.0,"['information', 'rich']",2.0,1212.0,216.0,,,
919,Christopher Henry,20.0,Male,78.0,,Lake Darlenemouth,,1975-07-14 00:00:00,Other,110.0,active,0.0,excellent,206.0,,"BROKEN,ADDRESS,DATA,,,","{'hobbies': ['hear', 'adult'], 'skills': {'tech': {'python': 5, 'excel': 4, 'sql': 3}, 'soft': ['action', 'whole']}, 'family': {'siblings': 4, 'income': {'father': 433, 'mother': 1049}}, 'devices': [{'type': 'laptop', 'brand': 'Lenovo', 'year': 2017}, {'type': 'phone', 'brand': 'Xiaomi', 'year': 2018}]}","['hear', 'adult']","[{'type': 'laptop', 'brand': 'Lenovo', 'year': 2017}, {'type': 'phone', 'brand': 'Xiaomi', 'year': 2018}]",5.0,4.0,3.0,"['action', 'whole']",4.0,433.0,1049.0,,,
920,,21.0,Female,,+998146433479,Jenkinsborough,obray@aguirre.org,2020-03-17 05:54:00,Data Science,110.0,active,1.13,excellent,246.0,1987-03-28 00:00:00,"Richardsonchester 27-kv, dom 41, Tashkent",INVALID_JSON_DATA,,,,,,,,,,Tashkent,,
921,Angela Moore,,Female,87.0,,South Crystalmouth,samanthabray@martinez-jones.com,1984-10-15 00:00:00,Python,107.0,inactive,,excellent,262.0,1992-12-07 00:00:00,"Thompsonshire 8-kv, dom 40, Tashkent","{hobbies:['from', 'job']}",,,,,,,,,,Tashkent,,
922,Timothy Tran,18.0,Male,65.0,+998590101007,Wilsonton,,,Other,,inactive,2.11,,285.0,1994-09-30 00:00:00,"South Bryan 12-kv, dom 27, Tashkent","{hobbies:['rather', 'up']}",,,,,,,,,,Tashkent,,
923,Brittany Walton,20.0,Female,90.0,,Victoriabury,austinlewis@jackson.net,2020-09-21 00:00:00,Data Science,113.0,inactive,,excellent,50.0,2002-02-26 00:00:00,"BROKEN,ADDRESS,DATA,,,",INVALID_JSON_DATA,,,,,,,,,,,,
924,Sandra Webster,20.0,Male,90.0,+998334336868,North Danielle,,1981-10-19 00:00:00,Python,110.0,pending,3.7,excellent,287.0,1972-04-18 00:00:00,"BROKEN,ADDRESS,DATA,,,","{'hobbies': ['short', 'interest'], 'skills': {'tech': {'python': 3, 'excel': 2, 'sql': 5}, 'soft': ['data', 'eye']}, 'family': {'siblings': 2, 'income': {'father': 1215, 'mother': 1077}}, 'devices': [{'type': 'laptop', 'brand': 'Lenovo', 'year': 2019}, {'type': 'phone', 'brand': 'Xiaomi', 'year': 2018}]}","['short', 'interest']","[{'type': 'laptop', 'brand': 'Lenovo', 'year': 2019}, {'type': 'phone', 'brand': 'Xiaomi', 'year': 2018}]",3.0,2.0,5.0,"['data', 'eye']",2.0,1215.0,1077.0,,,
925,,20.0,Female,,+998942747937,Johnburgh,lisa52@gmail.com,2010-04-12 01:28:00,Other,72.0,pending,4.5,,85.0,2009-01-02 00:00:00,"West Richard 16-kv, dom 36, Tashkent","{hobbies:['with', 'back']}",,,,,,,,,,Tashkent,,
926,,20.0,Female,90.0,,North Chad,,2004-01-14 00:00:00,Data Science,110.0,active,3.25,good,105.0,2021-08-30 00:00:00,"223 Jason Groves, Bennettview","{'hobbies': ['risk', 'thus'], 'skills': {'tech': {'python': 3, 'excel': 4, 'sql': 5}, 'soft': ['accept', 'gun']}, 'family': {'siblings': 1, 'income': {'father': 1260, 'mother': 398}}, 'devices': [{'type': 'laptop', 'brand': 'HP', 'year': 2020}, {'type': 'phone', 'brand': 'Xiaomi', 'year': 2023}]}","['risk', 'thus']","[{'type': 'laptop', 'brand': 'HP', 'year': 2020}, {'type': 'phone', 'brand': 'Xiaomi', 'year': 2023}]",3.0,4.0,5.0,"['accept', 'gun']",1.0,1260.0,398.0,Other,,
927,,19.0,Female,63.0,,New Rhondaside,,,Data Science,,pending,4.5,good,188.0,2004-12-09 22:13:35,"Apartment 44, Pamelaburgh district, Tashkent, UZ, 100968","{hobbies:['anything', 'election']}",,,,,,,,,,Tashkent,Pamelaburgh,100968
928,,21.0,Male,70.0,,Lake Adam,april93@morris.com,2017-04-17 21:31:07,Data Science,110.0,active,0.0,excellent,248.0,1993-06-28 00:00:00,"Apartment 29, Lake Debraville district, Tashkent, UZ, 100194","{""hobbies"": [""one"", ""clearly""], ""skills"": {""tech"": {""python"": 3, ""excel"": 4, ""sql"": 5}, ""soft"": [""of"", ""hand""]}, ""family"": {""siblings"": 5, ""income"": {""father"": 807, ""mother"": 714}}, ""devices"": [{""type"": ""laptop"", ""brand"": ""Dell"", ""year"": 2022}, {""type"": ""phone"", ""brand"": ""Apple"", ""year"": 2019}]}","['one', 'clearly']","[{'type': 'laptop', 'brand': 'Dell', 'year': 2022}, {'type': 'phone', 'brand': 'Apple', 'year': 2019}]",3.0,4.0,5.0,"['of', 'hand']",5.0,807.0,714.0,Tashkent,Lake Debraville,100194
929,,,Male,63.0,+998887173328,South Matthewmouth,,2001-08-05 08:12:58,Data Science,110.0,inactive,3.7,good,232.0,2019-04-19 00:00:00,"1888 Weaver Tunnel Suite 109, North Theresa","{'hobbies': ['whatever', 'remember'], 'skills': {'tech': {'python': 4, 'excel': 4, 'sql': 3}, 'soft': ['memory', 'top']}, 'family': {'siblings': 1, 'income': {'father': 1430, 'mother': 1235}}, 'devices': [{'type': 'laptop', 'brand': 'Dell', 'year': 2022}, {'type': 'phone', 'brand': 'Xiaomi', 'year': 2020}]}","['whatever', 'remember']","[{'type': 'laptop', 'brand': 'Dell', 'year': 2022}, {'type': 'phone', 'brand': 'Xiaomi', 'year': 2020}]",4.0,4.0,3.0,"['memory', 'top']",1.0,1430.0,1235.0,Other,,
930,Joshua Graham,19.0,Unknown,63.0,,Ramosfort,kathryn35@yahoo.com,1975-10-12 10:00:00,Data Science,100.0,active,-2.0,average,234.0,,UZ 100170 Tashkent West Miguelview,"{""hobbies"": [""any"", ""learn""], ""skills"": {""tech"": {""python"": 5, ""excel"": 4, ""sql"": 2}, ""soft"": [""bag"", ""serve""]}, ""family"": {""siblings"": 0, ""income"": {""father"": 1174, ""mother"": 1077}}, ""devices"": [{""type"": ""laptop"", ""brand"": ""HP"", ""year"": 2024}, {""type"": ""phone"", ""brand"": ""Samsung"", ""year"": 2018}]}","['any', 'learn']","[{'type': 'laptop', 'brand': 'HP', 'year': 2024}, {'type': 'phone', 'brand': 'Samsung', 'year': 2018}]",5.0,4.0,2.0,"['bag', 'serve']",0.0,1174.0,1077.0,Tashkent,,100170
931,,18.0,Unknown,,,West Clinton,,1992-09-15 00:00:00,Python,,pending,0.0,excellent,156.0,2014-08-07 00:00:00,UZ 100464 Tashkent New Jenniferview,"{'hobbies': ['list', 'assume'], 'skills': {'tech': {'python': 1, 'excel': 4, 'sql': 1}, 'soft': ['stock', 'fight']}, 'family': {'siblings': 4, 'income': {'father': 1008, 'mother': 320}}, 'devices': [{'type': 'laptop', 'brand': 'Lenovo', 'year': 2023}, {'type': 'phone', 'brand': 'Samsung', 'year': 2023}]}","['list', 'assume']","[{'type': 'laptop', 'brand': 'Lenovo', 'year': 2023}, {'type': 'phone', 'brand': 'Samsung', 'year': 2023}]",1.0,4.0,1.0,"['stock', 'fight']",4.0,1008.0,320.0,Tashkent,,100464
932,,20.0,Male,90.0,+998408030578,Marciashire,,2009-06-11 03:36:51,Data Science,,pending,4.5,,152.0,1986-03-06 00:00:00,"Apartment 2, Sarahbury district, Tashkent, UZ, 100195",INVALID_JSON_DATA,,,,,,,,,,Tashkent,Sarahbury,100195
933,,18.0,Male,66.0,+998733451499,New Russellstad,,2004-03-10 00:00:00,Data Science,94.0,pending,,excellent,165.0,2005-05-06 05:51:00,"West Lisa 12-kv, dom 32, Tashkent","{hobbies:['above', 'approach']}",,,,,,,,,,Tashkent,,
934,,21.0,Female,72.0,+998957765449,Hollandburgh,,1983-04-05 00:00:00,Other,75.0,inactive,,good,276.0,1973-02-03 00:00:00,"0358 Brian Lock, Ramirezstad",INVALID_JSON_DATA,,,,,,,,,,Other,,
935,Sabrina Morrison,19.0,Male,90.0,,North Jessica,,2023-06-10 19:02:00,Data Science,110.0,active,3.7,excellent,200.0,1977-09-09 00:00:00,"BROKEN,ADDRESS,DATA,,,","{hobbies:['nation', 'Republican']}",,,,,,,,,,,,
936,,22.0,Female,85.0,,Lake Audreyville,,1983-09-01 00:00:00,Data Science,72.0,active,2.16,average,61.0,1986-08-24 00:00:00,"Apartment 40, Danielview district, Tashkent, UZ, 100189","{'hobbies': ['rather', 'yourself'], 'skills': {'tech': {'python': 1, 'excel': 5, 'sql': 5}, 'soft': ['reason', 'speech']}, 'family': {'siblings': 4, 'income': {'father': 1439, 'mother': 1112}}, 'devices': [{'type': 'laptop', 'brand': 'HP', 'year': 2017}, {'type': 'phone', 'brand': 'Xiaomi', 'year': 2019}]}","['rather', 'yourself']","[{'type': 'laptop', 'brand': 'HP', 'year': 2017}, {'type': 'phone', 'brand': 'Xiaomi', 'year': 2019}]",1.0,5.0,5.0,"['reason', 'speech']",4.0,1439.0,1112.0,Tashkent,Danielview,100189
937,Tara Randolph,20.0,Female,71.0,,New Timothyville,icummings@pierce.info,2019-09-30 10:22:00,Data Science,83.0,inactive,4.5,excellent,286.0,1995-05-24 06:26:00,"BROKEN,ADDRESS,DATA,,,",INVALID_JSON_DATA,,,,,,,,,,,,
938,Robert Jacobs,20.0,Female,90.0,+998581072357,Lamshire,,1977-01-20 00:00:00,Other,110.0,inactive,15.5,good,158.0,1986-08-10 00:00:00,"98665 Bell Cliffs Suite 152, Amandamouth",INVALID_JSON_DATA,,,,,,,,,,Other,,
939,,20.0,Female,,+998471985597,Melvinshire,,1976-04-03 00:00:00,Data Science,90.0,active,15.5,good,197.0,,"8302 Ray Light, Caitlinborough","{""hobbies"": [""behind"", ""wonder""], ""skills"": {""tech"": {""python"": 5, ""excel"": 4, ""sql"": 5}, ""soft"": [""need"", ""station""]}, ""family"": {""siblings"": 3, ""income"": {""father"": 1062, ""mother"": 338}}, ""devices"": [{""type"": ""laptop"", ""brand"": ""HP"", ""year"": 2019}, {""type"": ""phone"", ""brand"": ""Xiaomi"", ""year"": 2024}]}","['behind', 'wonder']","[{'type': 'laptop', 'brand': 'HP', 'year': 2019}, {'type': 'phone', 'brand': 'Xiaomi', 'year': 2024}]",5.0,4.0,5.0,"['need', 'station']",3.0,1062.0,338.0,Other,,
940,,22.0,Male,92.0,,Bakerland,,1993-10-13 00:00:00,Data Science,110.0,active,-2.0,,230.0,2020-09-21 04:17:00,"BROKEN,ADDRESS,DATA,,,",INVALID_JSON_DATA,,,,,,,,,,,,
941,Philip Miller,19.0,Female,90.0,,West Craigfurt,,2010-11-20 00:00:00,Data Science,110.0,inactive,3.7,,75.0,2016-01-31 15:58:00,UZ 100249 Tashkent Port Alicia,"{'hobbies': ['oil', 'research'], 'skills': {'tech': {'python': 1, 'excel': 2, 'sql': 2}, 'soft': ['project', 'cell']}, 'family': {'siblings': 4, 'income': {'father': 1361, 'mother': 488}}, 'devices': [{'type': 'laptop', 'brand': 'HP', 'year': 2024}, {'type': 'phone', 'brand': 'Samsung', 'year': 2020}]}","['oil', 'research']","[{'type': 'laptop', 'brand': 'HP', 'year': 2024}, {'type': 'phone', 'brand': 'Samsung', 'year': 2020}]",1.0,2.0,2.0,"['project', 'cell']",4.0,1361.0,488.0,Tashkent,,100249
942,Ann Wong,20.0,Female,90.0,,Lake Kenneth,,1970-02-01 00:00:00,Other,110.0,pending,1.64,average,120.0,2007-04-22 00:00:00,"BROKEN,ADDRESS,DATA,,,","{'hobbies': ['possible', 'eight'], 'skills': {'tech': {'python': 5, 'excel': 4, 'sql': 2}, 'soft': ['simply', 'fire']}, 'family': {'siblings': 4, 'income': {'father': 724, 'mother': 659}}, 'devices': [{'type': 'laptop', 'brand': 'Dell', 'year': 2016}, {'type': 'phone', 'brand': 'Samsung', 'year': 2019}]}","['possible', 'eight']","[{'type': 'laptop', 'brand': 'Dell', 'year': 2016}, {'type': 'phone', 'brand': 'Samsung', 'year': 2019}]",5.0,4.0,2.0,"['simply', 'fire']",4.0,724.0,659.0,,,
943,Rita Grimes,20.0,Female,58.0,,Sydneyborough,,1986-02-18 00:00:00,Data Science,110.0,inactive,3.7,,187.0,1998-03-29 00:00:00,"BROKEN,ADDRESS,DATA,,,","{""hobbies"": [""computer"", ""technology""], ""skills"": {""tech"": {""python"": 5, ""excel"": 1, ""sql"": 2}, ""soft"": [""organization"", ""finish""]}, ""family"": {""siblings"": 4, ""income"": {""father"": 1485, ""mother"": 1227}}, ""devices"": [{""type"": ""laptop"", ""brand"": ""Lenovo"", ""year"": 2016}, {""type"": ""phone"", ""brand"": ""Samsung"", ""year"": 2022}]}","['computer', 'technology']","[{'type': 'laptop', 'brand': 'Lenovo', 'year': 2016}, {'type': 'phone', 'brand': 'Samsung', 'year': 2022}]",5.0,1.0,2.0,"['organization', 'finish']",4.0,1485.0,1227.0,,,
944,,18.0,Unknown,69.0,,Maryhaven,,,Data Science,,inactive,4.5,excellent,223.0,2010-07-09 00:00:00,"Apartment 31, Lake Megan district, Tashkent, UZ, 100435",INVALID_JSON_DATA,,,,,,,,,,Tashkent,Lake Megan,100435
945,,20.0,Female,90.0,+998174664508,Hamptonstad,,2013-02-06 22:37:00,Data Science,93.0,pending,4.5,,231.0,1994-09-15 00:00:00,"Apartment 13, Pennyland district, Tashkent, UZ, 100302","{""hobbies"": [""class"", ""father""], ""skills"": {""tech"": {""python"": 3, ""excel"": 5, ""sql"": 5}, ""soft"": [""let"", ""watch""]}, ""family"": {""siblings"": 4, ""income"": {""father"": 532, ""mother"": 848}}, ""devices"": [{""type"": ""laptop"", ""brand"": ""HP"", ""year"": 2016}, {""type"": ""phone"", ""brand"": ""Samsung"", ""year"": 2024}]}","['class', 'father']","[{'type': 'laptop', 'brand': 'HP', 'year': 2016}, {'type': 'phone', 'brand': 'Samsung', 'year': 2024}]",3.0,5.0,5.0,"['let', 'watch']",4.0,532.0,848.0,Tashkent,Pennyland,100302
946,Rebecca Archer,22.0,Female,84.0,+998389573063,East Teresa,,,Data Science,110.0,active,15.5,excellent,222.0,2009-08-21 00:00:00,"BROKEN,ADDRESS,DATA,,,","{hobbies:['will', 'enter']}",,,,,,,,,,,,
947,Ann Hayes,20.0,Female,90.0,,Gordonport,,,Data Science,67.0,active,-2.0,excellent,185.0,2015-10-22 00:00:00,"Apartment 44, North Philip district, Tashkent, UZ, 100111","{'hobbies': ['single', 'player'], 'skills': {'tech': {'python': 4, 'excel': 3, 'sql': 1}, 'soft': ['trade', 'score']}, 'family': {'siblings': 3, 'income': {'father': 1475, 'mother': 1225}}, 'devices': [{'type': 'laptop', 'brand': 'HP', 'year': 2024}, {'type': 'phone', 'brand': 'Xiaomi', 'year': 2022}]}","['single', 'player']","[{'type': 'laptop', 'brand': 'HP', 'year': 2024}, {'type': 'phone', 'brand': 'Xiaomi', 'year': 2022}]",4.0,3.0,1.0,"['trade', 'score']",3.0,1475.0,1225.0,Tashkent,North Philip,100111
948,Thomas Harris,20.0,Female,,,Port Phyllis,,1993-01-05 20:29:39,Data Science,,active,-2.0,,272.0,2021-07-30 09:01:57,"BROKEN,ADDRESS,DATA,,,","{hobbies:['true', 'discuss']}",,,,,,,,,,,,
949,Theresa Jordan,20.0,Female,60.0,+998458280575,Lake Jeremy,,1978-01-01 00:00:00,Data Science,105.0,pending,15.5,excellent,145.0,2004-05-26 20:30:10,"BROKEN,ADDRESS,DATA,,,","{'hobbies': ['baby', 'rule'], 'skills': {'tech': {'python': 5, 'excel': 1, 'sql': 3}, 'soft': ['apply', 'on']}, 'family': {'siblings': 2, 'income': {'father': 573, 'mother': 1228}}, 'devices': [{'type': 'laptop', 'brand': 'HP', 'year': 2015}, {'type': 'phone', 'brand': 'Samsung', 'year': 2022}]}","['baby', 'rule']","[{'type': 'laptop', 'brand': 'HP', 'year': 2015}, {'type': 'phone', 'brand': 'Samsung', 'year': 2022}]",5.0,1.0,3.0,"['apply', 'on']",2.0,573.0,1228.0,,,
950,Jason Smith,20.0,Female,,+998572435588,Leemouth,,2010-11-02 15:29:00,Data Science,110.0,inactive,0.0,excellent,66.0,1982-10-15 00:00:00,"West Davidmouth 11-kv, dom 27, Tashkent","{'hobbies': ['real', 'wind'], 'skills': {'tech': {'python': 4, 'excel': 3, 'sql': 1}, 'soft': ['teacher', 'network']}, 'family': {'siblings': 3, 'income': {'father': 1485, 'mother': 1174}}, 'devices': [{'type': 'laptop', 'brand': 'HP', 'year': 2017}, {'type': 'phone', 'brand': 'Apple', 'year': 2019}]}","['real', 'wind']","[{'type': 'laptop', 'brand': 'HP', 'year': 2017}, {'type': 'phone', 'brand': 'Apple', 'year': 2019}]",4.0,3.0,1.0,"['teacher', 'network']",3.0,1485.0,1174.0,Tashkent,,
951,Robert Poole,20.0,Female,,+998682304943,West Lucas,,2010-06-23 00:00:00,Data Science,110.0,inactive,,,75.0,,"BROKEN,ADDRESS,DATA,,,",INVALID_JSON_DATA,,,,,,,,,,,,
952,Brittany Jackson,20.0,Unknown,77.0,+998933845630,Dianeberg,,1987-01-20 00:00:00,Data Science,,active,3.7,,245.0,1997-11-30 11:37:00,"BROKEN,ADDRESS,DATA,,,","{""hobbies"": [""send"", ""our""], ""skills"": {""tech"": {""python"": 1, ""excel"": 5, ""sql"": 5}, ""soft"": [""environment"", ""action""]}, ""family"": {""siblings"": 0, ""income"": {""father"": 922, ""mother"": 1459}}, ""devices"": [{""type"": ""laptop"", ""brand"": ""Lenovo"", ""year"": 2016}, {""type"": ""phone"", ""brand"": ""Samsung"", ""year"": 2021}]}","['send', 'our']","[{'type': 'laptop', 'brand': 'Lenovo', 'year': 2016}, {'type': 'phone', 'brand': 'Samsung', 'year': 2021}]",1.0,5.0,5.0,"['environment', 'action']",0.0,922.0,1459.0,,,
953,Sheila Hansen,,Male,85.0,,Estesmouth,,1989-12-21 21:59:49,Other,110.0,inactive,15.5,good,185.0,2013-08-12 20:32:00,UZ 100069 Tashkent East James,INVALID_JSON_DATA,,,,,,,,,,Tashkent,,100069
954,Amanda Mullins,19.0,Female,,,West Ashley,,2013-11-17 00:00:00,Other,110.0,pending,,,254.0,1980-02-03 00:00:00,"Apartment 13, West Nicholas district, Tashkent, UZ, 100505","{hobbies:['nearly', 'partner']}",,,,,,,,,,Tashkent,West Nicholas,100505
955,Desiree Wade,20.0,Male,54.0,,Liushire,,2012-04-14 00:00:00,Data Science,78.0,active,2.89,excellent,120.0,2009-02-27 00:00:00,"East Susan 21-kv, dom 38, Tashkent","{""hobbies"": [""far"", ""half""], ""skills"": {""tech"": {""python"": 2, ""excel"": 1, ""sql"": 3}, ""soft"": [""evidence"", ""get""]}, ""family"": {""siblings"": 3, ""income"": {""father"": 845, ""mother"": 1126}}, ""devices"": [{""type"": ""laptop"", ""brand"": ""Dell"", ""year"": 2018}, {""type"": ""phone"", ""brand"": ""Xiaomi"", ""year"": 2021}]}","['far', 'half']","[{'type': 'laptop', 'brand': 'Dell', 'year': 2018}, {'type': 'phone', 'brand': 'Xiaomi', 'year': 2021}]",2.0,1.0,3.0,"['evidence', 'get']",3.0,845.0,1126.0,Tashkent,,
956,Ashley Scott,19.0,Female,81.0,+998269103743,Darrellmouth,thomas01@yahoo.com,2012-08-26 00:00:00,Data Science,,pending,4.5,average,64.0,2021-04-02 00:00:00,UZ 100730 Tashkent Lake April,"{""hobbies"": [""again"", ""plan""], ""skills"": {""tech"": {""python"": 1, ""excel"": 5, ""sql"": 2}, ""soft"": [""experience"", ""develop""]}, ""family"": {""siblings"": 2, ""income"": {""father"": 1417, ""mother"": 558}}, ""devices"": [{""type"": ""laptop"", ""brand"": ""Lenovo"", ""year"": 2018}, {""type"": ""phone"", ""brand"": ""Xiaomi"", ""year"": 2022}]}","['again', 'plan']","[{'type': 'laptop', 'brand': 'Lenovo', 'year': 2018}, {'type': 'phone', 'brand': 'Xiaomi', 'year': 2022}]",1.0,5.0,2.0,"['experience', 'develop']",2.0,1417.0,558.0,Tashkent,,100730
957,Mrs. Erica Wright DVM,20.0,Male,84.0,+998159135321,East Patricia,,2002-04-30 00:00:00,Other,76.0,inactive,2.41,excellent,88.0,1984-05-09 00:00:00,"BROKEN,ADDRESS,DATA,,,","{""hobbies"": [""tell"", ""late""], ""skills"": {""tech"": {""python"": 5, ""excel"": 1, ""sql"": 1}, ""soft"": [""paper"", ""according""]}, ""family"": {""siblings"": 4, ""income"": {""father"": 992, ""mother"": 945}}, ""devices"": [{""type"": ""laptop"", ""brand"": ""Dell"", ""year"": 2023}, {""type"": ""phone"", ""brand"": ""Apple"", ""year"": 2021}]}","['tell', 'late']","[{'type': 'laptop', 'brand': 'Dell', 'year': 2023}, {'type': 'phone', 'brand': 'Apple', 'year': 2021}]",5.0,1.0,1.0,"['paper', 'according']",4.0,992.0,945.0,,,
958,Daniel Delacruz,,Male,93.0,+998345122803,South Christopherland,,1971-06-24 00:00:00,Data Science,80.0,pending,-2.0,excellent,157.0,1977-02-25 00:00:00,"7424 Dawn Crossroad Apt. 545, Williamsmouth","{""hobbies"": [""good"", ""which""], ""skills"": {""tech"": {""python"": 3, ""excel"": 4, ""sql"": 1}, ""soft"": [""social"", ""live""]}, ""family"": {""siblings"": 1, ""income"": {""father"": 982, ""mother"": 308}}, ""devices"": [{""type"": ""laptop"", ""brand"": ""Dell"", ""year"": 2019}, {""type"": ""phone"", ""brand"": ""Xiaomi"", ""year"": 2024}]}","['good', 'which']","[{'type': 'laptop', 'brand': 'Dell', 'year': 2019}, {'type': 'phone', 'brand': 'Xiaomi', 'year': 2024}]",3.0,4.0,1.0,"['social', 'live']",1.0,982.0,308.0,Other,,
959,Jasmine Miller,18.0,Unknown,70.0,,Lisaburgh,sarah07@gmail.com,2010-06-22 00:00:00,Data Science,,inactive,3.7,excellent,173.0,1978-08-07 07:15:00,"Evanshaven 13-kv, dom 18, Tashkent","{'hobbies': ['able', 'operation'], 'skills': {'tech': {'python': 3, 'excel': 2, 'sql': 5}, 'soft': ['after', 'thing']}, 'family': {'siblings': 0, 'income': {'father': 500, 'mother': 1493}}, 'devices': [{'type': 'laptop', 'brand': 'HP', 'year': 2023}, {'type': 'phone', 'brand': 'Apple', 'year': 2024}]}","['able', 'operation']","[{'type': 'laptop', 'brand': 'HP', 'year': 2023}, {'type': 'phone', 'brand': 'Apple', 'year': 2024}]",3.0,2.0,5.0,"['after', 'thing']",0.0,500.0,1493.0,Tashkent,,
960,Valerie Cervantes,18.0,Female,,,Hansenport,osullivan@yahoo.com,2014-03-07 00:00:00,Data Science,110.0,active,1.41,excellent,124.0,1991-09-27 00:00:00,"Apartment 6, Moniquefurt district, Tashkent, UZ, 100111","{""hobbies"": [""artist"", ""give""], ""skills"": {""tech"": {""python"": 2, ""excel"": 2, ""sql"": 2}, ""soft"": [""conference"", ""probably""]}, ""family"": {""siblings"": 0, ""income"": {""father"": 1179, ""mother"": 773}}, ""devices"": [{""type"": ""laptop"", ""brand"": ""HP"", ""year"": 2018}, {""type"": ""phone"", ""brand"": ""Samsung"", ""year"": 2022}]}","['artist', 'give']","[{'type': 'laptop', 'brand': 'HP', 'year': 2018}, {'type': 'phone', 'brand': 'Samsung', 'year': 2022}]",2.0,2.0,2.0,"['conference', 'probably']",0.0,1179.0,773.0,Tashkent,Moniquefurt,100111
961,,20.0,Male,91.0,+998620007184,Jonestown,,2021-05-16 12:42:06,Data Science,64.0,pending,4.5,average,133.0,,"Apartment 44, Andreafort district, Tashkent, UZ, 100038","{""hobbies"": [""soldier"", ""interesting""], ""skills"": {""tech"": {""python"": 1, ""excel"": 3, ""sql"": 1}, ""soft"": [""computer"", ""after""]}, ""family"": {""siblings"": 2, ""income"": {""father"": 621, ""mother"": 242}}, ""devices"": [{""type"": ""laptop"", ""brand"": ""Lenovo"", ""year"": 2020}, {""type"": ""phone"", ""brand"": ""Samsung"", ""year"": 2018}]}","['soldier', 'interesting']","[{'type': 'laptop', 'brand': 'Lenovo', 'year': 2020}, {'type': 'phone', 'brand': 'Samsung', 'year': 2018}]",1.0,3.0,1.0,"['computer', 'after']",2.0,621.0,242.0,Tashkent,Andreafort,100038
962,,,Female,94.0,+998800582636,Jamesport,raven66@williams.info,1998-02-10 00:16:50,Data Science,110.0,inactive,3.7,excellent,263.0,,"14283 Jillian Pine Suite 363, Gibsonchester","{'hobbies': ['fact', 'exactly'], 'skills': {'tech': {'python': 3, 'excel': 3, 'sql': 5}, 'soft': ['will', 'prepare']}, 'family': {'siblings': 1, 'income': {'father': 1444, 'mother': 1181}}, 'devices': [{'type': 'laptop', 'brand': 'HP', 'year': 2024}, {'type': 'phone', 'brand': 'Samsung', 'year': 2022}]}","['fact', 'exactly']","[{'type': 'laptop', 'brand': 'HP', 'year': 2024}, {'type': 'phone', 'brand': 'Samsung', 'year': 2022}]",3.0,3.0,5.0,"['will', 'prepare']",1.0,1444.0,1181.0,Other,,
963,Steven Knight,22.0,Female,51.0,+998541999513,North Samantha,smithjoseph@gmail.com,2018-03-28 00:00:00,Data Science,,pending,1.35,excellent,243.0,2017-05-23 00:00:00,"Olsonbury 8-kv, dom 16, Tashkent","{""hobbies"": [""technology"", ""long""], ""skills"": {""tech"": {""python"": 1, ""excel"": 3, ""sql"": 5}, ""soft"": [""happen"", ""activity""]}, ""family"": {""siblings"": 2, ""income"": {""father"": 1418, ""mother"": 825}}, ""devices"": [{""type"": ""laptop"", ""brand"": ""Dell"", ""year"": 2022}, {""type"": ""phone"", ""brand"": ""Samsung"", ""year"": 2018}]}","['technology', 'long']","[{'type': 'laptop', 'brand': 'Dell', 'year': 2022}, {'type': 'phone', 'brand': 'Samsung', 'year': 2018}]",1.0,3.0,5.0,"['happen', 'activity']",2.0,1418.0,825.0,Tashkent,,
964,,22.0,Female,76.0,+998229088874,North Michaelstad,,1983-09-07 00:00:00,Data Science,110.0,inactive,,excellent,237.0,1997-10-09 00:00:00,"Edwardtown 22-kv, dom 5, Tashkent",INVALID_JSON_DATA,,,,,,,,,,Tashkent,,
965,Laura Rhodes,20.0,Female,98.0,+998203925508,New Joe,,1970-03-11 03:21:00,Data Science,,active,,excellent,229.0,1996-11-23 14:42:00,UZ 100945 Tashkent South Glen,INVALID_JSON_DATA,,,,,,,,,,Tashkent,,100945
966,,20.0,Male,90.0,+998062326552,New Dianebury,,2015-04-26 00:00:00,Data Science,110.0,inactive,0.0,average,201.0,1979-03-05 18:41:01,"New Jonathanfort 22-kv, dom 35, Tashkent","{'hobbies': ['fear', 'section'], 'skills': {'tech': {'python': 2, 'excel': 1, 'sql': 1}, 'soft': ['goal', 'short']}, 'family': {'siblings': 1, 'income': {'father': 606, 'mother': 676}}, 'devices': [{'type': 'laptop', 'brand': 'Dell', 'year': 2018}, {'type': 'phone', 'brand': 'Xiaomi', 'year': 2022}]}","['fear', 'section']","[{'type': 'laptop', 'brand': 'Dell', 'year': 2018}, {'type': 'phone', 'brand': 'Xiaomi', 'year': 2022}]",2.0,1.0,1.0,"['goal', 'short']",1.0,606.0,676.0,Tashkent,,
967,,,Male,68.0,+998623790056,New Alexander,,1994-05-26 12:16:00,Data Science,63.0,inactive,4.5,good,179.0,1976-01-09 19:59:08,"Apartment 8, New Cynthia district, Tashkent, UZ, 100877","{'hobbies': ['run', 'without'], 'skills': {'tech': {'python': 4, 'excel': 5, 'sql': 2}, 'soft': ['day', 'he']}, 'family': {'siblings': 4, 'income': {'father': 888, 'mother': 647}}, 'devices': [{'type': 'laptop', 'brand': 'Lenovo', 'year': 2023}, {'type': 'phone', 'brand': 'Xiaomi', 'year': 2023}]}","['run', 'without']","[{'type': 'laptop', 'brand': 'Lenovo', 'year': 2023}, {'type': 'phone', 'brand': 'Xiaomi', 'year': 2023}]",4.0,5.0,2.0,"['day', 'he']",4.0,888.0,647.0,Tashkent,New Cynthia,100877
968,Patricia Young,20.0,Male,67.0,+998177345117,Savannahmouth,,1997-11-26 11:56:00,Data Science,,pending,3.7,,159.0,1977-02-16 00:00:00,"BROKEN,ADDRESS,DATA,,,","{'hobbies': ['who', 'quickly'], 'skills': {'tech': {'python': 1, 'excel': 2, 'sql': 2}, 'soft': ['white', 'these']}, 'family': {'siblings': 1, 'income': {'father': 1116, 'mother': 1181}}, 'devices': [{'type': 'laptop', 'brand': 'HP', 'year': 2020}, {'type': 'phone', 'brand': 'Apple', 'year': 2018}]}","['who', 'quickly']","[{'type': 'laptop', 'brand': 'HP', 'year': 2020}, {'type': 'phone', 'brand': 'Apple', 'year': 2018}]",1.0,2.0,2.0,"['white', 'these']",1.0,1116.0,1181.0,,,
969,Juan Johnson,21.0,Female,90.0,+998449839164,Mcleanchester,,2025-02-10 00:00:00,Other,89.0,inactive,0.0,,245.0,2001-04-27 00:00:00,"BROKEN,ADDRESS,DATA,,,","{'hobbies': ['country', 'main'], 'skills': {'tech': {'python': 5, 'excel': 4, 'sql': 2}, 'soft': ['police', 'either']}, 'family': {'siblings': 5, 'income': {'father': 252, 'mother': 626}}, 'devices': [{'type': 'laptop', 'brand': 'Lenovo', 'year': 2021}, {'type': 'phone', 'brand': 'Apple', 'year': 2018}]}","['country', 'main']","[{'type': 'laptop', 'brand': 'Lenovo', 'year': 2021}, {'type': 'phone', 'brand': 'Apple', 'year': 2018}]",5.0,4.0,2.0,"['police', 'either']",5.0,252.0,626.0,,,
970,,20.0,Female,,+998738172792,Lake Brittneyburgh,steven18@yahoo.com,,Data Science,83.0,active,15.5,average,67.0,2016-05-31 00:00:00,"Apartment 19, Morganburgh district, Tashkent, UZ, 100859",INVALID_JSON_DATA,,,,,,,,,,Tashkent,Morganburgh,100859
971,,,Female,90.0,+998727768849,Valeriemouth,,2017-02-28 18:52:00,Data Science,,active,0.0,excellent,57.0,2002-03-29 14:18:29,UZ 100597 Tashkent Florestown,INVALID_JSON_DATA,,,,,,,,,,Tashkent,,100597
972,Patty Cortez,19.0,Female,,+998874669864,Stephanieberg,jongarcia@yahoo.com,2013-12-10 00:00:00,Data Science,,active,15.5,,117.0,2007-06-19 04:46:47,UZ 100171 Tashkent New Jefferystad,"{""hobbies"": [""something"", ""grow""], ""skills"": {""tech"": {""python"": 4, ""excel"": 2, ""sql"": 4}, ""soft"": [""another"", ""sing""]}, ""family"": {""siblings"": 1, ""income"": {""father"": 1487, ""mother"": 547}}, ""devices"": [{""type"": ""laptop"", ""brand"": ""HP"", ""year"": 2023}, {""type"": ""phone"", ""brand"": ""Apple"", ""year"": 2024}]}","['something', 'grow']","[{'type': 'laptop', 'brand': 'HP', 'year': 2023}, {'type': 'phone', 'brand': 'Apple', 'year': 2024}]",4.0,2.0,4.0,"['another', 'sing']",1.0,1487.0,547.0,Tashkent,,100171
973,,22.0,Male,90.0,+998785812834,Crystalbury,,2019-03-01 12:08:03,Python,87.0,inactive,3.7,excellent,246.0,2011-02-18 10:42:00,UZ 100511 Tashkent West Ericafurt,INVALID_JSON_DATA,,,,,,,,,,Tashkent,,100511
974,,20.0,Unknown,90.0,,Lake Emmamouth,,2012-05-06 00:00:00,Python,76.0,pending,3.7,average,193.0,1994-11-02 09:21:00,"48540 Teresa Walk Suite 843, Jenkinshaven",INVALID_JSON_DATA,,,,,,,,,,Other,,
975,,,Unknown,74.0,,Baileyside,,2006-04-02 16:13:00,Data Science,110.0,active,0.0,,116.0,1973-03-04 00:48:22,UZ 100834 Tashkent Wilsonfurt,"{'hobbies': ['industry', 'face'], 'skills': {'tech': {'python': 1, 'excel': 1, 'sql': 3}, 'soft': ['hour', 'show']}, 'family': {'siblings': 4, 'income': {'father': 364, 'mother': 1242}}, 'devices': [{'type': 'laptop', 'brand': 'Lenovo', 'year': 2020}, {'type': 'phone', 'brand': 'Samsung', 'year': 2023}]}","['industry', 'face']","[{'type': 'laptop', 'brand': 'Lenovo', 'year': 2020}, {'type': 'phone', 'brand': 'Samsung', 'year': 2023}]",1.0,1.0,3.0,"['hour', 'show']",4.0,364.0,1242.0,Tashkent,,100834
976,,,Female,,,New Vincentfurt,,,Data Science,,active,,,147.0,,"Apartment 6, West Patriciaborough district, Tashkent, UZ, 100253","{hobbies:['do', 'they']}",,,,,,,,,,Tashkent,West Patriciaborough,100253
977,Dana Williams,20.0,Female,93.0,+998557387527,Port Andrea,,,Other,113.0,inactive,2.97,average,174.0,1971-06-07 00:00:00,"Apartment 30, Port Jamesland district, Tashkent, UZ, 100655","{'hobbies': ['concern', 'PM'], 'skills': {'tech': {'python': 4, 'excel': 5, 'sql': 5}, 'soft': ['summer', 'option']}, 'family': {'siblings': 2, 'income': {'father': 627, 'mother': 413}}, 'devices': [{'type': 'laptop', 'brand': 'Dell', 'year': 2020}, {'type': 'phone', 'brand': 'Xiaomi', 'year': 2022}]}","['concern', 'PM']","[{'type': 'laptop', 'brand': 'Dell', 'year': 2020}, {'type': 'phone', 'brand': 'Xiaomi', 'year': 2022}]",4.0,5.0,5.0,"['summer', 'option']",2.0,627.0,413.0,Tashkent,Port Jamesland,100655
978,,20.0,Male,63.0,,East Stephanie,scott37@gmail.com,2020-12-16 12:38:51,Data Science,110.0,active,4.5,excellent,152.0,,"253 Hamilton Drives Apt. 911, South Kelsey","{hobbies:['bag', 'go']}",,,,,,,,,,Other,,
979,Susan Flowers,18.0,Female,73.0,+998257590717,Michaelchester,,,Data Science,,active,1.5,,282.0,1976-07-16 00:00:00,"BROKEN,ADDRESS,DATA,,,","{'hobbies': ['teacher', 'rate'], 'skills': {'tech': {'python': 4, 'excel': 5, 'sql': 1}, 'soft': ['memory', 'cultural']}, 'family': {'siblings': 1, 'income': {'father': 975, 'mother': 892}}, 'devices': [{'type': 'laptop', 'brand': 'Lenovo', 'year': 2021}, {'type': 'phone', 'brand': 'Xiaomi', 'year': 2018}]}","['teacher', 'rate']","[{'type': 'laptop', 'brand': 'Lenovo', 'year': 2021}, {'type': 'phone', 'brand': 'Xiaomi', 'year': 2018}]",4.0,5.0,1.0,"['memory', 'cultural']",1.0,975.0,892.0,,,
980,John Reed,18.0,Male,56.0,,Cookstad,,2017-09-21 00:00:00,Other,90.0,inactive,15.5,average,231.0,2016-01-28 00:00:00,"BROKEN,ADDRESS,DATA,,,","{'hobbies': ['career', 'term'], 'skills': {'tech': {'python': 5, 'excel': 1, 'sql': 5}, 'soft': ['appear', 'body']}, 'family': {'siblings': 2, 'income': {'father': 1487, 'mother': 1460}}, 'devices': [{'type': 'laptop', 'brand': 'Dell', 'year': 2019}, {'type': 'phone', 'brand': 'Apple', 'year': 2020}]}","['career', 'term']","[{'type': 'laptop', 'brand': 'Dell', 'year': 2019}, {'type': 'phone', 'brand': 'Apple', 'year': 2020}]",5.0,1.0,5.0,"['appear', 'body']",2.0,1487.0,1460.0,,,
981,David Price,20.0,Male,,,South Shawn,,2022-09-29 00:00:00,Other,,active,4.5,excellent,74.0,2021-11-17 00:00:00,"Apartment 28, Heatherville district, Tashkent, UZ, 100202","{'hobbies': ['themselves', 'work'], 'skills': {'tech': {'python': 1, 'excel': 1, 'sql': 1}, 'soft': ['third', 'radio']}, 'family': {'siblings': 3, 'income': {'father': 1229, 'mother': 563}}, 'devices': [{'type': 'laptop', 'brand': 'Dell', 'year': 2021}, {'type': 'phone', 'brand': 'Xiaomi', 'year': 2019}]}","['themselves', 'work']","[{'type': 'laptop', 'brand': 'Dell', 'year': 2021}, {'type': 'phone', 'brand': 'Xiaomi', 'year': 2019}]",1.0,1.0,1.0,"['third', 'radio']",3.0,1229.0,563.0,Tashkent,Heatherville,100202
982,Richard Stewart,20.0,Male,,+998633887441,West Brett,,1996-01-08 01:46:36,Data Science,85.0,pending,3.76,average,252.0,1984-07-16 22:14:00,"08244 Richard Hill, Juliaburgh","{""hobbies"": [""store"", ""over""], ""skills"": {""tech"": {""python"": 4, ""excel"": 5, ""sql"": 2}, ""soft"": [""force"", ""its""]}, ""family"": {""siblings"": 1, ""income"": {""father"": 593, ""mother"": 1029}}, ""devices"": [{""type"": ""laptop"", ""brand"": ""Dell"", ""year"": 2016}, {""type"": ""phone"", ""brand"": ""Apple"", ""year"": 2019}]}","['store', 'over']","[{'type': 'laptop', 'brand': 'Dell', 'year': 2016}, {'type': 'phone', 'brand': 'Apple', 'year': 2019}]",4.0,5.0,2.0,"['force', 'its']",1.0,593.0,1029.0,Other,,
983,Heather Morton,21.0,Female,90.0,,East Blakeburgh,ashleyhardy@hotmail.com,1983-12-16 00:00:00,Data Science,110.0,pending,0.0,,170.0,1978-10-14 00:00:00,"BROKEN,ADDRESS,DATA,,,","{""hobbies"": [""beat"", ""order""], ""skills"": {""tech"": {""python"": 2, ""excel"": 5, ""sql"": 1}, ""soft"": [""crime"", ""need""]}, ""family"": {""siblings"": 3, ""income"": {""father"": 1163, ""mother"": 833}}, ""devices"": [{""type"": ""laptop"", ""brand"": ""Lenovo"", ""year"": 2023}, {""type"": ""phone"", ""brand"": ""Samsung"", ""year"": 2021}]}","['beat', 'order']","[{'type': 'laptop', 'brand': 'Lenovo', 'year': 2023}, {'type': 'phone', 'brand': 'Samsung', 'year': 2021}]",2.0,5.0,1.0,"['crime', 'need']",3.0,1163.0,833.0,,,
984,Thomas Camacho,18.0,Female,63.0,+998337651483,East Apriltown,kristina81@barr-morgan.biz,2012-05-13 00:00:00,Data Science,79.0,pending,4.5,excellent,227.0,1980-11-17 00:00:00,UZ 100095 Tashkent East Erinburgh,"{'hobbies': ['create', 'degree'], 'skills': {'tech': {'python': 2, 'excel': 5, 'sql': 2}, 'soft': ['mother', 'late']}, 'family': {'siblings': 4, 'income': {'father': 588, 'mother': 1100}}, 'devices': [{'type': 'laptop', 'brand': 'HP', 'year': 2016}, {'type': 'phone', 'brand': 'Apple', 'year': 2022}]}","['create', 'degree']","[{'type': 'laptop', 'brand': 'HP', 'year': 2016}, {'type': 'phone', 'brand': 'Apple', 'year': 2022}]",2.0,5.0,2.0,"['mother', 'late']",4.0,588.0,1100.0,Tashkent,,100095
985,,,Unknown,,+998626664003,North Dawnstad,,2021-03-12 00:00:00,Data Science,110.0,active,-2.0,excellent,128.0,1998-12-04 18:51:00,"Apartment 11, Natalietown district, Tashkent, UZ, 100409","{hobbies:['morning', 'production']}",,,,,,,,,,Tashkent,Natalietown,100409
986,,20.0,Male,,+998243248257,Murrayfort,,2019-08-09 01:16:30,Other,110.0,active,15.5,excellent,108.0,,UZ 100367 Tashkent New Annton,"{'hobbies': ['reveal', 'fund'], 'skills': {'tech': {'python': 1, 'excel': 3, 'sql': 1}, 'soft': ['wrong', 'finally']}, 'family': {'siblings': 5, 'income': {'father': 768, 'mother': 329}}, 'devices': [{'type': 'laptop', 'brand': 'Lenovo', 'year': 2021}, {'type': 'phone', 'brand': 'Apple', 'year': 2023}]}","['reveal', 'fund']","[{'type': 'laptop', 'brand': 'Lenovo', 'year': 2021}, {'type': 'phone', 'brand': 'Apple', 'year': 2023}]",1.0,3.0,1.0,"['wrong', 'finally']",5.0,768.0,329.0,Tashkent,,100367
987,Kathy Smith,,Male,,,South Katherineton,,2021-01-15 00:00:00,Other,110.0,inactive,-2.0,,149.0,1994-05-15 10:14:57,"Andersonville 26-kv, dom 42, Tashkent","{'hobbies': ['up', 'quality'], 'skills': {'tech': {'python': 2, 'excel': 1, 'sql': 4}, 'soft': ['almost', 'offer']}, 'family': {'siblings': 1, 'income': {'father': 1030, 'mother': 1243}}, 'devices': [{'type': 'laptop', 'brand': 'HP', 'year': 2020}, {'type': 'phone', 'brand': 'Samsung', 'year': 2022}]}","['up', 'quality']","[{'type': 'laptop', 'brand': 'HP', 'year': 2020}, {'type': 'phone', 'brand': 'Samsung', 'year': 2022}]",2.0,1.0,4.0,"['almost', 'offer']",1.0,1030.0,1243.0,Tashkent,,
988,,,Female,90.0,,Tammymouth,alisoncohen@gmail.com,,Data Science,67.0,pending,-2.0,excellent,97.0,,"38142 Price Shoals Suite 938, Port Kevintown","{'hobbies': ['main', 'sister'], 'skills': {'tech': {'python': 1, 'excel': 1, 'sql': 5}, 'soft': ['worker', 'charge']}, 'family': {'siblings': 3, 'income': {'father': 519, 'mother': 425}}, 'devices': [{'type': 'laptop', 'brand': 'Lenovo', 'year': 2020}, {'type': 'phone', 'brand': 'Xiaomi', 'year': 2020}]}","['main', 'sister']","[{'type': 'laptop', 'brand': 'Lenovo', 'year': 2020}, {'type': 'phone', 'brand': 'Xiaomi', 'year': 2020}]",1.0,1.0,5.0,"['worker', 'charge']",3.0,519.0,425.0,Other,,
989,Robert Knight,22.0,Female,88.0,+998661550062,Micheleshire,,2024-04-05 00:00:00,Data Science,110.0,pending,,average,215.0,2005-10-30 00:00:00,"7190 Myers Loaf Apt. 911, Dennisville","{""hobbies"": [""similar"", ""seem""], ""skills"": {""tech"": {""python"": 3, ""excel"": 2, ""sql"": 3}, ""soft"": [""resource"", ""performance""]}, ""family"": {""siblings"": 0, ""income"": {""father"": 774, ""mother"": 1169}}, ""devices"": [{""type"": ""laptop"", ""brand"": ""HP"", ""year"": 2023}, {""type"": ""phone"", ""brand"": ""Apple"", ""year"": 2018}]}","['similar', 'seem']","[{'type': 'laptop', 'brand': 'HP', 'year': 2023}, {'type': 'phone', 'brand': 'Apple', 'year': 2018}]",3.0,2.0,3.0,"['resource', 'performance']",0.0,774.0,1169.0,Other,,
990,Anthony Bradford,21.0,Male,85.0,,South Anna,,2021-09-26 00:00:00,Other,,inactive,15.5,average,55.0,1980-10-01 00:00:00,UZ 100994 Tashkent Samanthamouth,INVALID_JSON_DATA,,,,,,,,,,Tashkent,,100994
991,,,Male,74.0,+998936099211,Luismouth,srogers@hotmail.com,1981-08-07 20:47:00,Other,116.0,pending,15.5,excellent,98.0,2004-07-20 00:00:00,"Brianborough 12-kv, dom 21, Tashkent",INVALID_JSON_DATA,,,,,,,,,,Tashkent,,
992,,21.0,Female,73.0,+998456224455,East Rebeccashire,,1990-07-13 00:00:00,Data Science,75.0,active,,excellent,140.0,2008-10-22 00:00:00,"1137 Victor Garden, Crosbymouth","{hobbies:['level', 'owner']}",,,,,,,,,,Other,,
993,Lisa Gardner,19.0,Female,90.0,+998336462330,West Laurieshire,,2017-07-21 00:00:00,Other,,pending,3.7,average,253.0,1985-05-26 16:20:56,"New Karenborough 13-kv, dom 30, Tashkent","{hobbies:['address', 'feel']}",,,,,,,,,,Tashkent,,
994,,18.0,Unknown,,+998230512679,Matthewton,,2011-03-11 19:46:31,Other,110.0,pending,,excellent,227.0,2000-10-15 19:37:43,"18583 Ross Landing Suite 657, Kellyfurt",INVALID_JSON_DATA,,,,,,,,,,Other,,
995,Kelly Martin,20.0,Male,90.0,,Teresaville,,2005-02-26 23:42:53,Data Science,110.0,active,3.07,good,160.0,1976-03-31 00:00:00,"Apartment 40, Port Ashley district, Tashkent, UZ, 100498","{hobbies:['understand', 'support']}",,,,,,,,,,Tashkent,Port Ashley,100498
996,Gary Sawyer,22.0,Female,,,Gabriellefurt,amy97@woodard.net,1992-11-13 00:00:00,Data Science,,inactive,,excellent,64.0,2007-10-14 18:53:00,"Apartment 12, Laurenhaven district, Tashkent, UZ, 100254","{'hobbies': ['collection', 'his'], 'skills': {'tech': {'python': 3, 'excel': 5, 'sql': 1}, 'soft': ['increase', 'everything']}, 'family': {'siblings': 5, 'income': {'father': 1382, 'mother': 1335}}, 'devices': [{'type': 'laptop', 'brand': 'Dell', 'year': 2017}, {'type': 'phone', 'brand': 'Xiaomi', 'year': 2019}]}","['collection', 'his']","[{'type': 'laptop', 'brand': 'Dell', 'year': 2017}, {'type': 'phone', 'brand': 'Xiaomi', 'year': 2019}]",3.0,5.0,1.0,"['increase', 'everything']",5.0,1382.0,1335.0,Tashkent,Laurenhaven,100254
997,Scott Clark,20.0,Unknown,,+998050658737,Rogerborough,katiepage@hensley.com,2024-10-05 00:00:00,Data Science,,pending,3.7,,143.0,2021-06-21 07:46:27,"Patrickmouth 4-kv, dom 6, Tashkent",INVALID_JSON_DATA,,,,,,,,,,Tashkent,,
998,,20.0,Male,,+998645778585,South Mary,,2021-11-19 02:23:00,Data Science,95.0,inactive,-2.0,excellent,79.0,1975-05-11 00:00:00,"Apartment 38, New Brendan district, Tashkent, UZ, 100394","{'hobbies': ['street', 'read'], 'skills': {'tech': {'python': 1, 'excel': 4, 'sql': 4}, 'soft': ['dinner', 'while']}, 'family': {'siblings': 5, 'income': {'father': 1285, 'mother': 1005}}, 'devices': [{'type': 'laptop', 'brand': 'HP', 'year': 2020}, {'type': 'phone', 'brand': 'Xiaomi', 'year': 2024}]}","['street', 'read']","[{'type': 'laptop', 'brand': 'HP', 'year': 2020}, {'type': 'phone', 'brand': 'Xiaomi', 'year': 2024}]",1.0,4.0,4.0,"['dinner', 'while']",5.0,1285.0,1005.0,Tashkent,New Brendan,100394
999,Brittany Barrett,21.0,Female,86.0,+998181327207,Port Rachael,,,Data Science,110.0,active,3.06,average,238.0,2015-05-24 00:00:00,"25998 Martinez Grove Apt. 473, West Scott","{'hobbies': ['game', 'total'], 'skills': {'tech': {'python': 2, 'excel': 2, 'sql': 1}, 'soft': ['present', 'cup']}, 'family': {'siblings': 3, 'income': {'father': 541, 'mother': 571}}, 'devices': [{'type': 'laptop', 'brand': 'Dell', 'year': 2022}, {'type': 'phone', 'brand': 'Samsung', 'year': 2019}]}","['game', 'total']","[{'type': 'laptop', 'brand': 'Dell', 'year': 2022}, {'type': 'phone', 'brand': 'Samsung', 'year': 2019}]",2.0,2.0,1.0,"['present', 'cup']",3.0,541.0,571.0,Other,,
1000,,20.0,Unknown,90.0,+998867548735,Dariusborough,,,Other,70.0,inactive,4.5,excellent,224.0,2015-06-27 08:04:00,"Apartment 24, Grossbury district, Tashkent, UZ, 100222",INVALID_JSON_DATA,,,,,,,,,,Tashkent,Grossbury,100222
